# .PCD v0.7 - Point Cloud Data file format
VERSION 0.7
FIELDS x y z rgb
SIZE 4 4 4 4
TYPE F F F U
COUNT 1 1 1 1
WIDTH 18911
HEIGHT 1
VIEWPOINT 0 0 0 1 0 0 0
POINTS 18911
DATA ascii
-1.0841788 0.8152616 1.8866915 10197915
-1.0739684 0.81526285 1.8866943 10197915
-1.0637549 0.81526166 1.8866915 10197915
-1.0535434 0.81526214 1.8866926 10197915
-1.045037 0.81526506 1.8866994 10197915
-1.0365237 0.8152625 1.8866934 10197915
-1.0263115 0.81526238 1.8866931 10197915
-1.0161 0.81526285 1.8866943 10197915
-1.0058888 0.81526357 1.8866959 10197915
-0.99567467 0.81526184 1.8866917 10197915
-0.98546249 0.81526178 1.8866917 10197915
-0.97524995 0.8152613 1.8866907 10197915
-0.96503782 0.81526119 1.8866905 10197915
-0.9548285 0.81526357 1.8866957 10197915
-0.94461322 0.81526071 1.8866893 10197915
-0.93440241 0.81526184 1.8866919 10197915
-0.92419094 0.81526232 1.886693 10197915
-0.91397834 0.8152619 1.886692 10197915
-0.90376621 0.81526184 1.8866919 10197915
-0.8935535 0.81526119 1.8866905 10197915
-0.88504547 0.81526303 1.8866947 10197915
-0.87653309 0.81526089 1.8866897 10197915
-0.86632282 0.8152625 1.8866935 10197915
-0.85611075 0.8152625 1.8866934 10197915
-0.84589815 0.81526202 1.8866924 10197915
-0.83568603 0.81526202 1.886692 10197915
-0.82547468 0.81526262 1.8866936 10197915
-0.81526309 0.81526309 1.8866948 10197915
-0.80504936 0.81526136 1.8866907 10197915
-0.79483742 0.81526154 1.8866911 10197915
-0.78462744 0.81526357 1.8866959 10197915
-0.77441269 0.81526083 1.8866895 10197915
-0.7642017 0.81526202 1.8866922 10197915
-0.75399065 0.81526303 1.8866946 10197915
-0.7437771 0.81526136 1.8866907 10197915
-0.73356551 0.8152619 1.886692 10197915
-0.72505546 0.81526184 1.8866918 10197915
-0.71654749 0.81526428 1.8866974 10197915
-0.70633221 0.81526059 1.8866888 10197915
-0.69612199 0.81526262 1.8866938 10197915
-0.68591076 0.81526375 1.8866963 10197915
-0.67569751 0.81526214 1.8866926 10197915
-0.66548496 0.81526154 1.8866912 10197915
-0.65527421 0.81526327 1.886695 10197915
-0.64506167 0.81526262 1.8866936 10197915
-0.63484877 0.81526166 1.8866915 10197915
-0.62463713 0.81526208 1.8866925 10197915
-0.61442631 0.81526369 1.886696 10197915
-0.60421228 0.81526107 1.8866901 10197915
-0.59400177 0.81526309 1.8866949 10197915
-0.58379012 0.81526381 1.8866965 10197915
-0.57357651 0.81526154 1.8866912 10197915
-0.56506693 0.8152622 1.8866926 10197915
-0.5565573 0.81526279 1.8866941 10197915
-0.5463438 0.81526065 1.8866892 10197915
-0.53613204 0.81526119 1.8866903 10197915
-0.5259214 0.81526327 1.8866953 10197915
-0.51570767 0.81526071 1.8866892 10197915
-0.50549662 0.81526226 1.8866926 10197915
-0.49528518 0.81526327 1.8866953 10197915
-0.48507223 0.81526178 1.8866916 8553090
-0.4748598 0.81526113 1.8866901 4013373
-0.46464789 0.81526136 1.8866906 3684408
-0.45443526 0.81526023 1.8866882 3684408
-0.44422325 0.81526023 1.8866882 3684408
-0.43401122 0.81526023 1.8866882 3684408
-0.42379916 0.81526023 1.8866882 3684408
-0.41358718 0.81526023 1.8866882 3684408
-0.40507713 0.81526029 1.8866882 3684408
-0.39656711 0.81526023 1.8866882 3684408
-0.38635507 0.81526023 1.8866882 3684408
-0.37614307 0.81526023 1.8866882 3684408
-0.36593103 0.81526023 1.8866882 3684408
-0.35571897 0.81526023 1.8866882 3684408
-0.345507 0.81526023 1.8866882 3684408
-0.33529496 0.81526023 1.8866882 3684408
-0.3250829 0.81526023 1.8866882 3684408
-0.31487086 0.81526023 1.8866882 3684408
-0.30465886 0.81526023 1.8866882 3684408
-0.29444683 0.81526023 1.8866882 3684408
-0.28423479 0.81526023 1.8866882 3684408
-0.27402279 0.81526023 1.8866882 3684408
-0.26381072 0.81526023 1.8866882 3684408
-0.25359869 0.81526023 1.8866882 3684408
-0.2450887 0.81526029 1.8866882 3684408
-0.23657866 0.81526023 1.8866882 3684408
-0.22636664 0.81526023 1.8866882 3684408
-0.21615459 0.81526023 1.8866882 3684408
-0.20594257 0.81526023 1.8866882 3684408
-0.19573055 0.81526023 1.8866882 3684408
-0.18551852 0.81526023 1.8866882 3684408
-0.17530648 0.81526023 1.8866882 3684408
-0.16509447 0.81526023 1.8866882 3684408
-0.15488243 0.81526023 1.8866882 3684408
-0.14467041 0.81526023 1.8866882 3684408
-0.13445838 0.81526023 1.8866882 3684408
-0.12424634 0.81526023 1.8866882 3684408
-0.11403432 0.81526023 1.8866882 3684408
-0.10382229 0.81526023 1.8866882 3684408
-0.093610257 0.81526023 1.8866882 3684408
-0.085100234 0.81526029 1.8866882 3684408
-0.07659021 0.81526023 1.8866882 3684408
-0.066378184 0.81526023 1.8866882 3684408
-0.056166157 0.81526023 1.8866882 3684408
-0.045954127 0.81526023 1.8866882 3684408
-0.0357421 0.81526023 1.8866882 3684408
-0.02553007 0.81526023 1.8866882 3684408
-0.015318043 0.81526023 1.8866882 3684408
-0.0051060137 0.81526023 1.8866882 3684408
0.0051060142 0.81526023 1.8866882 3684408
0.015318043 0.81526023 1.8866882 3684408
0.025530072 0.81526023 1.8866882 3684408
0.0357421 0.81526023 1.8866882 3684408
0.045954127 0.81526023 1.8866882 3684408
0.056166157 0.81526023 1.8866882 3684408
0.066378184 0.81526023 1.8866882 3684408
0.076590218 0.81526023 1.8866882 3684408
0.085100234 0.81526029 1.8866882 3684408
0.093610264 0.81526023 1.8866882 3684408
0.10382229 0.81526023 1.8866882 3684408
0.11403432 0.81526023 1.8866882 3684408
0.1242466 0.8152619 1.886692 3684408
0.13445865 0.8152619 1.886692 3684408
0.1446707 0.8152619 1.886692 3684408
0.15488274 0.8152619 1.886692 3684408
0.16509479 0.8152619 1.886692 3684408
0.17530684 0.8152619 1.886692 3684408
0.18551891 0.8152619 1.886692 3684408
0.19573094 0.8152619 1.886692 3684408
0.20594299 0.8152619 1.886692 3684408
0.21615505 0.8152619 1.886692 3684408
0.22636707 0.8152619 1.886692 3684408
0.23657914 0.8152619 1.886692 3684408
0.24508917 0.8152619 1.886692 3684408
0.25359923 0.8152619 1.886692 3684408
0.26381126 0.8152619 1.886692 3684408
0.27402332 0.8152619 1.886692 3684408
0.28423536 0.8152619 1.886692 3684408
0.29444742 0.8152619 1.886692 3684408
0.30465946 0.8152619 1.886692 3684408
0.31487152 0.8152619 1.886692 3684408
0.32508358 0.8152619 1.886692 3684408
0.33529559 0.8152619 1.886692 3684408
0.34550765 0.8152619 1.886692 3684408
0.35571972 0.8152619 1.886692 3684408
0.36593175 0.8152619 1.886692 3684408
0.37614381 0.8152619 1.886692 3684408
0.38635588 0.8152619 1.886692 3684408
0.39656791 0.8152619 1.886692 3684408
0.40507793 0.8152619 1.886692 3684408
0.41358796 0.8152619 1.886692 3684408
0.42380002 0.8152619 1.886692 3684408
0.43401209 0.8152619 1.886692 3684408
0.44422412 0.8152619 1.886692 3684408
0.45443618 0.8152619 1.886692 3684408
0.46464825 0.8152619 1.886692 3684408
0.47486028 0.8152619 1.886692 3684408
0.48507234 0.8152619 1.886692 3684408
0.49528441 0.8152619 1.886692 3684408
0.50549644 0.8152619 1.886692 3684408
0.51570851 0.8152619 1.886692 3684408
0.52592051 0.8152619 1.886692 3684408
0.53613257 0.8152619 1.886692 3684408
0.54634464 0.8152619 1.886692 3684408
0.5565567 0.8152619 1.886692 3684408
0.5650667 0.8152619 1.886692 3684408
0.57357675 0.8152619 1.886692 3684408
0.58378881 0.8152619 1.886692 3684408
0.59400088 0.8152619 1.886692 3684408
0.60421294 0.8152619 1.886692 3684408
0.61442494 0.8152619 1.886692 3684408
0.62463701 0.8152619 1.886692 3684408
0.63484907 0.8152619 1.886692 3684408
0.64506108 0.8152619 1.886692 3684408
0.65527314 0.8152619 1.886692 3684408
0.6654852 0.8152619 1.886692 3684408
0.67569727 0.8152619 1.886692 3684408
0.68590927 0.8152619 1.886692 3684408
0.69612139 0.8152619 1.886692 3684408
0.7063334 0.8152619 1.886692 3684408
0.7165454 0.8152619 1.886692 3684408
0.72505552 0.8152619 1.886692 3684408
0.73356551 0.8152619 1.886692 3684408
0.74377757 0.8152619 1.886692 3684408
0.75398964 0.8152619 1.886692 3684408
0.7642017 0.8152619 1.886692 3684408
0.77441376 0.8152619 1.886692 3684408
0.78462577 0.8152619 1.886692 3684408
0.79483777 0.8152619 1.886692 3684408
0.8050499 0.8152619 1.886692 3684408
0.8152619 0.8152619 1.886692 3684408
0.82547396 0.8152619 1.886692 3684408
0.83568603 0.8152619 1.886692 3684408
0.84589809 0.8152619 1.886692 3684408
0.8561101 0.8152619 1.886692 3684408
0.86632222 0.8152619 1.886692 3684408
0.87653422 0.8152619 1.886692 3684408
0.88504428 0.8152619 1.886692 3684408
0.89355427 0.8152619 1.886692 3684408
0.90376633 0.8152619 1.886692 3684408
0.9139784 0.8152619 1.886692 3684408
0.92419046 0.8152619 1.886692 3684408
0.93440247 0.8152619 1.886692 3684408
0.94461459 0.8152619 1.886692 3684408
0.95482659 0.8152619 1.886692 3684408
0.9650386 0.8152619 1.886692 3684408
0.97525072 0.8152619 1.886692 3684408
0.98546273 0.8152619 1.886692 3684408
0.99567479 0.8152619 1.886692 3684408
1.0058867 0.8152619 1.886692 3684408
1.0160989 0.8152619 1.886692 3684408
1.0263109 0.8152619 1.886692 3684408
1.036523 0.8152619 1.886692 3684408
1.045033 0.8152619 1.886692 3684408
1.0535431 0.8152619 1.886692 3684408
1.0637552 0.8152619 1.886692 3684408
1.0739673 0.8152619 1.886692 3684408
1.0841793 0.8152619 1.886692 3684408
-1.0919259 0.80953127 1.8971945 10197915
-1.0850824 0.80953312 1.8971988 10197915
-1.0765225 0.80953121 1.8971945 10197915
-1.0662549 0.80953217 1.8971967 10197915
-1.0559857 0.80953199 1.8971962 10197915
-1.0457176 0.80953246 1.8971974 10197915
-1.0354477 0.80953175 1.8971958 10197915
-1.0251778 0.80953103 1.897194 10197915
-1.0149111 0.80953264 1.8971977 10197915
-1.00464 0.80953091 1.8971936 10197915
-0.99437279 0.80953234 1.8971971 10197915
-0.98410034 0.80952954 1.8971905 10197915
-0.97383338 0.80953115 1.8971943 10197915
-0.96356565 0.80953199 1.8971963 10197915
-0.95500612 0.80953026 1.8971922 10197915
-0.94644827 0.80952996 1.8971914 10197915
-0.93618041 0.80953079 1.8971934 10197915
-0.92591339 0.8095324 1.8971972 10197915
-0.91564125 0.80952954 1.8971905 10197915
-0.90537524 0.80953211 1.8971964 10197915
-0.89510614 0.80953199 1.8971962 10197915
-0.88483602 0.80953091 1.8971936 10197915
-0.87456816 0.80953175 1.8971957 10197915
-0.86429852 0.80953103 1.8971939 10197915
-0.85403013 0.80953163 1.8971953 10197915
-0.84376049 0.80953091 1.8971936 10197915
-0.83349162 0.80953091 1.8971936 10197915
-0.82493544 0.80953211 1.8971965 10197915
-0.81637669 0.80953079 1.8971934 10197915
-0.80610824 0.80953121 1.8971943 10197915
-0.79583931 0.80953115 1.8971943 10197915
-0.7855708 0.80953151 1.8971952 10197915
-0.77530116 0.80953079 1.8971934 10197915
-0.76503229 0.80953079 1.8971934 10197915
-0.75476521 0.80953282 1.8971981 10197915
-0.7444942 0.80953044 1.8971926 10197915
-0.73422623 0.80953151 1.897195 10197915
-0.72395772 0.80953187 1.8971959 10197915
-0.71368879 0.80953187 1.8971959 10197915
-0.7051304 0.80953074 1.8971933 10197915
-0.69657344 0.80953127 1.8971945 10197915
-0.6863057 0.8095327 1.8971978 10197915
-0.67603463 0.80953002 1.8971916 10197915
-0.66576689 0.80953139 1.8971949 10197915
-0.65549874 0.80953234 1.8971971 10197915
-0.64522892 0.80953121 1.8971945 10197915
-0.63495994 0.80953115 1.897194 10197915
-0.62469131 0.80953151 1.8971952 10197915
-0.61442322 0.80953246 1.8971974 10197915
-0.60415298 0.80953074 1.8971934 10197915
-0.59388441 0.80953121 1.8971943 10197915
-0.58361739 0.80953389 1.8972006 10197915
-0.57505745 0.80953026 1.8971922 10197915
-0.5665009 0.80953151 1.8971952 10197915
-0.55623168 0.80953103 1.8971939 10197915
-0.54596263 0.80953079 1.8971936 10197915
-0.53569371 0.80953074 1.8971933 10197915
-0.52542579 0.80953217 1.8971967 10197915
-0.51515543 0.80953002 1.8971915 10197915
-0.50488681 0.80953044 1.8971925 10197915
-0.4946188 0.80953187 1.8971958 10197915
-0.48434862 0.8095296 1.8971907 8618883
-0.47408023 0.8095305 1.8971928 4276545
-0.46381232 0.80953217 1.8971968 3684408
-0.45354223 0.80953008 1.8971916 3684408
-0.44498354 0.80952775 1.8971863 3684408
-0.43642616 0.8095277 1.8971863 3684408
-0.42615733 0.8095277 1.8971863 3684408
-0.41588846 0.8095277 1.8971863 3684408
-0.40561962 0.8095277 1.8971863 3684408
-0.39535078 0.8095277 1.8971863 3684408
-0.38508192 0.8095277 1.8971863 3684408
-0.37481308 0.8095277 1.8971863 3684408
-0.36454424 0.8095277 1.8971863 3684408
-0.35427535 0.8095277 1.8971863 3684408
-0.34400651 0.8095277 1.8971863 3684408
-0.3337377 0.8095277 1.8971863 3684408
-0.3234688 0.8095277 1.8971863 3684408
-0.31491143 0.80952775 1.8971863 3684408
-0.30635405 0.8095277 1.8971863 3684408
-0.29608521 0.8095277 1.8971863 3684408
-0.28581634 0.8095277 1.8971863 3684408
-0.2755475 0.8095277 1.8971863 3684408
-0.26527867 0.8095277 1.8971863 3684408
-0.2550098 0.8095277 1.8971863 3684408
-0.24474095 0.8095277 1.8971863 3684408
-0.2344721 0.8095277 1.8971863 3684408
-0.22420324 0.8095277 1.8971863 3684408
-0.21393441 0.8095277 1.8971863 3684408
-0.20366554 0.8095277 1.8971863 3684408
-0.19510818 0.80952775 1.8971863 3684408
-0.18655078 0.8095277 1.8971863 3684408
-0.17628194 0.8095277 1.8971863 3684408
-0.16601309 0.8095277 1.8971863 3684408
-0.15574424 0.8095277 1.8971863 3684408
-0.14547539 0.8095277 1.8971863 3684408
-0.13520654 0.8095277 1.8971863 3684408
-0.12493769 0.8095277 1.8971863 3684408
-0.11466884 0.8095277 1.8971863 3684408
-0.10439998 0.8095277 1.8971863 3684408
-0.094131134 0.8095277 1.8971863 3684408
-0.083862282 0.8095277 1.8971863 3684408
-0.073593438 0.8095277 1.8971863 3684408
-0.065036058 0.80952775 1.8971863 3684408
-0.056478679 0.8095277 1.8971863 3684408
-0.046209827 0.8095277 1.8971863 3684408
-0.035940979 0.8095277 1.8971863 3684408
-0.025672128 0.8095277 1.8971863 3684408
-0.015403275 0.8095277 1.8971863 3684408
-0.0051344256 0.8095277 1.8971863 3684408
0.0051344256 0.8095277 1.8971863 3684408
0.015403275 0.8095277 1.8971863 3684408
0.025672128 0.8095277 1.8971863 3684408
0.035940979 0.8095277 1.8971863 3684408
0.046209831 0.8095277 1.8971863 3684408
0.056478679 0.8095277 1.8971863 3684408
0.065036058 0.80952775 1.8971863 3684408
0.07359343 0.8095277 1.8971863 3684408
0.083862282 0.8095277 1.8971863 3684408
0.094131134 0.8095277 1.8971863 3684408
0.10439998 0.8095277 1.8971863 3684408
0.11466884 0.8095277 1.8971863 3684408
0.12493769 0.8095277 1.8971863 3684408
0.13520682 0.80952936 1.8971901 3684408
0.14547569 0.80952936 1.8971901 3684408
0.15574455 0.80952936 1.8971901 3684408
0.16601342 0.80952936 1.8971901 3684408
0.1762823 0.80952936 1.8971901 3684408
0.18655117 0.80952936 1.8971901 3684408
0.19510856 0.80952936 1.8971901 3684408
0.20366597 0.80952936 1.8971901 3684408
0.21393482 0.80952936 1.8971901 3684408
0.22420371 0.80952936 1.8971901 3684408
0.23447257 0.80952936 1.8971901 3684408
0.24474144 0.80952936 1.8971901 3684408
0.25501031 0.80952936 1.8971901 3684408
0.26527917 0.80952936 1.8971901 3684408
0.27554807 0.80952936 1.8971901 3684408
0.28581694 0.80952936 1.8971901 3684408
0.2960858 0.80952936 1.8971901 3684408
0.30635467 0.80952936 1.8971901 3684408
0.31491208 0.80952936 1.8971901 3684408
0.32346943 0.80952936 1.8971901 3684408
0.33373833 0.80952936 1.8971901 3684408
0.34400722 0.80952936 1.8971901 3684408
0.35427606 0.80952936 1.8971901 3684408
0.36454496 0.80952936 1.8971901 3684408
0.3748138 0.80952936 1.8971901 3684408
0.38508269 0.80952936 1.8971901 3684408
0.39535156 0.80952936 1.8971901 3684408
0.40562046 0.80952936 1.8971901 3684408
0.41588929 0.80952936 1.8971901 3684408
0.42615819 0.80952936 1.8971901 3684408
0.43642703 0.80952936 1.8971901 3684408
0.44498444 0.80952936 1.8971901 3684408
0.45354185 0.80952936 1.8971901 3684408
0.46381068 0.80952936 1.8971901 3684408
0.47407958 0.80952936 1.8971901 3684408
0.48434845 0.80952936 1.8971901 3684408
0.49461734 0.80952936 1.8971901 3684408
0.50488621 0.80952936 1.8971901 3684408
0.51515508 0.80952936 1.8971901 3684408
0.52542394 0.80952936 1.8971901 3684408
0.53569281 0.80952936 1.8971901 3684408
0.54596168 0.80952936 1.8971901 3684408
0.55623055 0.80952936 1.8971901 3684408
0.56649941 0.80952936 1.8971901 3684408
0.57505679 0.80952936 1.8971901 3684408
0.58361417 0.80952936 1.8971901 3684408
0.5938831 0.80952936 1.8971901 3684408
0.60415196 0.80952936 1.8971901 3684408
0.61442083 0.80952936 1.8971901 3684408
0.6246897 0.80952936 1.8971901 3684408
0.63495857 0.80952936 1.8971901 3684408
0.64522743 0.80952936 1.8971901 3684408
0.6554963 0.80952936 1.8971901 3684408
0.66576517 0.80952936 1.8971901 3684408
0.67603403 0.80952936 1.8971901 3684408
0.6863029 0.80952936 1.8971901 3684408
0.69657183 0.80952936 1.8971901 3684408
0.70512921 0.80952936 1.8971901 3684408
0.71368665 0.80952936 1.8971901 3684408
0.72395545 0.80952936 1.8971901 3684408
0.73422432 0.80952936 1.8971901 3684408
0.74449319 0.80952936 1.8971901 3684408
0.75476211 0.80952936 1.8971901 3684408
0.76503092 0.80952936 1.8971901 3684408
0.77529979 0.80952936 1.8971901 3684408
0.78556871 0.80952936 1.8971901 3684408
0.79583758 0.80952936 1.8971901 3684408
0.80610639 0.80952936 1.8971901 3684408
0.81637526 0.80952936 1.8971901 3684408
0.82493269 0.80952936 1.8971901 3684408
0.83349007 0.80952936 1.8971901 3684408
0.84375888 0.80952936 1.8971901 3684408
0.85402781 0.80952936 1.8971901 3684408
0.86429667 0.80952936 1.8971901 3684408
0.8745656 0.80952936 1.8971901 3684408
0.88483447 0.80952936 1.8971901 3684408
0.89510328 0.80952936 1.8971901 3684408
0.90537214 0.80952936 1.8971901 3684408
0.91564107 0.80952936 1.8971901 3684408
0.92590994 0.80952936 1.8971901 3684408
0.93617886 0.80952936 1.8971901 3684408
0.94644767 0.80952936 1.8971901 3684408
0.95500505 0.80952936 1.8971901 3684408
0.96356249 0.80952936 1.8971901 3684408
0.97383136 0.80952936 1.8971901 3684408
0.98410016 0.80952936 1.8971901 3684408
0.99436903 0.80952936 1.8971901 3684408
1.004638 0.80952936 1.8971901 3684408
1.0149068 0.80952936 1.8971901 3684408
1.0251757 0.80952936 1.8971901 3684408
1.0354445 0.80952936 1.8971901 3684408
1.0457134 0.80952936 1.8971901 3684408
1.0559822 0.80952936 1.8971901 3684408
1.0662512 0.80952936 1.8971901 3684408
1.0765201 0.80952936 1.8971901 3684408
1.0850774 0.80952936 1.8971901 3684408
1.0919234 0.80952936 1.8971901 3684408
-1.0916145 0.81145054 1.8936853 10197915
-1.0854827 0.81240493 1.8919331 10197915
-1.075242 0.81240469 1.8919328 10197915
-1.0650007 0.8124041 1.8919314 10197915
-1.0547613 0.81240487 1.891933 10197915
-1.0445224 0.812406 1.8919357 10197915
-1.0342795 0.81240398 1.8919311 10197915
-1.024875 0.81259567 1.8915825 10197915
-1.0155089 0.81240541 1.8919345 10197915
-1.0052671 0.81240445 1.8919321 10197915
-0.9950273 0.81240493 1.8919333 10197915
-0.9847855 0.81240374 1.8919306 10197915
-0.97454518 0.81240386 1.8919307 10197915
-0.96430522 0.81240422 1.8919317 10197915
-0.95492488 0.81221437 1.8922846 10197915
-0.94552809 0.81240302 1.8919288 10197915
-0.93528968 0.81240463 1.8919326 10197915
-0.92505008 0.81240541 1.8919344 10197915
-0.9148069 0.81240302 1.8919288 10197915
-0.90456837 0.81240457 1.8919325 10197915
-0.89432806 0.81240481 1.891933 10197915
-0.88494778 0.81259489 1.8915808 10197915
-0.87555462 0.81240392 1.8919309 10197915
-0.86531383 0.8124035 1.8919301 10197915
-0.8550753 0.81240529 1.8919339 10197915
-0.84483284 0.8124032 1.8919295 10197915
-0.83459443 0.81240517 1.891934 10197915
-0.82435417 0.81240541 1.8919344 10197915
-0.8149454 0.81221342 1.8922821 10197915
-0.80557722 0.81240416 1.8919314 10197915
-0.79533678 0.81240416 1.8919315 10197915
-0.78509766 0.81240553 1.8919344 10197915
-0.77485508 0.8124032 1.8919291 10197915
-0.76461601 0.81240463 1.8919325 10197915
-0.7552616 0.81259662 1.8915848 10197915
-0.74584341 0.81240457 1.8919321 10197915
-0.73560262 0.81240416 1.8919314 10197915
-0.72536278 0.81240469 1.8919328 10197915
-0.71512228 0.81240469 1.8919328 10197915
-0.70488143 0.81240422 1.8919315 10197915
-0.69464105 0.81240416 1.8919312 10197915
-0.68440217 0.81240588 1.8919355 10197915
-0.67415971 0.8124035 1.89193 10197915
-0.66472608 0.81221473 1.8922853 10197915
-0.65538567 0.81240553 1.8919344 10197915
-0.64514452 0.81240463 1.8919326 10197915
-0.63490391 0.81240433 1.8919319 10197915
-0.62466341 0.81240433 1.8919317 10197915
-0.61533487 0.81259644 1.8915842 10197915
-0.60589051 0.81240374 1.8919305 10197915
-0.59565121 0.81240529 1.891934 10197915
-0.58541125 0.81240588 1.8919357 10197915
-0.5751698 0.81240445 1.8919321 10197915
-0.56492949 0.81240463 1.8919325 10197915
-0.55468857 0.81240392 1.8919306 10197915
-0.54444796 0.81240344 1.89193 10197915
-0.53420806 0.81240433 1.8919317 10197915
-0.52396798 0.81240481 1.8919328 10197915
-0.51450384 0.81221235 1.8922799 10197915
-0.50519168 0.81240386 1.8919306 10197915
-0.49495205 0.81240511 1.8919338 10197915
-0.48471054 0.81240326 1.8919295 8750469
-0.47540742 0.81259501 1.8915809 4342338
-0.46593896 0.81240487 1.8919331 3684408
-0.45569754 0.81240302 1.8919288 3684408
-0.445456 0.81240088 1.8919239 3684408
-0.43521559 0.81240088 1.8919239 3684408
-0.42497525 0.81240088 1.8919239 3684408
-0.41473487 0.812401 1.8919239 3684408
-0.40449452 0.81240088 1.8919239 3684408
-0.39425412 0.81240088 1.8919239 3684408
-0.38401377 0.81240088 1.8919239 3684408
-0.37377343 0.812401 1.8919239 3684408
-0.36428231 0.81220978 1.8922737 3684408
-0.35499784 0.81240088 1.8919239 3684408
-0.34571838 0.81259203 1.8915741 3684408
-0.33622542 0.81240088 1.8919239 3684408
-0.32598501 0.81240088 1.8919239 3684408
-0.31574467 0.812401 1.8919239 3684408
-0.30550432 0.812401 1.8919239 3684408
-0.29526392 0.81240088 1.8919239 3684408
-0.28502357 0.81240088 1.8919239 3684408
-0.27478319 0.81240088 1.8919239 3684408
-0.26454282 0.81240088 1.8919239 3684408
-0.25430244 0.81240088 1.8919239 3684408
-0.24406211 0.81240088 1.8919239 3684408
-0.2338217 0.81240088 1.8919239 3684408
-0.22430477 0.81220978 1.8922737 3684408
-0.21504612 0.81240088 1.8919239 3684408
-0.20579258 0.81259203 1.8915741 3684408
-0.1962737 0.81240088 1.8919239 3684408
-0.18603335 0.81240088 1.8919239 3684408
-0.17579298 0.81240088 1.8919239 3684408
-0.1655526 0.812401 1.8919239 3684408
-0.15531226 0.81240088 1.8919239 3684408
-0.14507188 0.81240088 1.8919239 3684408
-0.1348315 0.81240088 1.8919239 3684408
-0.12459114 0.812401 1.8919239 3684408
-0.11435077 0.812401 1.8919239 3684408
-0.1041104 0.81240088 1.8919239 3684408
-0.093870036 0.81240088 1.8919239 3684408
-0.083629668 0.81240088 1.8919239 3684408
-0.074084923 0.81220978 1.8922737 3684408
-0.065866753 0.81259203 1.8915741 3684408
-0.05632202 0.81240088 1.8919239 3684408
-0.046081651 0.81240088 1.8919239 3684408
-0.035841286 0.81240088 1.8919239 3684408
-0.025600919 0.81240088 1.8919239 3684408
-0.01536055 0.81240088 1.8919239 3684408
-0.0051201838 0.812401 1.8919239 3684408
0.0051201843 0.81240088 1.8919239 3684408
0.015360552 0.812401 1.8919239 3684408
0.025600919 0.81240088 1.8919239 3684408
0.035841286 0.81240088 1.8919239 3684408
0.046081651 0.812401 1.8919239 3684408
0.05632202 0.81240088 1.8919239 3684408
0.065866753 0.81259203 1.8915741 3684408
0.074084923 0.81220978 1.8922737 3684408
0.083629668 0.81240088 1.8919239 3684408
0.093870044 0.81240088 1.8919239 3684408
0.10411041 0.81240088 1.8919239 3684408
0.11435077 0.81240088 1.8919239 3684408
0.12459127 0.81240177 1.8919258 3684408
0.13483179 0.81240255 1.8919277 3684408
0.14507215 0.81240255 1.8919277 3684408
0.15531255 0.81240255 1.8919277 3684408
0.16555294 0.81240255 1.8919277 3684408
0.17579333 0.81240255 1.8919277 3684408
0.18603373 0.81240255 1.8919277 3684408
0.1962741 0.81240249 1.8919277 3684408
0.20579299 0.81259364 1.891578 3684408
0.21504657 0.81240249 1.8919277 3684408
0.2243052 0.81221139 1.8922775 3684408
0.23382221 0.81240249 1.8919277 3684408
0.24406259 0.81240249 1.8919277 3684408
0.25430298 0.81240255 1.8919277 3684408
0.26454335 0.81240249 1.8919277 3684408
0.27478376 0.81240255 1.8919277 3684408
0.28502414 0.81240255 1.8919277 3684408
0.29526451 0.81240255 1.8919277 3684408
0.30550492 0.81240249 1.8919277 3684408
0.31574532 0.81240255 1.8919277 3684408
0.3259857 0.81240255 1.8919277 3684408
0.33622608 0.81240255 1.8919277 3684408
0.34571907 0.81259364 1.891578 3684408
0.35499856 0.81240249 1.8919277 3684408
0.36428306 0.81221139 1.8922775 3684408
0.37377417 0.81240255 1.8919277 3684408
0.38401458 0.81240255 1.8919277 3684408
0.39425495 0.81240255 1.8919277 3684408
0.40449533 0.81240255 1.8919277 3684408
0.4147357 0.81240249 1.8919277 3684408
0.42497611 0.81240249 1.8919277 3684408
0.43521652 0.81240249 1.8919277 3684408
0.44545689 0.81240249 1.8919277 3684408
0.4556973 0.81240249 1.8919277 3684408
0.46593764 0.81240249 1.8919277 3684408
0.47540671 0.81259364 1.891578 3684408
0.48471013 0.81240255 1.8919277 3684408
0.49495053 0.81240255 1.8919277 3684408
0.50519091 0.81240255 1.8919277 3684408
0.51450318 0.81221139 1.8922775 3684408
0.52396649 0.81240255 1.8919277 3684408
0.53420693 0.81240255 1.8919277 3684408
0.54444724 0.81240255 1.8919277 3684408
0.55468768 0.81240249 1.8919277 3684408
0.56492805 0.81240249 1.8919277 3684408
0.57516843 0.81240249 1.8919277 3684408
0.58540887 0.81240255 1.8919277 3684408
0.59564924 0.81240249 1.8919277 3684408
0.60588962 0.81240249 1.8919277 3684408
0.61533272 0.81259364 1.891578 3684408
0.6246621 0.81240255 1.8919277 3684408
0.63490248 0.81240249 1.8919277 3684408
0.64514285 0.81240249 1.8919277 3684408
0.65538329 0.81240255 1.8919277 3684408
0.66472328 0.81221139 1.8922775 3684408
0.67415887 0.81240255 1.8919277 3684408
0.68439931 0.81240255 1.8919277 3684408
0.69463968 0.81240249 1.8919277 3684408
0.70488006 0.81240249 1.8919277 3684408
0.71512049 0.81240249 1.8919277 3684408
0.72536081 0.81240249 1.8919277 3684408
0.73560125 0.81240249 1.8919277 3684408
0.74584156 0.81240249 1.8919277 3684408
0.75525886 0.81259364 1.891578 3684408
0.76461411 0.81240255 1.8919277 3684408
0.77485442 0.81240249 1.8919277 3684408
0.78509492 0.81240255 1.8919277 3684408
0.79533523 0.81240249 1.8919277 3684408
0.80557561 0.81240255 1.8919277 3684408
0.81494349 0.81221139 1.8922775 3684408
0.82435125 0.81240249 1.8919277 3684408
0.83459157 0.81240255 1.8919277 3684408
0.844832 0.81240255 1.8919277 3684408
0.85507244 0.81240255 1.8919277 3684408
0.86531281 0.81240255 1.8919277 3684408
0.87555319 0.81240249 1.8919277 3684408
0.88494647 0.81259364 1.891578 3684408
0.89432567 0.81240249 1.8919277 3684408
0.90456605 0.81240249 1.8919277 3684408
0.91480654 0.81240249 1.8919277 3684408
0.92504686 0.81240255 1.8919277 3684408
0.93528718 0.81240255 1.8919277 3684408
0.94552755 0.81240255 1.8919277 3684408
0.95492136 0.81221139 1.8922775 3684408
0.96430326 0.81240255 1.8919277 3684408
0.97454363 0.81240255 1.8919277 3684408
0.98478395 0.81240249 1.8919277 3684408
0.99502438 0.81240249 1.8919277 3684408
1.0052648 0.81240255 1.8919277 3684408
1.0155052 0.81240255 1.8919277 3684408
1.0248725 0.81259364 1.891578 3684408
1.0342776 0.81240255 1.8919277 3684408
1.044518 0.81240255 1.8919277 3684408
1.0547584 0.81240249 1.8919277 3684408
1.0649989 0.81240255 1.8919277 3684408
1.0752391 0.81240255 1.8919277 3684408
1.0854796 0.81240249 1.8919277 3684408
1.0916096 0.81144685 1.8936768 3684408
-1.0949582 0.80542892 1.9047037 10197915
-1.085112 0.80567133 1.9042623 10197915
-1.0748019 0.80566943 1.9042574 10197915
-1.0650693 0.80567038 1.9042614 10197915
-1.055336 0.80567157 1.9042628 10197915
-1.0450268 0.80567008 1.9042592 10197915
-1.0347205 0.8056708 1.9042609 10197915
-1.0244137 0.8056711 1.9042617 10197915
-1.0146278 0.80542922 1.9047042 10197915
-1.0055672 0.8059122 1.9038156 10197915
-0.99578202 0.80567044 1.90426 10197915
-0.98547339 0.80566919 1.9042573 10197915
-0.97516716 0.80567002 1.904259 10197915
-0.96486145 0.80567116 1.9042617 10197915
-0.95512462 0.80566895 1.9042578 10197915
-0.945391 0.80567002 1.9042587 10197915
-0.93508446 0.80567044 1.90426 10197915
-0.92477727 0.80567044 1.90426 10197915
-0.91446888 0.80566925 1.9042573 10197915
-0.90416211 0.80566955 1.9042581 10197915
-0.89500195 0.80567157 1.9042614 10197915
-0.88583797 0.80566931 1.9042574 10197915
-0.87553215 0.8056705 1.9042604 10197915
-0.86522543 0.80567098 1.9042611 10197915
-0.85491771 0.80567032 1.9042596 10197915
-0.84461033 0.80567008 1.9042593 10197915
-0.83487529 0.80566937 1.9042587 10197915
-0.82514268 0.80567145 1.9042625 10197915
-0.81483334 0.80566925 1.9042574 10197915
-0.80452687 0.80566996 1.904259 10197915
-0.7947529 0.80591339 1.9038185 10197915
-0.78506005 0.80567008 1.9042592 10197915
-0.77536213 0.80542868 1.9047031 10197915
-0.765589 0.80567008 1.9042593 10197915
-0.75528282 0.80567122 1.9042619 10197915
-0.74497432 0.80566972 1.9042585 10197915
-0.73466772 0.8056702 1.9042596 10197915
-0.7249341 0.80567104 1.9042628 10197915
-0.71519822 0.8056699 1.9042585 10197915
-0.70489204 0.80567086 1.9042611 10197915
-0.69458508 0.80567104 1.9042615 10197915
-0.68483567 0.80591345 1.9038188 10197915
-0.67511696 0.80566972 1.9042583 10197915
-0.6648103 0.80567014 1.9042596 10197915
-0.65508544 0.80543011 1.9047062 10197915
-0.64533865 0.80566955 1.9042579 10197915
-0.63503218 0.80567044 1.90426 10197915
-0.62472582 0.80567151 1.9042625 10197915
-0.61499083 0.8056708 1.9042621 10197915
-0.60525572 0.80567002 1.904259 10197915
-0.59494883 0.80567044 1.90426 10197915
-0.58522397 0.8059147 1.9038217 10197915
-0.5754813 0.80566955 1.9042579 10197915
-0.565175 0.80567074 1.9042609 10197915
-0.55486649 0.80566871 1.904256 10197915
-0.54456055 0.8056705 1.90426 10197915
-0.53480649 0.80542898 1.9047037 10197915
-0.52508903 0.80567002 1.9042592 10197915
-0.51478177 0.80566984 1.9042587 10197915
-0.50504738 0.80566984 1.9042599 10197915
-0.4953135 0.80567098 1.9042612 10066329
-0.48500502 0.80566877 1.904256 7763574
-0.47530514 0.80591244 1.9038162 4144959
-0.46553952 0.80567116 1.9042617 3684408
-0.45523152 0.80566955 1.9042581 3684408
-0.44492218 0.80566561 1.9042486 3684408
-0.43461046 0.80565703 1.9042282 3684408
-0.42430344 0.80565703 1.9042282 3684408
-0.4145214 0.80541509 1.9046707 3684408
-0.40483263 0.80565697 1.9042282 3684408
-0.39509812 0.80565667 1.9042287 3684408
-0.38536391 0.80565703 1.9042282 3684408
-0.37505695 0.80565703 1.9042282 3684408
-0.36538196 0.80589932 1.9037852 3684408
-0.35559037 0.80565697 1.9042282 3684408
-0.34528339 0.80565703 1.9042282 3684408
-0.33497643 0.80565697 1.9042282 3684408
-0.32466945 0.80565703 1.9042282 3684408
-0.3143625 0.80565703 1.9042282 3684408
-0.30405551 0.80565703 1.9042282 3684408
-0.29424545 0.80541509 1.9046707 3684408
-0.28458467 0.80565703 1.9042282 3684408
-0.27485013 0.80565667 1.9042287 3684408
-0.26577112 0.80589932 1.9037852 3684408
-0.25595635 0.80565703 1.9042282 3684408
-0.2456494 0.80565703 1.9042282 3684408
-0.23534243 0.80565709 1.9042282 3684408
-0.22503543 0.80565703 1.9042282 3684408
-0.21472846 0.80565697 1.9042282 3684408
-0.20442151 0.80565703 1.9042282 3684408
-0.19411454 0.80565703 1.9042282 3684408
-0.18380758 0.80565703 1.9042282 3684408
-0.17396958 0.80541509 1.9046707 3684408
-0.16490911 0.80565673 1.9042287 3684408
-0.1558557 0.80589932 1.9037852 3684408
-0.14601535 0.80565703 1.9042282 3684408
-0.13570839 0.80565697 1.9042282 3684408
-0.12540144 0.80565709 1.9042282 3684408
-0.11509446 0.80565697 1.9042282 3684408
-0.10478748 0.80565703 1.9042282 3684408
-0.094480529 0.80565703 1.9042282 3684408
-0.08417356 0.80565703 1.9042282 3684408
-0.073866598 0.80565703 1.9042282 3684408
-0.063559622 0.80565703 1.9042282 3684408
-0.054970488 0.80565697 1.9042282 3684408
-0.046381351 0.80565709 1.9042282 3684408
-0.036074381 0.80565709 1.9042282 3684408
-0.025767418 0.80565703 1.9042282 3684408
-0.01546045 0.80565703 1.9042282 3684408
-0.0051534832 0.80565703 1.9042282 3684408
0.0051534832 0.80565703 1.9042282 3684408
0.01546045 0.80565703 1.9042282 3684408
0.025767416 0.80565703 1.9042282 3684408
0.036074385 0.80565709 1.9042282 3684408
0.046381347 0.80565703 1.9042282 3684408
0.054970488 0.80565697 1.9042282 3684408
0.063559622 0.80565709 1.9042282 3684408
0.073866591 0.80565703 1.9042282 3684408
0.08417356 0.80565703 1.9042282 3684408
0.094480522 0.80565703 1.9042282 3684408
0.1047875 0.80565709 1.9042282 3684408
0.11509446 0.80565703 1.9042282 3684408
0.12540142 0.80565703 1.9042282 3684408
0.13570848 0.80565751 1.9042295 3684408
0.14601566 0.80565858 1.904232 3684408
0.15585603 0.80590087 1.903789 3684408
0.16490945 0.80565816 1.9042325 3684408
0.17396994 0.80541658 1.9046745 3684408
0.18380794 0.80565858 1.904232 3684408
0.19411494 0.80565858 1.904232 3684408
0.20442194 0.80565852 1.904232 3684408
0.21472891 0.80565858 1.904232 3684408
0.22503591 0.80565858 1.904232 3684408
0.23534288 0.80565858 1.904232 3684408
0.24564987 0.80565858 1.904232 3684408
0.25595686 0.80565858 1.904232 3684408
0.26577166 0.80590087 1.903789 3684408
0.27485067 0.80565822 1.9042325 3684408
0.28458524 0.80565858 1.904232 3684408
0.29424608 0.80541658 1.9046745 3684408
0.30405611 0.80565858 1.904232 3684408
0.31436312 0.80565858 1.904232 3684408
0.32467014 0.80565858 1.904232 3684408
0.33497706 0.80565858 1.904232 3684408
0.34528407 0.80565852 1.904232 3684408
0.35559109 0.80565858 1.904232 3684408
0.36538267 0.80590087 1.903789 3684408
0.3750577 0.80565858 1.904232 3684408
0.38536468 0.80565858 1.904232 3684408
0.39509887 0.80565822 1.9042325 3684408
0.40483344 0.80565858 1.904232 3684408
0.41452217 0.80541658 1.9046745 3684408
0.42430428 0.80565858 1.904232 3684408
0.43461126 0.80565852 1.904232 3684408
0.44491827 0.80565858 1.904232 3684408
0.45522532 0.80565858 1.904232 3684408
0.46553224 0.80565858 1.904232 3684408
0.47529829 0.80590081 1.903789 3684408
0.48499891 0.80565858 1.904232 3684408
0.49530587 0.80565852 1.904232 3684408
0.50504011 0.80565822 1.9042325 3684408
0.51477462 0.80565858 1.904232 3684408
0.52508163 0.80565858 1.904232 3684408
0.53479826 0.80541652 1.9046745 3684408
0.54455251 0.80565852 1.904232 3684408
0.55485946 0.80565852 1.904232 3684408
0.56516647 0.80565852 1.904232 3684408
0.57547355 0.80565858 1.904232 3684408
0.5852139 0.80590087 1.903789 3684408
0.59494007 0.80565858 1.904232 3684408
0.60524714 0.80565852 1.904232 3684408
0.61498129 0.80565816 1.9042325 3684408
0.62471581 0.80565858 1.904232 3684408
0.63502282 0.80565858 1.904232 3684408
0.64532977 0.80565858 1.904232 3684408
0.65507442 0.80541658 1.9046745 3684408
0.66480064 0.80565852 1.904232 3684408
0.67510772 0.80565858 1.904232 3684408
0.68482494 0.80590087 1.903789 3684408
0.6945743 0.80565858 1.904232 3684408
0.70488131 0.80565852 1.904232 3684408
0.71518821 0.80565852 1.904232 3684408
0.72492254 0.80565822 1.9042325 3684408
0.73465705 0.80565852 1.904232 3684408
0.74496394 0.80565858 1.904232 3684408
0.75527108 0.80565858 1.904232 3684408
0.76557797 0.80565858 1.904232 3684408
0.77535057 0.80541658 1.9046745 3684408
0.78504878 0.80565858 1.904232 3684408
0.79474062 0.80590087 1.903789 3684408
0.80451548 0.80565858 1.904232 3684408
0.81482244 0.80565858 1.904232 3684408
0.82512945 0.80565858 1.904232 3684408
0.83486378 0.80565816 1.9042325 3684408
0.84459817 0.80565858 1.904232 3684408
0.85490519 0.80565858 1.904232 3684408
0.8652122 0.80565858 1.904232 3684408
0.87551922 0.80565858 1.904232 3684408
0.88582611 0.80565852 1.904232 3684408
0.89498806 0.80565894 1.9042314 3684408
0.90414971 0.80565858 1.904232 3684408
0.91445667 0.80565858 1.904232 3684408
0.92476368 0.80565858 1.904232 3684408
0.93507069 0.80565852 1.904232 3684408
0.94537765 0.80565852 1.904232 3684408
0.95511198 0.80565822 1.9042325 3684408
0.96484637 0.80565858 1.904232 3684408
0.97515339 0.80565858 1.904232 3684408
0.9854604 0.80565858 1.904232 3684408
0.99576735 0.80565858 1.904232 3684408
1.0055532 0.80590087 1.903789 3684408
1.0146121 0.80541658 1.9046745 3684408
1.0243979 0.80565852 1.904232 3684408
1.0347049 0.80565858 1.904232 3684408
1.045012 0.80565858 1.904232 3684408
1.0553188 0.80565858 1.904232 3684408
1.0650532 0.80565822 1.9042325 3684408
1.0747876 0.80565858 1.904232 3684408
1.0850947 0.80565858 1.904232 3684408
1.0949415 0.80541652 1.9046745 3684408
-1.1031731 0.79884791 1.9167364 10197915
-1.0945315 0.79885077 1.9167433 10197915
-1.0850476 0.79865217 1.9170965 10197915
-1.075508 0.79884958 1.9167403 10197915
-1.0651335 0.79884964 1.9167405 10197915
-1.0547581 0.79884905 1.9167391 10197915
-1.0443827 0.79884863 1.9167382 10197915
-1.0348524 0.79904479 1.916379 10197915
-1.0253664 0.79885054 1.9167427 10197915
-1.0149893 0.79884845 1.9167379 10197915
-1.0046164 0.79885 1.9167414 10197915
-0.99511594 0.7986514 1.9170946 10197915
-0.98559278 0.79884863 1.9167379 10197915
-0.97521847 0.79884893 1.9167386 10197915
-0.96484321 0.79884839 1.9167374 10197915
-0.95446759 0.79884762 1.9167358 10197915
-0.94495451 0.79904401 1.9163773 10197915
-0.93545216 0.7988503 1.916742 10197915
-0.92507416 0.7988475 1.9167353 10197915
-0.91470122 0.79884893 1.9167389 10197915
-0.90432692 0.79884934 1.9167396 10197915
-0.8948096 0.79865217 1.9170964 10197915
-0.88530374 0.79884815 1.916737 10197915
-0.87492943 0.79884845 1.9167377 10197915
-0.86455613 0.79884976 1.9167408 10197915
-0.85505712 0.79904366 1.9163764 10197915
-0.84553725 0.79884958 1.9167404 10197915
-0.8351627 0.79884964 1.9167405 10197915
-0.82478672 0.79884845 1.9167377 10197915
-0.81441194 0.79884833 1.9167374 10197915
-0.80487889 0.79865217 1.9170964 10197915
-0.79539126 0.79884952 1.9167401 10197915
-0.78501534 0.79884833 1.9167372 10197915
-0.77464122 0.79884881 1.9167385 10197915
-0.76516259 0.79904616 1.9163822 10197915
-0.75562245 0.79884869 1.9167382 10197915
-0.7452479 0.79884887 1.9167386 10197915
-0.73487347 0.79884905 1.916739 10197915
-0.72449905 0.7988494 1.9167399 10197915
-0.71412367 0.79884857 1.9167379 10197915
-0.70457256 0.79865342 1.9170992 10197915
-0.69510341 0.79885048 1.9167423 10197915
-0.68472689 0.79884833 1.9167372 10197915
-0.67526472 0.79904538 1.9163803 10197915
-0.66570884 0.79884911 1.916739 10197915
-0.65533453 0.7988494 1.9167399 10197915
-0.64495873 0.79884797 1.9167366 10197915
-0.63458449 0.79884863 1.9167382 10197915
-0.62421119 0.7988503 1.9167422 10197915
-0.61464083 0.79865199 1.9170961 10197915
-0.60518861 0.79884952 1.9167401 10197915
-0.59481406 0.79884976 1.9167405 10197915
-0.5853678 0.79904556 1.9163809 10197915
-0.57579476 0.79884887 1.9167385 10197915
-0.56542039 0.79884917 1.9167395 10197915
-0.55504495 0.79884809 1.9167367 10197915
-0.54467016 0.79884791 1.9167365 10197915
-0.53429657 0.79884958 1.9167403 10197915
-0.5247097 0.79865134 1.9170946 10197915
-0.51527411 0.79884863 1.9167382 10197915
-0.5048995 0.79884881 1.9167385 10197915
-0.4954702 0.79904479 1.916379 10132122
-0.48588029 0.79884785 1.9167361 7763574
-0.47550598 0.79884845 1.9167377 3815994
-0.46513239 0.79885024 1.9167418 3684408
-0.45475611 0.7988475 1.9167353 3684408
-0.44438234 0.79884911 1.9167391 3684408
-0.43400726 0.79884833 1.9167374 3684408
-0.42440146 0.79864949 1.9170901 3684408
-0.41498354 0.79884481 1.916729 3684408
-0.40557116 0.79904091 1.9163697 3684408
-0.39596501 0.79884481 1.916729 3684408
-0.3855904 0.79884481 1.916729 3684408
-0.37521574 0.79884487 1.916729 3684408
-0.36484113 0.79884481 1.916729 3684408
-0.35446653 0.79884481 1.916729 3684408
-0.34409186 0.79884481 1.916729 3684408
-0.33447081 0.79864872 1.9170883 3684408
-0.32507011 0.79884487 1.916729 3684408
-0.31567457 0.79904091 1.9163697 3684408
-0.30605155 0.79884481 1.916729 3684408
-0.29567692 0.79884487 1.916729 3684408
-0.28530231 0.79884481 1.916729 3684408
-0.27492765 0.79884487 1.916729 3684408
-0.26455304 0.79884487 1.916729 3684408
-0.25417843 0.79884481 1.916729 3684408
-0.24380378 0.79884487 1.916729 3684408
-0.23416391 0.79864872 1.9170883 3684408
-0.22577798 0.79904091 1.9163697 3684408
-0.21613812 0.79884487 1.916729 3684408
-0.20576346 0.79884481 1.916729 3684408
-0.19538885 0.79884481 1.916729 3684408
-0.18501423 0.79884481 1.916729 3684408
-0.1746396 0.79884481 1.916729 3684408
-0.16426496 0.79884481 1.916729 3684408
-0.15389033 0.79884481 1.916729 3684408
-0.1442336 0.79864872 1.9170883 3684408
-0.13588138 0.79904091 1.9163697 3684408
-0.12622465 0.79884487 1.916729 3684408
-0.11585003 0.79884481 1.916729 3684408
-0.1054754 0.79884487 1.916729 3684408
-0.095100768 0.79884481 1.916729 3684408
-0.084726147 0.79884487 1.916729 3684408
-0.074351512 0.79884487 1.916729 3684408
-0.063976876 0.79884487 1.916729 3684408
-0.053602248 0.79884481 1.916729 3684408
-0.044956725 0.79884481 1.916729 3684408
-0.036311202 0.79884481 1.916729 3684408
-0.025936574 0.79884481 1.916729 3684408
-0.015561945 0.79884481 1.916729 3684408
-0.0051873145 0.79884487 1.916729 3684408
0.0051873145 0.79884481 1.916729 3684408
0.015561945 0.79884481 1.916729 3684408
0.025936572 0.79884481 1.916729 3684408
0.036311205 0.79884481 1.916729 3684408
0.044956729 0.79884481 1.916729 3684408
0.053602252 0.79884481 1.916729 3684408
0.063976876 0.79884481 1.916729 3684408
0.074351504 0.79884481 1.916729 3684408
0.084726147 0.79884481 1.916729 3684408
0.09510076 0.79884481 1.916729 3684408
0.1054754 0.79884481 1.916729 3684408
0.11585003 0.79884481 1.916729 3684408
0.12622465 0.79884481 1.916729 3684408
0.13588139 0.79904091 1.9163697 3684408
0.1442336 0.79864872 1.9170883 3684408
0.15389049 0.79884559 1.9167309 3684408
0.16426529 0.79884642 1.9167328 3684408
0.17463994 0.79884642 1.9167328 3684408
0.18501461 0.79884642 1.9167328 3684408
0.19538926 0.79884642 1.9167328 3684408
0.20576388 0.79884642 1.9167328 3684408
0.21613854 0.79884642 1.9167328 3684408
0.22577843 0.79904246 1.9163735 3684408
0.23416439 0.79865038 1.9170921 3684408
0.24380428 0.79884642 1.9167328 3684408
0.25417891 0.79884642 1.9167328 3684408
0.26455355 0.79884642 1.9167328 3684408
0.27492824 0.79884642 1.9167328 3684408
0.28530285 0.79884642 1.9167328 3684408
0.29567751 0.79884642 1.9167328 3684408
0.30605218 0.79884642 1.9167328 3684408
0.31567523 0.79904246 1.9163735 3684408
0.32507071 0.79884642 1.9167328 3684408
0.33447149 0.79865038 1.9170921 3684408
0.34409258 0.79884642 1.9167328 3684408
0.35446724 0.79884642 1.9167328 3684408
0.36484185 0.79884642 1.9167328 3684408
0.37521651 0.79884642 1.9167328 3684408
0.38559115 0.79884642 1.9167328 3684408
0.39596581 0.79884642 1.9167328 3684408
0.405572 0.79904246 1.9163735 3684408
0.41498438 0.79884642 1.9167328 3684408
0.42440194 0.79865038 1.9170921 3684408
0.43400621 0.79884642 1.9167328 3684408
0.44438085 0.79884642 1.9167328 3684408
0.45475551 0.79884642 1.9167328 3684408
0.46513018 0.79884642 1.9167328 3684408
0.47550479 0.79884642 1.9167328 3684408
0.48587942 0.79884642 1.9167328 3684408
0.49546877 0.79904246 1.9163735 3684408
0.50489801 0.79884642 1.9167328 3684408
0.51527268 0.79884642 1.9167328 3684408
0.52470905 0.79865038 1.9170921 3684408
0.53429443 0.79884642 1.9167328 3684408
0.54466915 0.79884642 1.9167328 3684408
0.55504376 0.79884642 1.9167328 3684408
0.56541842 0.79884642 1.9167328 3684408
0.57579309 0.79884642 1.9167328 3684408
0.58536553 0.79904246 1.9163735 3684408
0.59481168 0.79884642 1.9167328 3684408
0.60518628 0.79884642 1.9167328 3684408
0.61463952 0.79865038 1.9170921 3684408
0.62420815 0.79884642 1.9167328 3684408
0.63458276 0.79884642 1.9167328 3684408
0.64495736 0.79884642 1.9167328 3684408
0.65533203 0.79884642 1.9167328 3684408
0.66570669 0.79884642 1.9167328 3684408
0.67526233 0.79904246 1.9163735 3684408
0.68472528 0.79884642 1.9167328 3684408
0.69509989 0.79884642 1.9167328 3684408
0.70547456 0.79884642 1.9167328 3684408
0.71494663 0.79865038 1.9170921 3684408
0.72449636 0.79884642 1.9167328 3684408
0.73487109 0.79884642 1.9167328 3684408
0.7452457 0.79884642 1.9167328 3684408
0.7556203 0.79884642 1.9167328 3684408
0.76515907 0.79904246 1.9163735 3684408
0.77463889 0.79884642 1.9167328 3684408
0.78501362 0.79884642 1.9167328 3684408
0.79538822 0.79884642 1.9167328 3684408
0.8048771 0.79865038 1.9170921 3684408
0.81441003 0.79884642 1.9167328 3684408
0.8247847 0.79884642 1.9167328 3684408
0.83515936 0.79884642 1.9167328 3684408
0.84553403 0.79884642 1.9167328 3684408
0.85505581 0.79904246 1.9163735 3684408
0.8645525 0.79884642 1.9167328 3684408
0.87492722 0.79884642 1.9167328 3684408
0.88530189 0.79884642 1.9167328 3684408
0.89480764 0.79865038 1.9170921 3684408
0.90432364 0.79884642 1.9167328 3684408
0.9146983 0.79884642 1.9167328 3684408
0.92507291 0.79884642 1.9167328 3684408
0.93544751 0.79884642 1.9167328 3684408
0.94495261 0.79904246 1.9163735 3684408
0.95446616 0.79884642 1.9167328 3684408
0.96484083 0.79884642 1.9167328 3684408
0.97521549 0.79884642 1.9167328 3684408
0.98559004 0.79884642 1.9167328 3684408
0.99511462 0.79865038 1.9170921 3684408
1.0046118 0.79884642 1.9167328 3684408
1.0149866 0.79884642 1.9167328 3684408
1.0253612 0.79884642 1.9167328 3684408
1.0348494 0.79904246 1.9163735 3684408
1.0443798 0.79884642 1.9167328 3684408
1.0547545 0.79884642 1.9167328 3684408
1.0651292 0.79884642 1.9167328 3684408
1.0755037 0.79884642 1.9167328 3684408
1.0850451 0.79865038 1.9170921 3684408
1.0945256 0.79884642 1.9167328 3684408
1.1031711 0.79884642 1.9167328 3684408
-1.1018081 0.80178517 1.9113686 10197915
-1.0949131 0.80178672 1.9113723 10197915
-1.084566 0.80178565 1.9113698 10197915
-1.0742202 0.80178553 1.9113694 10197915
-1.0638751 0.80178595 1.9113703 10197915
-1.0535295 0.80178595 1.9113704 10197915
-1.0449065 0.80178463 1.9113674 10197915
-1.0362872 0.80178624 1.9113712 10197915
-1.0259415 0.80178612 1.9113709 10197915
-1.0155951 0.80178565 1.9113694 10197915
-1.0052491 0.80178541 1.9113692 10197915
-0.99490279 0.80178469 1.9113674 10197915
-0.98455787 0.80178529 1.911369 10197915
-0.97421199 0.80178517 1.9113684 10197915
-0.96386647 0.80178517 1.9113687 10197915
-0.95352 0.80178452 1.9113669 10197915
-0.9448995 0.80178517 1.9113686 10197915
-0.93627959 0.80178642 1.9113716 10197915
-0.92593282 0.80178541 1.911369 10197915
-0.91558695 0.80178517 1.9113687 10197915
-0.90524119 0.80178499 1.9113683 10197915
-0.89489621 0.80178565 1.9113697 10197915
-0.88454914 0.80178434 1.9113666 10197915
-0.87420398 0.80178475 1.9113675 10197915
-0.86386013 0.80178636 1.9113714 10197915
-0.85351211 0.80178404 1.911366 10197915
-0.84489322 0.80178642 1.9113717 10197915
-0.83627099 0.80178565 1.9113697 10197915
-0.82592583 0.80178601 1.9113706 10197915
-0.8155784 0.80178422 1.9113663 10197915
-0.80523342 0.80178481 1.9113678 10197915
-0.79488915 0.80178624 1.9113712 10197915
-0.78454131 0.80178404 1.9113659 10197915
-0.77419776 0.80178612 1.9113708 10197915
-0.76385254 0.80178648 1.9113718 10197915
-0.75350577 0.80178529 1.911369 10197915
-0.74488437 0.80178523 1.9113686 10197915
-0.73626256 0.80178475 1.9113675 10197915
-0.72591871 0.80178666 1.9113722 10197915
-0.71557117 0.80178457 1.9113673 10197915
-0.7052269 0.80178601 1.9113706 10197915
-0.6948815 0.80178642 1.9113716 10197915
-0.68453503 0.80178529 1.911369 10197915
-0.67418975 0.80178571 1.9113699 10197915
-0.66384447 0.80178618 1.9113709 10197915
-0.65349871 0.80178601 1.9113706 10197915
-0.64487588 0.80178422 1.9113663 10197915
-0.63625592 0.80178595 1.9113703 10197915
-0.62591058 0.80178624 1.9113712 10197915
-0.61556417 0.80178529 1.9113687 10197915
-0.6052193 0.80178618 1.9113709 10197915
-0.59487361 0.80178618 1.9113709 10197915
-0.58452827 0.8017866 1.9113718 10197915
-0.57418138 0.80178481 1.9113678 10197915
-0.5638361 0.80178523 1.9113687 10197915
-0.55348974 0.80178422 1.9113661 10197915
-0.54486918 0.80178535 1.9113691 10197915
-0.53624833 0.80178601 1.9113706 10197915
-0.52590197 0.80178499 1.9113683 10197915
-0.51555628 0.80178493 1.9113678 10197915
-0.50521094 0.80178529 1.9113688 10197915
-0.49486557 0.80178571 1.9113698 10066329
-0.48451933 0.80178457 1.9113673 6776679
-0.47417393 0.80178499 1.9113683 3684408
-0.46382925 0.8017866 1.9113721 3684408
-0.45348236 0.80178434 1.9113666 3684408
-0.44486177 0.80178577 1.91137 3684408
-0.43623769 0.8017807 1.9113579 3684408
-0.42588785 0.80177277 1.9113388 3684408
-0.41554239 0.80177277 1.9113388 3684408
-0.40519693 0.80177277 1.9113388 3684408
-0.39485154 0.80177277 1.9113388 3684408
-0.38450608 0.80177277 1.9113388 3684408
-0.37416062 0.80177277 1.9113388 3684408
-0.36381516 0.80177277 1.9113388 3684408
-0.3534697 0.80177277 1.9113388 3684408
-0.34484845 0.80177271 1.9113388 3684408
-0.33622727 0.80177277 1.9113388 3684408
-0.32588181 0.80177277 1.9113388 3684408
-0.31553635 0.80177277 1.9113388 3684408
-0.30519089 0.80177277 1.9113388 3684408
-0.29484543 0.80177277 1.9113388 3684408
-0.28449997 0.80177277 1.9113388 3684408
-0.27415454 0.80177277 1.9113388 3684408
-0.26380908 0.80177277 1.9113388 3684408
-0.25346363 0.80177277 1.9113388 3684408
-0.24484241 0.80177271 1.9113388 3684408
-0.23622119 0.80177277 1.9113388 3684408
-0.22587575 0.80177277 1.9113388 3684408
-0.21553029 0.80177277 1.9113388 3684408
-0.20518483 0.80177277 1.9113388 3684408
-0.1948394 0.80177277 1.9113388 3684408
-0.18449394 0.80177277 1.9113388 3684408
-0.17414849 0.80177277 1.9113388 3684408
-0.16380303 0.80177277 1.9113388 3684408
-0.15345757 0.80177277 1.9113388 3684408
-0.14483635 0.80177271 1.9113388 3684408
-0.13621515 0.80177277 1.9113388 3684408
-0.12586969 0.80177277 1.9113388 3684408
-0.11552423 0.80177277 1.9113388 3684408
-0.10517877 0.80177277 1.9113388 3684408
-0.094833337 0.80177277 1.9113388 3684408
-0.084487878 0.80177277 1.9113388 3684408
-0.074142419 0.80177277 1.9113388 3684408
-0.063796967 0.80177277 1.9113388 3684408
-0.053451512 0.80177277 1.9113388 3684408
-0.0448303 0.80177271 1.9113388 3684408
-0.036209092 0.80177277 1.9113388 3684408
-0.025863633 0.80177277 1.9113388 3684408
-0.015518181 0.80177277 1.9113388 3684408
-0.0051727272 0.80177277 1.9113388 3684408
0.0051727272 0.80177277 1.9113388 3684408
0.015518181 0.80177277 1.9113388 3684408
0.025863634 0.80177277 1.9113388 3684408
0.036209092 0.80177277 1.9113388 3684408
0.0448303 0.80177271 1.9113388 3684408
0.053451512 0.80177277 1.9113388 3684408
0.063796967 0.80177277 1.9113388 3684408
0.074142419 0.80177277 1.9113388 3684408
0.084487878 0.80177277 1.9113388 3684408
0.094833337 0.80177277 1.9113388 3684408
0.10517877 0.80177277 1.9113388 3684408
0.11552423 0.80177277 1.9113388 3684408
0.12586969 0.80177277 1.9113388 3684408
0.13621515 0.80177277 1.9113388 3684408
0.1448365 0.80177349 1.9113407 3684408
0.15345788 0.80177426 1.9113426 3684408
0.16380335 0.80177426 1.9113426 3684408
0.17414884 0.80177426 1.9113426 3684408
0.1844943 0.80177426 1.9113426 3684408
0.19483978 0.80177426 1.9113426 3684408
0.20518525 0.80177426 1.9113426 3684408
0.21553071 0.80177426 1.9113426 3684408
0.2258762 0.80177426 1.9113426 3684408
0.23622167 0.80177426 1.9113426 3684408
0.2448429 0.80177426 1.9113426 3684408
0.25346413 0.80177426 1.9113426 3684408
0.26380959 0.80177426 1.9113426 3684408
0.27415508 0.80177426 1.9113426 3684408
0.28450057 0.80177426 1.9113426 3684408
0.29484603 0.80177426 1.9113426 3684408
0.30519152 0.80177426 1.9113426 3684408
0.31553698 0.80177426 1.9113426 3684408
0.32588243 0.80177426 1.9113426 3684408
0.33622792 0.80177426 1.9113426 3684408
0.34484917 0.80177426 1.9113426 3684408
0.35347041 0.80177426 1.9113426 3684408
0.36381587 0.80177426 1.9113426 3684408
0.37416133 0.80177426 1.9113426 3684408
0.38450682 0.80177426 1.9113426 3684408
0.39485228 0.80177426 1.9113426 3684408
0.40519774 0.80177426 1.9113426 3684408
0.41554323 0.80177426 1.9113426 3684408
0.42588869 0.80177426 1.9113426 3684408
0.43623415 0.80177426 1.9113426 3684408
0.44485542 0.80177426 1.9113426 3684408
0.45347664 0.80177426 1.9113426 3684408
0.46382213 0.80177426 1.9113426 3684408
0.47416759 0.80177426 1.9113426 3684408
0.48451304 0.80177426 1.9113426 3684408
0.49485853 0.80177426 1.9113426 3684408
0.50520402 0.80177426 1.9113426 3684408
0.51554948 0.80177426 1.9113426 3684408
0.52589494 0.80177426 1.9113426 3684408
0.53624046 0.80177426 1.9113426 3684408
0.54486167 0.80177426 1.9113426 3684408
0.55348289 0.80177426 1.9113426 3684408
0.56382835 0.80177426 1.9113426 3684408
0.57417387 0.80177426 1.9113426 3684408
0.58451933 0.80177426 1.9113426 3684408
0.59486479 0.80177426 1.9113426 3684408
0.60521024 0.80177426 1.9113426 3684408
0.61555576 0.80177426 1.9113426 3684408
0.62590122 0.80177426 1.9113426 3684408
0.63624668 0.80177426 1.9113426 3684408
0.6448679 0.80177426 1.9113426 3684408
0.65348917 0.80177426 1.9113426 3684408
0.66383463 0.80177426 1.9113426 3684408
0.67418009 0.80177426 1.9113426 3684408
0.68452555 0.80177426 1.9113426 3684408
0.69487113 0.80177426 1.9113426 3684408
0.70521659 0.80177426 1.9113426 3684408
0.71556205 0.80177426 1.9113426 3684408
0.7259075 0.80177426 1.9113426 3684408
0.73625296 0.80177426 1.9113426 3684408
0.74487418 0.80177426 1.9113426 3684408
0.7534954 0.80177426 1.9113426 3684408
0.76384091 0.80177426 1.9113426 3684408
0.77418637 0.80177426 1.9113426 3684408
0.78453183 0.80177426 1.9113426 3684408
0.79487729 0.80177426 1.9113426 3684408
0.80522275 0.80177426 1.9113426 3684408
0.81556827 0.80177426 1.9113426 3684408
0.82591373 0.80177426 1.9113426 3684408
0.83625919 0.80177426 1.9113426 3684408
0.84488046 0.80177426 1.9113426 3684408
0.85350162 0.80177426 1.9113426 3684408
0.86384708 0.80177426 1.9113426 3684408
0.87419254 0.80177426 1.9113426 3684408
0.88453811 0.80177426 1.9113426 3684408
0.89488357 0.80177426 1.9113426 3684408
0.90522903 0.80177426 1.9113426 3684408
0.91557449 0.80177426 1.9113426 3684408
0.92592001 0.80177426 1.9113426 3684408
0.93626547 0.80177426 1.9113426 3684408
0.94488668 0.80177426 1.9113426 3684408
0.9535079 0.80177426 1.9113426 3684408
0.96385336 0.80177426 1.9113426 3684408
0.97419888 0.80177426 1.9113426 3684408
0.98454434 0.80177426 1.9113426 3684408
0.9948898 0.80177426 1.9113426 3684408
1.0052353 0.80177426 1.9113426 3684408
1.0155808 0.80177426 1.9113426 3684408
1.0259262 0.80177426 1.9113426 3684408
1.0362717 0.80177426 1.9113426 3684408
1.0448929 0.80177426 1.9113426 3684408
1.0535141 0.80177426 1.9113426 3684408
1.0638597 0.80177426 1.9113426 3684408
1.0742052 0.80177426 1.9113426 3684408
1.0845506 0.80177426 1.9113426 3684408
1.0948961 0.80177426 1.9113426 3684408
1.1017931 0.80177426 1.9113426 3684408
-1.1111525 0.79293346 1.927579 10197915
-1.1048962 0.79392385 1.9257712 10197915
-1.0950513 0.7939238 1.9257698 10197915
-1.0846267 0.79392308 1.9257681 10197915
-1.0747451 0.79367626 1.9262222 10197915
-1.0655571 0.79417264 1.9253193 10197915
-1.0556718 0.79392266 1.9257671 10197915
-1.0452495 0.79392362 1.9257692 10197915
-1.0348265 0.79392403 1.9257704 10197915
-1.0249816 0.79392344 1.9257704 10197915
-1.0151362 0.79392308 1.9257679 10197915
-1.0047131 0.79392338 1.9257687 10197915
-0.99428844 0.79392248 1.9257666 10197915
-0.98502302 0.79392284 1.925766 10197915
-0.97575992 0.79392427 1.9257711 10197915
-0.9653337 0.79392219 1.925766 10197915
-0.95491219 0.7939238 1.9257698 10197915
-0.94506747 0.79392332 1.9257698 10197915
-0.93522251 0.7939232 1.9257684 10197915
-0.92479843 0.79392284 1.9257674 10197915
-0.91437465 0.79392266 1.9257668 10197915
-0.90511137 0.79392475 1.9257706 10197915
-0.89584374 0.79392236 1.9257665 10197915
-0.88542116 0.79392326 1.9257685 10197915
-0.87499815 0.7939238 1.9257698 10197915
-0.86515301 0.79392296 1.925769 10197915
-0.85530752 0.79392219 1.925766 10197915
-0.84488493 0.79392314 1.9257681 10197915
-0.83446276 0.79392445 1.9257715 10197915
-0.8245675 0.79416955 1.9253119 10197915
-0.81540018 0.79367638 1.9262224 10197915
-0.80550772 0.79392385 1.92577 10197915
-0.79508346 0.79392314 1.9257684 10197915
-0.78465998 0.7939232 1.9257681 10197915
-0.77481556 0.79392296 1.9257691 10197915
-0.76497227 0.79392451 1.9257711 10197915
-0.75454664 0.79392231 1.9257662 10197915
-0.74467409 0.79417133 1.9253161 10197915
-0.73486143 0.79392403 1.92577 10197915
-0.72504073 0.79367554 1.9262205 10197915
-0.71516973 0.79392344 1.925769 10197915
-0.70474625 0.7939235 1.925769 10197915
-0.6949023 0.7939238 1.925771 10197915
-0.68505645 0.7939226 1.9257666 10197915
-0.67463398 0.79392368 1.9257696 10197915
-0.66477996 0.79417247 1.9253187 10197915
-0.65494704 0.7939235 1.9257692 10197915
-0.64510834 0.7936759 1.9262214 10197915
-0.63525605 0.79392374 1.9257696 10197915
-0.62483311 0.79392439 1.9257712 10197915
-0.61498719 0.79392236 1.9257678 10197915
-0.60514396 0.79392415 1.9257706 10197915
-0.59472072 0.79392457 1.925772 10197915
-0.58488357 0.79417098 1.9253154 10197915
-0.57503313 0.79392368 1.9257693 10197915
-0.56460869 0.79392236 1.9257665 10197915
-0.55474931 0.79367554 1.9262204 10197915
-0.54491818 0.79392314 1.9257684 10197915
-0.53507388 0.7939232 1.9257698 10197915
-0.52522838 0.79392189 1.9257652 10197915
-0.51540935 0.79417074 1.9253147 10197915
-0.50554264 0.79392344 1.925769 10197915
-0.49511874 0.79392284 1.9257677 10132122
-0.48469529 0.79392302 1.9257681 8158332
-0.47481683 0.79367572 1.9262211 3947580
-0.46500471 0.79392391 1.92577 3684408
-0.45515898 0.79392171 1.925766 3684408
-0.44531551 0.79392362 1.9257692 3684408
-0.43551481 0.79417169 1.925317 3684408
-0.42562804 0.79392225 1.9257662 3684408
-0.41520208 0.79391754 1.925755 3684408
-0.40477741 0.79391539 1.9257494 3684408
-0.39435402 0.79391533 1.9257494 3684408
-0.38445437 0.79366803 1.9262023 3684408
-0.37466308 0.79391539 1.9257494 3684408
-0.36481848 0.79391497 1.9257498 3684408
-0.35561576 0.79416311 1.9252963 3684408
-0.34571126 0.79391533 1.9257494 3684408
-0.33528778 0.79391539 1.9257494 3684408
-0.32486433 0.79391533 1.9257494 3684408
-0.31444088 0.79391533 1.9257494 3684408
-0.3045224 0.79366803 1.9262023 3684408
-0.29474998 0.79391539 1.9257494 3684408
-0.28490531 0.79391491 1.9257498 3684408
-0.27572137 0.79416317 1.9252963 3684408
-0.26579806 0.79391539 1.9257494 3684408
-0.25537464 0.79391533 1.9257494 3684408
-0.24495117 0.79391539 1.9257494 3684408
-0.23452772 0.79391545 1.9257494 3684408
-0.22410424 0.79391533 1.9257494 3684408
-0.21416456 0.79366803 1.9262023 3684408
-0.20499218 0.79391503 1.9257498 3684408
-0.19582707 0.79416311 1.9252963 3684408
-0.18588494 0.79391539 1.9257494 3684408
-0.17546149 0.79391539 1.9257494 3684408
-0.16503803 0.79391539 1.9257494 3684408
-0.15461458 0.79391533 1.9257494 3684408
-0.14419112 0.79391539 1.9257494 3684408
-0.13376766 0.79391539 1.9257494 3684408
-0.12436916 0.79363221 1.9262674 3684408
-0.11593273 0.79416317 1.9252963 3684408
-0.10597178 0.79391539 1.9257494 3684408
-0.095548332 0.79391533 1.9257494 3684408
-0.085124873 0.79391539 1.9257494 3684408
-0.074701421 0.79391533 1.9257494 3684408
-0.064277969 0.79391545 1.9257494 3684408
-0.05385451 0.79391539 1.9257494 3684408
-0.044434518 0.79363221 1.9262674 3684408
-0.036038376 0.79416317 1.9252963 3684408
-0.026058637 0.79391545 1.9257494 3684408
-0.015635181 0.79391533 1.9257494 3684408
-0.0052117272 0.79391533 1.9257494 3684408
0.0052117272 0.79391545 1.9257494 3684408
0.015635181 0.79391533 1.9257494 3684408
0.026058637 0.79391545 1.9257494 3684408
0.036038376 0.79416317 1.9252963 3684408
0.044434514 0.79363221 1.9262674 3684408
0.05385451 0.79391539 1.9257494 3684408
0.064277969 0.79391533 1.9257494 3684408
0.074701421 0.79391539 1.9257494 3684408
0.08512488 0.79391545 1.9257494 3684408
0.095548324 0.79391539 1.9257494 3684408
0.10597178 0.79391539 1.9257494 3684408
0.11593273 0.79416323 1.9252963 3684408
0.12436916 0.79363221 1.9262674 3684408
0.13376766 0.79391533 1.9257494 3684408
0.1441911 0.79391539 1.9257494 3684408
0.15461458 0.79391533 1.9257494 3684408
0.16503824 0.7939164 1.925752 3684408
0.17546183 0.793917 1.9257532 3684408
0.1858853 0.793917 1.9257532 3684408
0.19582744 0.79416478 1.9253001 3684408
0.20499259 0.79391658 1.9257536 3684408
0.21416497 0.79366958 1.9262061 3684408
0.2241047 0.79391694 1.9257532 3684408
0.23452817 0.79391694 1.9257532 3684408
0.24495167 0.79391694 1.9257532 3684408
0.25537515 0.793917 1.9257532 3684408
0.26579863 0.793917 1.9257532 3684408
0.27572194 0.79416478 1.9253001 3684408
0.28490591 0.79391652 1.9257536 3684408
0.29475054 0.793917 1.9257532 3684408
0.30452299 0.79366958 1.9262061 3684408
0.31444153 0.79391694 1.9257532 3684408
0.32486498 0.793917 1.9257532 3684408
0.33528847 0.793917 1.9257532 3684408
0.34571195 0.793917 1.9257532 3684408
0.35561642 0.79416466 1.9253001 3684408
0.36481923 0.79391646 1.9257536 3684408
0.37466383 0.79391694 1.9257532 3684408
0.38445511 0.79366958 1.9262061 3684408
0.39435482 0.79391694 1.9257532 3684408
0.40477827 0.793917 1.9257532 3684408
0.41520175 0.793917 1.9257532 3684408
0.42562521 0.793917 1.9257532 3684408
0.43551093 0.79416478 1.9253001 3684408
0.44531181 0.79391694 1.9257532 3684408
0.45515603 0.79391658 1.9257536 3684408
0.46500063 0.793917 1.9257532 3684408
0.47481313 0.79366958 1.9262061 3684408
0.48469156 0.793917 1.9257532 3684408
0.49511507 0.79391694 1.9257532 3684408
0.50553852 0.79391694 1.9257532 3684408
0.51540548 0.79416478 1.9253001 3684408
0.5252251 0.793917 1.9257532 3684408
0.53506941 0.79391658 1.9257536 3684408
0.54491395 0.793917 1.9257532 3684408
0.5547452 0.7936697 1.9262061 3684408
0.56460494 0.79391694 1.9257532 3684408
0.57502836 0.793917 1.9257532 3684408
0.58487892 0.79416478 1.9253001 3684408
0.59471494 0.79391694 1.9257532 3684408
0.60513848 0.793917 1.9257532 3684408
0.61498272 0.79391658 1.9257536 3684408
0.62482721 0.793917 1.9257532 3684408
0.63525069 0.79391694 1.9257532 3684408
0.64510322 0.79366958 1.9262061 3684408
0.65494174 0.79391694 1.9257532 3684408
0.66477346 0.79416466 1.9253001 3684408
0.67462826 0.793917 1.9257532 3684408
0.68505174 0.793917 1.9257532 3684408
0.69489598 0.79391658 1.9257536 3684408
0.70474052 0.793917 1.9257532 3684408
0.71516395 0.793917 1.9257532 3684408
0.72503543 0.79366964 1.9262061 3684408
0.73485506 0.79391694 1.9257532 3684408
0.74466795 0.79416478 1.9253001 3684408
0.75454158 0.793917 1.9257532 3684408
0.76496506 0.793917 1.9257532 3684408
0.7748093 0.79391652 1.9257536 3684408
0.78465378 0.793917 1.9257532 3684408
0.79507726 0.793917 1.9257532 3684408
0.80550086 0.79391694 1.9257532 3684408
0.81539333 0.7936697 1.9262061 3684408
0.82456243 0.79416472 1.9253001 3684408
0.83445483 0.793917 1.9257532 3684408
0.84487838 0.79391694 1.9257532 3684408
0.85530186 0.793917 1.9257532 3684408
0.8651461 0.79391658 1.9257536 3684408
0.87499064 0.793917 1.9257532 3684408
0.88541412 0.793917 1.9257532 3684408
0.89583755 0.79391694 1.9257532 3684408
0.90510303 0.79391754 1.9257529 3684408
0.91436821 0.79391694 1.9257532 3684408
0.92479163 0.79391694 1.9257532 3684408
0.93521523 0.79391694 1.9257532 3684408
0.94505948 0.79391652 1.9257536 3684408
0.9549039 0.793917 1.9257532 3684408
0.96532738 0.79391694 1.9257532 3684408
0.97575092 0.79391694 1.9257532 3684408
0.98501629 0.79391754 1.9257529 3684408
0.99428153 0.79391694 1.9257532 3684408
1.004705 0.79391694 1.9257532 3684408
1.0151285 0.79391694 1.9257532 3684408
1.0249727 0.79391646 1.9257536 3684408
1.0348172 0.793917 1.9257532 3684408
1.0452408 0.793917 1.9257532 3684408
1.0556643 0.79391694 1.9257532 3684408
1.0655464 0.79416478 1.9253001 3684408
1.0747361 0.79366964 1.9262061 3684408
1.0846182 0.79391694 1.9257532 3684408
1.0950418 0.79391694 1.9257532 3684408
1.1048861 0.79391658 1.9257536 3684408
1.1111443 0.79292756 1.9275646 3684408
-1.1136076 0.78894925 1.9348661 10197915
-1.104883 0.7889511 1.9348707 10197915
-1.0953114 0.78874892 1.935231 10197915
-1.0856801 0.78895038 1.9348688 10197915
-1.0752076 0.78895068 1.9348694 10197915
-1.0647343 0.78895026 1.9348687 10197915
-1.0542607 0.78894967 1.9348673 10197915
-1.0446379 0.78914917 1.9345003 10197915
-1.0350646 0.78895146 1.9348716 10197915
-1.0245885 0.78894883 1.9348651 10197915
-1.0150073 0.78875083 1.9352357 10197915
-1.0053862 0.78894854 1.9348645 10197915
-0.99491435 0.78894931 1.9348661 10197915
-0.98444206 0.78894973 1.9348673 10197915
-0.97483337 0.78914988 1.934502 10197915
-0.96524268 0.78894895 1.9348654 10197915
-0.95476979 0.78894895 1.9348654 10197915
-0.94517547 0.78875095 1.935236 10197915
-0.93556762 0.78894854 1.9348644 10197915
-0.92509604 0.78894955 1.9348669 10197915
-0.9146235 0.78894979 1.9348675 10197915
-0.90502769 0.78914976 1.9345016 10197915
-0.89542371 0.78894877 1.9348649 10197915
-0.88495129 0.78894901 1.9348655 10197915
-0.87448066 0.78895092 1.9348702 10197915
-0.86486608 0.78874862 1.93523 10197915
-0.85527754 0.78894973 1.9348673 10197915
-0.8448053 0.78895026 1.9348687 10197915
-0.83522236 0.78914988 1.934502 10197915
-0.82560521 0.78894883 1.934865 10197915
-0.81513286 0.78894925 1.934866 10197915
-0.80466169 0.78895074 1.9348698 10197915
-0.79503405 0.78874838 1.9352297 10197915
-0.7854591 0.78895003 1.934868 10197915
-0.77498609 0.78894979 1.9348674 10197915
-0.76541698 0.78915012 1.9345026 10197915
-0.75578696 0.78894919 1.9348658 10197915
-0.7453143 0.78894931 1.9348663 10197915
-0.73484343 0.7889514 1.9348712 10197915
-0.7243681 0.7889486 1.9348646 10197915
-0.71472961 0.78875071 1.9352353 10197915
-0.70516747 0.78894997 1.9348677 10197915
-0.69469452 0.78894967 1.9348673 10197915
-0.68514019 0.78914958 1.9345013 10197915
-0.67549592 0.78894967 1.934867 10197915
-0.66502434 0.78895116 1.9348707 10197915
-0.65454954 0.78894871 1.9348649 10197915
-0.6448977 0.78875077 1.9352354 10197915
-0.63534921 0.7889505 1.9348689 10197915
-0.62487584 0.78894973 1.9348674 10197915
-0.61533433 0.78914917 1.9345003 10197915
-0.60567731 0.78894973 1.9348673 10197915
-0.59520572 0.78895134 1.9348716 10197915
-0.58473116 0.78894901 1.9348656 10197915
-0.57425946 0.7889505 1.9348692 10197915
-0.56458926 0.7887485 1.9352299 10197915
-0.55505699 0.78894967 1.9348669 10197915
-0.54552901 0.78914934 1.9345007 10197915
-0.53585863 0.78894979 1.9348675 10197915
-0.52538496 0.7889486 1.9348645 10197915
-0.51491255 0.78894907 1.9348658 10197915
-0.50444037 0.78895015 1.9348682 10197915
-0.49396655 0.78894848 1.934864 10197915
-0.48428369 0.78875005 1.9352338 8882055
-0.47572389 0.78914988 1.9345022 4605510
-0.46604013 0.78895026 1.9348685 3684408
-0.45556664 0.78894895 1.9348654 3684408
-0.44509375 0.78894895 1.9348654 3684408
-0.43462205 0.78895086 1.9348699 3684408
-0.42414784 0.78894824 1.9348636 3684408
-0.41445175 0.78875011 1.9352338 3684408
-0.40494326 0.78894275 1.9348501 3684408
-0.39544323 0.78914136 1.934481 3684408
-0.3857443 0.78894138 1.9348469 3684408
-0.37527159 0.78894144 1.9348469 3684408
-0.3647989 0.78894138 1.9348469 3684408
-0.35432616 0.78894138 1.9348469 3684408
-0.3438535 0.78894138 1.9348469 3684408
-0.33414134 0.78874147 1.9352127 3684408
-0.32563847 0.78914136 1.934481 3684408
-0.31592634 0.78894138 1.9348469 3684408
-0.3054536 0.78894144 1.9348469 3684408
-0.29498091 0.78894138 1.9348469 3684408
-0.28450823 0.78894144 1.9348469 3684408
-0.27403554 0.78894138 1.9348469 3684408
-0.26431018 0.78874147 1.9352127 3684408
-0.25583369 0.7891413 1.934481 3684408
-0.24610835 0.78894144 1.9348469 3684408
-0.23563564 0.78894138 1.9348469 3684408
-0.22516294 0.78894138 1.9348469 3684408
-0.21469025 0.78894144 1.9348469 3684408
-0.20421757 0.78894138 1.9348469 3684408
-0.19374485 0.78894144 1.9348469 3684408
-0.18501762 0.78894138 1.9348469 3684408
-0.17629038 0.78894144 1.9348469 3684408
-0.16581768 0.78894138 1.9348469 3684408
-0.15534498 0.78894144 1.9348469 3684408
-0.14487229 0.78894144 1.9348469 3684408
-0.13439959 0.78894144 1.9348469 3684408
-0.1239269 0.78894144 1.9348469 3684408
-0.11417317 0.78874147 1.9352127 3684408
-0.10575344 0.78914136 1.934481 3684408
-0.09599971 0.78894144 1.9348469 3684408
-0.08552701 0.78894144 1.9348469 3684408
-0.075054325 0.78894144 1.9348469 3684408
-0.064581625 0.78894138 1.9348469 3684408
-0.054108929 0.78894144 1.9348469 3684408
-0.043636229 0.78894144 1.9348469 3684408
-0.034908984 0.78894138 1.9348469 3684408
-0.026181737 0.78894144 1.9348469 3684408
-0.015709043 0.78894144 1.9348469 3684408
-0.0052363477 0.78894144 1.9348469 3684408
0.0052363477 0.78894144 1.9348469 3684408
0.015709043 0.78894138 1.9348469 3684408
0.026181741 0.78894138 1.9348469 3684408
0.034908984 0.78894138 1.9348469 3684408
0.043636233 0.78894144 1.9348469 3684408
0.054108929 0.78894144 1.9348469 3684408
0.064581625 0.78894138 1.9348469 3684408
0.075054318 0.78894138 1.9348469 3684408
0.085527025 0.78894144 1.9348469 3684408
0.09599971 0.78894138 1.9348469 3684408
0.10575344 0.7891413 1.934481 3684408
0.11417317 0.78874147 1.9352127 3684408
0.1239269 0.78894144 1.9348469 3684408
0.13439961 0.78894138 1.9348469 3684408
0.14487229 0.78894144 1.9348469 3684408
0.15534498 0.78894144 1.9348469 3684408
0.16581768 0.78894144 1.9348469 3684408
0.17629068 0.78894275 1.9348501 3684408
0.18501799 0.78894293 1.9348507 3684408
0.19374526 0.78894299 1.9348507 3684408
0.20421797 0.78894299 1.9348507 3684408
0.21469069 0.78894299 1.9348507 3684408
0.22516342 0.78894299 1.9348507 3684408
0.23563612 0.78894299 1.9348507 3684408
0.24610883 0.78894299 1.9348507 3684408
0.25583419 0.78914285 1.9344848 3684408
0.26431072 0.78874302 1.9352165 3684408
0.27403608 0.78894299 1.9348507 3684408
0.28450879 0.78894299 1.9348507 3684408
0.29498151 0.78894299 1.9348507 3684408
0.30545422 0.78894299 1.9348507 3684408
0.31592694 0.78894299 1.9348507 3684408
0.3256391 0.78914285 1.9344848 3684408
0.33414203 0.78874302 1.9352165 3684408
0.34385419 0.78894299 1.9348507 3684408
0.35432687 0.78894299 1.9348507 3684408
0.36479962 0.78894299 1.9348507 3684408
0.3752723 0.78894299 1.9348507 3684408
0.38574505 0.78894299 1.9348507 3684408
0.39544401 0.78914285 1.9344848 3684408
0.40494338 0.78894299 1.9348507 3684408
0.41444802 0.78874302 1.9352165 3684408
0.42414498 0.78894299 1.9348507 3684408
0.43461776 0.78894299 1.9348507 3684408
0.44509044 0.78894299 1.9348507 3684408
0.45556319 0.78894299 1.9348507 3684408
0.46603587 0.78894299 1.9348507 3684408
0.47571963 0.78914291 1.9344848 3684408
0.48427933 0.78874302 1.9352165 3684408
0.49396312 0.78894299 1.9348507 3684408
0.50443584 0.78894299 1.9348507 3684408
0.51490855 0.78894299 1.9348507 3684408
0.52538133 0.78894299 1.9348507 3684408
0.53585404 0.78894299 1.9348507 3684408
0.54552454 0.78914285 1.9344848 3684408
0.55505228 0.78894299 1.9348507 3684408
0.56458533 0.78874302 1.9352165 3684408
0.57425392 0.78894299 1.9348507 3684408
0.58472669 0.78894299 1.9348507 3684408
0.59519941 0.78894299 1.9348507 3684408
0.60567206 0.78894299 1.9348507 3684408
0.61532944 0.78914291 1.9344848 3684408
0.62487042 0.78894299 1.9348507 3684408
0.63534313 0.78894299 1.9348507 3684408
0.64489138 0.78874302 1.9352165 3684408
0.65454471 0.78894299 1.9348507 3684408
0.66501743 0.78894299 1.9348507 3684408
0.6754902 0.78894299 1.9348507 3684408
0.68513435 0.78914285 1.9344848 3684408
0.69468856 0.78894299 1.9348507 3684408
0.70516127 0.78894299 1.9348507 3684408
0.71472269 0.78874302 1.9352165 3684408
0.72436285 0.78894299 1.9348507 3684408
0.73483557 0.78894299 1.9348507 3684408
0.74530834 0.78894299 1.9348507 3684408
0.75578099 0.78894299 1.9348507 3684408
0.76541007 0.78914291 1.9344848 3684408
0.77497935 0.78894299 1.9348507 3684408
0.78545207 0.78894299 1.9348507 3684408
0.79502869 0.78874302 1.9352165 3684408
0.8046537 0.78894299 1.9348507 3684408
0.81512642 0.78894299 1.9348507 3684408
0.82559913 0.78894299 1.9348507 3684408
0.83521491 0.78914285 1.9344848 3684408
0.84479743 0.78894299 1.9348507 3684408
0.85527015 0.78894299 1.9348507 3684408
0.86485994 0.78874302 1.9352165 3684408
0.87447184 0.78894299 1.9348507 3684408
0.8849445 0.78894299 1.9348507 3684408
0.89541721 0.78894299 1.9348507 3684408
0.90501988 0.78914285 1.9344848 3684408
0.91461563 0.78894299 1.9348507 3684408
0.92508823 0.78894299 1.9348507 3684408
0.935561 0.78894299 1.9348507 3684408
0.94516599 0.78874302 1.9352165 3684408
0.95476264 0.78894299 1.9348507 3684408
0.96523541 0.78894299 1.9348507 3684408
0.97482473 0.78914291 1.9344848 3684408
0.98443365 0.78894299 1.9348507 3684408
0.99490643 0.78894299 1.9348507 3684408
1.0053791 0.78894299 1.9348507 3684408
1.0149972 0.78874302 1.9352165 3684408
1.0245808 0.78894299 1.9348507 3684408
1.0350534 0.78894299 1.9348507 3684408
1.0446297 0.78914285 1.9344848 3684408
1.0542517 0.78894299 1.9348507 3684408
1.0647246 0.78894299 1.9348507 3684408
1.0751972 0.78894299 1.9348507 3684408
1.08567 0.78894299 1.9348507 3684408
1.0953033 0.78874302 1.9352165 3684408
1.1048715 0.78894299 1.9348507 3684408
1.1135988 0.78894293 1.9348507 3684408
-1.1217157 0.7829172 1.9459034 10197915
-1.1148058 0.7839272 1.9440618 10197915
-1.1048675 0.78392655 1.9440614 10197915
-1.0949283 0.78392601 1.9440588 10197915
-1.0844061 0.78392631 1.9440594 10197915
-1.0744319 0.78367567 1.9445244 10197915
-1.0651528 0.78417867 1.9435973 10197915
-1.0551782 0.7839272 1.9440618 10197915
-1.0452397 0.78392667 1.9440619 10197915
-1.0353022 0.78392726 1.9440619 10197915
-1.0247782 0.78392637 1.9440596 10197915
-1.0147876 0.78367394 1.9445202 10197915
-1.0055376 0.78417742 1.9435942 10197915
-0.99554849 0.78392601 1.9440588 10197915
-0.98502761 0.78392726 1.9440619 10197915
-0.97508687 0.78392476 1.944057 10197915
-0.96515012 0.78392607 1.9440589 10197915
-0.95462811 0.78392655 1.94406 10197915
-0.94462091 0.78367424 1.9445211 10197915
-0.93540478 0.78417802 1.9435959 10197915
-0.92539799 0.78392583 1.9440583 10197915
-0.91487747 0.78392762 1.9440626 10197915
-0.90493709 0.78392524 1.9440583 10197915
-0.89499992 0.78392625 1.9440591 10197915
-0.88447773 0.78392655 1.94406 10197915
-0.87512493 0.78392738 1.9440606 10197915
-0.86576986 0.78392547 1.9440575 10197915
-0.85524791 0.78392625 1.9440591 10197915
-0.84472692 0.78392768 1.9440627 10197915
-0.83478642 0.78392494 1.9440573 10197915
-0.8248499 0.78392661 1.9440602 10197915
-0.81432736 0.78392667 1.9440604 10197915
-0.80497444 0.78392738 1.9440606 10197915
-0.79561925 0.78392535 1.9440572 10197915
-0.78509778 0.78392631 1.9440596 10197915
-0.77516079 0.78392714 1.9440629 10197915
-0.76522124 0.78392577 1.9440581 10197915
-0.75469899 0.78392607 1.9440589 10197915
-0.74473214 0.78417939 1.9435991 10197915
-0.73543805 0.78367484 1.9445224 10197915
-0.72546941 0.78392583 1.9440583 10197915
-0.71494746 0.78392649 1.94406 10197915
-0.70501035 0.7839272 1.9440631 10197915
-0.69507122 0.78392619 1.9440591 10197915
-0.68511826 0.78417915 1.9435985 10197915
-0.67519832 0.78392708 1.9440615 10197915
-0.66527128 0.78367513 1.9445232 10197915
-0.65531939 0.78392625 1.9440591 10197915
-0.64479721 0.78392673 1.9440602 10197915
-0.63486004 0.78392744 1.9440638 10197915
-0.6249209 0.78392619 1.9440591 10197915
-0.61498481 0.78417951 1.9435995 10197915
-0.60504746 0.78392667 1.9440602 10197915
-0.59510434 0.78367537 1.9445237 10197915
-0.58516908 0.78392637 1.9440596 10197915
-0.57523113 0.78392613 1.9440604 10197915
-0.56529218 0.78392506 1.9440562 10197915
-0.55537081 0.78417915 1.9435985 10197915
-0.54541951 0.78392661 1.9440602 10197915
-0.53489637 0.78392565 1.9440579 10197915
-0.52493602 0.78367382 1.9445201 10197915
-0.51501846 0.78392601 1.9440589 10197915
-0.50508082 0.78392643 1.9440612 10197915
-0.49514192 0.78392494 1.9440564 10132122
-0.48523694 0.78417891 1.943598 8421504
-0.47526911 0.78392655 1.94406 4342338
-0.46474612 0.78392577 1.9440583 3684408
-0.45476902 0.78367376 1.9445196 3684408
-0.44486815 0.78392607 1.9440589 3684408
-0.43493032 0.78392637 1.9440612 3684408
-0.42562234 0.7841773 1.9435937 3684408
-0.4156414 0.78392673 1.9440604 3684408
-0.40511844 0.78392607 1.9440588 3684408
-0.39459476 0.7839238 1.9440532 3684408
-0.38460138 0.78367245 1.9445167 3684408
-0.37471673 0.78392386 1.9440536 3684408
-0.36477843 0.78392315 1.9440532 3684408
-0.35548824 0.78417611 1.9435911 3684408
-0.34548971 0.78392386 1.9440536 3684408
-0.3349672 0.78392386 1.9440536 3684408
-0.32444465 0.78392386 1.9440536 3684408
-0.31443447 0.78367245 1.9445167 3684408
-0.30515078 0.78392315 1.9440532 3684408
-0.29587477 0.78417611 1.9435911 3684408
-0.28586206 0.78392386 1.9440536 3684408
-0.27533948 0.78392386 1.9440536 3684408
-0.264817 0.78392386 1.9440536 3684408
-0.25429446 0.78392386 1.9440536 3684408
-0.24426757 0.78367239 1.9445167 3684408
-0.23500058 0.78392315 1.9440532 3684408
-0.22574125 0.78417611 1.9435911 3684408
-0.21571183 0.78392386 1.9440536 3684408
-0.2051893 0.78392386 1.9440536 3684408
-0.19466677 0.78392386 1.9440536 3684408
-0.18414426 0.78392386 1.9440536 3684408
-0.17410068 0.78367245 1.9445167 3684408
-0.16555826 0.78421128 1.9435245 3684408
-0.15608418 0.78392386 1.9440536 3684408
-0.14556164 0.78392386 1.9440536 3684408
-0.13503912 0.78392386 1.9440536 3684408
-0.12451659 0.78392386 1.9440536 3684408
-0.11399407 0.78392386 1.9440536 3684408
-0.10450087 0.78363568 1.9445822 3684408
-0.095994294 0.78417611 1.9435911 3684408
-0.085933991 0.78392386 1.9440536 3684408
-0.075411461 0.78392386 1.9440536 3684408
-0.064888924 0.78392386 1.9440536 3684408
-0.054366399 0.78392386 1.9440536 3684408
-0.043843869 0.78392386 1.9440536 3684408
-0.035075098 0.78392392 1.9440536 3684408
-0.026306324 0.78392386 1.9440536 3684408
-0.015783794 0.78392386 1.9440536 3684408
-0.0052612643 0.78392386 1.9440536 3684408
0.0052612647 0.78392386 1.9440536 3684408
0.015783794 0.78392386 1.9440536 3684408
0.026306324 0.78392386 1.9440536 3684408
0.035075095 0.78392392 1.9440536 3684408
0.043843869 0.78392386 1.9440536 3684408
0.054366399 0.78392386 1.9440536 3684408
0.064888924 0.78392386 1.9440536 3684408
0.075411454 0.78392386 1.9440536 3684408
0.085933983 0.78392386 1.9440536 3684408
0.095994294 0.78417611 1.9435911 3684408
0.10450085 0.78363568 1.9445822 3684408
0.11399407 0.78392386 1.9440536 3684408
0.12451659 0.78392386 1.9440536 3684408
0.13503912 0.78392386 1.9440536 3684408
0.14556165 0.78392386 1.9440536 3684408
0.15608416 0.78392386 1.9440536 3684408
0.16555825 0.78421128 1.9435245 3684408
0.17410068 0.78367245 1.9445167 3684408
0.18414451 0.783925 1.9440562 3684408
0.19466716 0.78392559 1.9440575 3684408
0.2051897 0.78392547 1.9440575 3684408
0.21571225 0.78392559 1.9440575 3684408
0.22574171 0.78417778 1.9435949 3684408
0.23500106 0.78392482 1.944057 3684408
0.24426806 0.78367406 1.9445205 3684408
0.25429493 0.78392559 1.9440575 3684408
0.26481751 0.78392559 1.9440575 3684408
0.27534005 0.78392553 1.9440575 3684408
0.28586259 0.78392547 1.9440575 3684408
0.29587537 0.78417772 1.9435949 3684408
0.30515137 0.7839247 1.944057 3684408
0.31443512 0.783674 1.9445205 3684408
0.32444531 0.78392547 1.9440575 3684408
0.33496779 0.78392559 1.9440575 3684408
0.34549037 0.78392553 1.9440575 3684408
0.35548896 0.78417772 1.9435949 3684408
0.36477911 0.78392476 1.944057 3684408
0.37471744 0.78392559 1.9440575 3684408
0.38460216 0.78367406 1.9445205 3684408
0.39459559 0.78392553 1.9440575 3684408
0.40511811 0.78392559 1.9440575 3684408
0.41564071 0.78392559 1.9440575 3684408
0.42562258 0.78417766 1.9435949 3684408
0.43492943 0.78392476 1.944057 3684408
0.44486776 0.78392553 1.9440575 3684408
0.45476919 0.78367412 1.9445205 3684408
0.46474588 0.78392559 1.9440575 3684408
0.47526848 0.78392553 1.9440575 3684408
0.4852362 0.78417772 1.9435949 3684408
0.49514219 0.78392559 1.9440575 3684408
0.50507975 0.7839247 1.944057 3684408
0.51501817 0.78392553 1.9440575 3684408
0.5249362 0.783674 1.9445205 3684408
0.53489625 0.78392547 1.9440575 3684408
0.54541886 0.78392559 1.9440575 3684408
0.55536985 0.78417778 1.9435949 3684408
0.56529248 0.78392547 1.9440575 3684408
0.57523006 0.78392482 1.944057 3684408
0.58516842 0.78392553 1.9440575 3684408
0.59510326 0.78367412 1.9445205 3684408
0.60504657 0.78392559 1.9440575 3684408
0.61498344 0.78417766 1.9435949 3684408
0.62492025 0.78392559 1.9440575 3684408
0.63485783 0.7839247 1.944057 3684408
0.64479619 0.78392559 1.9440575 3684408
0.6553188 0.78392553 1.9440575 3684408
0.66527021 0.78367406 1.9445205 3684408
0.67519689 0.78392559 1.9440575 3684408
0.68511707 0.78417778 1.9435949 3684408
0.69507056 0.78392559 1.9440575 3684408
0.70500815 0.78392476 1.944057 3684408
0.71494651 0.78392559 1.9440575 3684408
0.72546917 0.78392547 1.9440575 3684408
0.73543733 0.78367406 1.9445205 3684408
0.74473071 0.78417772 1.9435949 3684408
0.7546984 0.78392553 1.9440575 3684408
0.76522094 0.78392559 1.9440575 3684408
0.77515846 0.78392476 1.944057 3684408
0.78509688 0.78392553 1.9440575 3684408
0.79561943 0.78392559 1.9440575 3684408
0.8049733 0.78392643 1.9440581 3684408
0.81432617 0.78392559 1.9440575 3684408
0.82484871 0.78392547 1.9440575 3684408
0.83478624 0.7839247 1.944057 3684408
0.84472471 0.78392553 1.9440575 3684408
0.8552472 0.78392559 1.9440575 3684408
0.86576968 0.78392559 1.9440575 3684408
0.8751238 0.78392643 1.9440581 3684408
0.88447648 0.78392547 1.9440575 3684408
0.89499909 0.78392547 1.9440575 3684408
0.90493655 0.78392482 1.944057 3684408
0.91487491 0.78392559 1.9440575 3684408
0.92539757 0.78392559 1.9440575 3684408
0.9354043 0.78417766 1.9435949 3684408
0.94462061 0.783674 1.9445205 3684408
0.9546268 0.78392559 1.9440575 3684408
0.96514934 0.78392553 1.9440575 3684408
0.97508681 0.78392476 1.944057 3684408
0.98502529 0.78392547 1.9440575 3684408
0.99554783 0.78392553 1.9440575 3684408
1.005538 0.78417778 1.9435949 3684408
1.0147877 0.78367406 1.9445205 3684408
1.0247772 0.78392547 1.9440575 3684408
1.0352998 0.78392553 1.9440575 3684408
1.0452371 0.78392482 1.944057 3684408
1.0551755 0.78392559 1.9440575 3684408
1.0651515 0.78417772 1.9435949 3684408
1.0744296 0.78367406 1.9445205 3684408
1.0844049 0.78392553 1.9440575 3684408
1.0949274 0.78392553 1.9440575 3684408
1.104865 0.78392476 1.944057 3684408
1.1148034 0.78392553 1.9440575 3684408
1.1217191 0.78291965 1.9459095 3684408
-1.1242598 0.77758384 1.9556745 10197915
-1.1147316 0.77783948 1.9552108 10197915
-1.1047344 0.77783829 1.9552065 10197915
-1.0947069 0.77758414 1.9556751 10197915
-1.0853691 0.77809584 1.9547447 10197915
-1.0753387 0.77783912 1.9552087 10197915
-1.0647558 0.77783912 1.9552087 10197915
-1.0547603 0.77783841 1.9552082 10197915
-1.044767 0.77784002 1.9552108 10197915
-1.0347222 0.7775836 1.9556737 10197915
-1.0254128 0.77809525 1.9547433 10197915
-1.0153666 0.77783734 1.955204 10197915
-1.0047854 0.77783877 1.9552073 10197915
-0.99479043 0.77783841 1.9552081 10197915
-0.98479527 0.77783859 1.9552072 10197915
-0.97421193 0.77783829 1.9552064 10197915
-0.96480507 0.77783865 1.9552057 10197915
-0.95539927 0.77783936 1.9552091 10197915
-0.94481438 0.77783775 1.9552051 10197915
-0.93482065 0.77783835 1.9552078 10197915
-0.92482597 0.77783895 1.9552083 10197915
-0.91424298 0.77783883 1.9552078 10197915
-0.90483445 0.77783805 1.9552039 10197915
-0.89542836 0.77783835 1.9552065 10197915
-0.88484657 0.77783942 1.9552091 10197915
-0.87484992 0.77783751 1.9552058 10197915
-0.86485565 0.77783847 1.9552068 10197915
-0.85427374 0.77783936 1.9552091 10197915
-0.84486628 0.7778393 1.9552075 10197915
-0.83545792 0.77783769 1.9552048 10197915
-0.82487649 0.777839 1.9552083 10197915
-0.81488204 0.7778393 1.9552102 10197915
-0.80488551 0.77783805 1.9552059 10197915
-0.79484981 0.77809435 1.954741 10197915
-0.78552538 0.77758312 1.9556727 10197915
-0.77549028 0.77783984 1.9552102 10197915
-0.76490539 0.77783775 1.9552051 10197915
-0.75491154 0.77783865 1.9552088 10197915
-0.74491692 0.7778393 1.9552091 10197915
-0.73489386 0.77809381 1.9547397 10197915
-0.72492862 0.77783865 1.9552073 10197915
-0.71495628 0.7775836 1.9556738 10197915
-0.70493746 0.77783966 1.95521 10197915
-0.69494075 0.77783751 1.9552059 10197915
-0.68494678 0.77783895 1.9552078 10197915
-0.67493945 0.77809501 1.9547428 10197915
-0.66495895 0.77783871 1.9552073 10197915
-0.65497231 0.77758354 1.9556739 10197915
-0.6449669 0.77783895 1.9552081 10197915
-0.63497263 0.77783954 1.9552109 10197915
-0.6249761 0.77783781 1.9552053 10197915
-0.61498398 0.77809513 1.9547428 10197915
-0.60499018 0.77784008 1.9552108 10197915
-0.59498823 0.7775836 1.9556739 10197915
-0.58499688 0.77783871 1.9552072 10197915
-0.5750016 0.77783805 1.9552071 10197915
-0.56500643 0.77783787 1.9552054 10197915
-0.55502743 0.77809364 1.9547391 10197915
-0.5450201 0.77783972 1.95521 10197915
-0.53500289 0.77758181 1.9556694 10197915
-0.5250271 0.77783871 1.9552072 10197915
-0.51503205 0.77783829 1.9552078 10197915
-0.50503725 0.77783871 1.9552072 10197915
-0.49507186 0.77809346 1.9547386 10066329
-0.48504937 0.77783835 1.9552064 7368816
-0.47446728 0.7778396 1.9552097 3750201
-0.46443367 0.77758205 1.95567 3684408
-0.45506242 0.77783853 1.9552085 3684408
-0.44506755 0.77783883 1.9552076 3684408
-0.43511707 0.77809453 1.9547415 3684408
-0.42507941 0.77783787 1.9552053 3684408
-0.4144966 0.77783799 1.9552057 3684408
-0.40445125 0.77758497 1.9556773 3684408
-0.39509213 0.77783751 1.9552059 3684408
-0.38573915 0.77808875 1.9547269 3684408
-0.37568817 0.77782875 1.9551824 3684408
-0.36510542 0.77782875 1.9551824 3684408
-0.35452265 0.77782875 1.9551824 3684408
-0.34446207 0.77757365 1.9556489 3684408
-0.33511847 0.7778284 1.955183 3684408
-0.32578215 0.7780841 1.9547153 3684408
-0.31571916 0.77782875 1.9551824 3684408
-0.30513635 0.77782881 1.9551824 3684408
-0.29455364 0.77782863 1.9551824 3684408
-0.28447872 0.77757365 1.9556489 3684408
-0.27514946 0.77782845 1.955183 3684408
-0.26582751 0.7780841 1.9547153 3684408
-0.25575012 0.77782863 1.9551824 3684408
-0.24516739 0.77782881 1.9551824 3684408
-0.23458463 0.77782863 1.9551824 3684408
-0.22400185 0.77782863 1.9551824 3684408
-0.21448429 0.77753681 1.9557163 3684408
-0.20587282 0.7780841 1.9547153 3684408
-0.19578116 0.77782869 1.9551824 3684408
-0.18519838 0.77782869 1.9551824 3684408
-0.17461562 0.77782869 1.9551824 3684408
-0.16403288 0.77782875 1.9551824 3684408
-0.15449892 0.77753693 1.9557163 3684408
-0.14591816 0.77808416 1.9547153 3684408
-0.13581215 0.77782881 1.9551824 3684408
-0.12522939 0.77782869 1.9551824 3684408
-0.11464662 0.77782875 1.9551824 3684408
-0.10406385 0.77782875 1.9551824 3684408
-0.094513535 0.77753681 1.9557163 3684408
-0.085963473 0.7780841 1.9547153 3684408
-0.075843148 0.77782875 1.9551824 3684408
-0.065260381 0.77782875 1.9551824 3684408
-0.054677621 0.77782869 1.9551824 3684408
-0.044094857 0.77782875 1.9551824 3684408
-0.034528159 0.77753687 1.9557163 3684408
-0.026008802 0.77808416 1.9547153 3684408
-0.015874147 0.77782875 1.9551824 3684408
-0.0052913823 0.77782875 1.9551824 3684408
0.0052913823 0.77782869 1.9551824 3684408
0.015874147 0.77782875 1.9551824 3684408
0.026008802 0.7780841 1.9547153 3684408
0.034528159 0.77753681 1.9557163 3684408
0.044094853 0.77782875 1.9551824 3684408
0.054677621 0.77782869 1.9551824 3684408
0.065260381 0.77782869 1.9551824 3684408
0.075843148 0.77782875 1.9551824 3684408
0.085963473 0.77808404 1.9547153 3684408
0.094513535 0.77753681 1.9557163 3684408
0.10406385 0.77782869 1.9551824 3684408
0.11464662 0.77782869 1.9551824 3684408
0.12522939 0.77782875 1.9551824 3684408
0.13581216 0.77782869 1.9551824 3684408
0.14591815 0.77808404 1.9547153 3684408
0.15449892 0.77753687 1.9557163 3684408
0.16403286 0.77782869 1.9551824 3684408
0.17461562 0.77782881 1.9551824 3684408
0.18519837 0.77782881 1.9551824 3684408
0.19578128 0.77782917 1.9551836 3684408
0.20587322 0.77808571 1.9547191 3684408
0.21448472 0.77753842 1.9557201 3684408
0.2240023 0.77783036 1.9551862 3684408
0.23458511 0.77783036 1.9551862 3684408
0.24516787 0.77783036 1.9551862 3684408
0.25575066 0.77783036 1.9551862 3684408
0.26582801 0.77808571 1.9547191 3684408
0.27515 0.77783 1.9551868 3684408
0.28447926 0.77757525 1.9556527 3684408
0.2945542 0.77783036 1.9551862 3684408
0.30513704 0.77783036 1.9551862 3684408
0.31571975 0.77783036 1.9551862 3684408
0.32578278 0.77808571 1.9547191 3684408
0.33511913 0.77783 1.9551868 3684408
0.34446269 0.77757525 1.9556527 3684408
0.35452333 0.77783036 1.9551862 3684408
0.36510608 0.77783036 1.9551862 3684408
0.37568888 0.77783036 1.9551862 3684408
0.3857376 0.77808571 1.9547191 3684408
0.39508826 0.77783 1.9551868 3684408
0.40444615 0.77757519 1.9556527 3684408
0.4144924 0.77783036 1.9551862 3684408
0.4250752 0.77783036 1.9551862 3684408
0.43511215 0.77808571 1.9547191 3684408
0.4450627 0.77783036 1.9551862 3684408
0.45505741 0.77783 1.9551868 3684408
0.46442956 0.77757525 1.9556527 3684408
0.47446156 0.77783036 1.9551862 3684408
0.48504433 0.77783036 1.9551862 3684408
0.49506691 0.77808571 1.9547191 3684408
0.50503182 0.77783036 1.9551862 3684408
0.51502657 0.77782995 1.9551868 3684408
0.52502155 0.77783036 1.9551862 3684408
0.5349983 0.77757525 1.9556527 3684408
0.54501349 0.77783036 1.9551862 3684408
0.5550217 0.77808571 1.9547191 3684408
0.56500089 0.77783036 1.9551862 3684408
0.57499564 0.77783 1.9551868 3684408
0.58499062 0.7778303 1.9551862 3684408
0.59498179 0.77757514 1.9556527 3684408
0.60498255 0.77783036 1.9551862 3684408
0.61497653 0.77808571 1.9547191 3684408
0.62497008 0.77783036 1.9551862 3684408
0.63496482 0.77783006 1.9551868 3684408
0.64495975 0.77783036 1.9551862 3684408
0.65496516 0.77757525 1.9556527 3684408
0.66495168 0.77783036 1.9551862 3684408
0.67493129 0.77808571 1.9547191 3684408
0.68493915 0.77783036 1.9551862 3684408
0.69493401 0.77783 1.9551868 3684408
0.70492893 0.77783036 1.9551862 3684408
0.71494859 0.77757525 1.9556527 3684408
0.72492081 0.77783036 1.9551862 3684408
0.73488611 0.77808571 1.9547191 3684408
0.74490827 0.77783036 1.9551862 3684408
0.75490314 0.77783 1.9551868 3684408
0.76489806 0.7778303 1.9551862 3684408
0.77548081 0.77783036 1.9551862 3684408
0.78551733 0.77757525 1.9556527 3684408
0.79484093 0.77808571 1.9547191 3684408
0.8048774 0.77783036 1.9551862 3684408
0.81487221 0.77783 1.9551868 3684408
0.82486713 0.77783036 1.9551862 3684408
0.83544987 0.77783036 1.9551862 3684408
0.84485674 0.77783066 1.9551855 3684408
0.85426378 0.77783036 1.9551862 3684408
0.86484659 0.77783036 1.9551862 3684408
0.87484139 0.77783 1.9551868 3684408
0.8848362 0.77783036 1.9551862 3684408
0.895419 0.77783036 1.9551862 3684408
0.90482587 0.77783066 1.9551855 3684408
0.91423291 0.77783036 1.9551862 3684408
0.9248156 0.77783036 1.9551862 3684408
0.93481052 0.77783 1.9551868 3684408
0.94480526 0.77783036 1.9551862 3684408
0.95538819 0.77783036 1.9551862 3684408
0.96544528 0.77808571 1.9547191 3684408
0.97472757 0.77757525 1.9556527 3684408
0.98478478 0.7778303 1.9551862 3684408
0.99477971 0.77783 1.9551868 3684408
1.0047745 0.77783036 1.9551862 3684408
1.0153574 0.77783036 1.9551862 3684408
1.0254 0.77808571 1.9547191 3684408
1.034711 0.77757525 1.9556527 3684408
1.0447538 0.77783036 1.9551862 3684408
1.0547488 0.77783006 1.9551868 3684408
1.0647435 0.77783036 1.9551862 3684408
1.0753264 0.77783036 1.9551862 3684408
1.0853549 0.77808571 1.9547191 3684408
1.0946944 0.77757525 1.9556527 3684408
1.104723 0.77783036 1.9551862 3684408
1.114718 0.77782995 1.9551868 3684408
1.1242473 0.77757525 1.9556527 3684408
-1.1316662 0.77236849 1.9652166 10197915
-1.1244724 0.77291858 1.9642121 10197915
-1.1147634 0.77271181 1.9645878 10197915
-1.1050509 0.77250648 1.9649668 10197915
-1.0952668 0.77271205 1.964588 10197915
-1.0846339 0.77271253 1.9645896 10197915
-1.0748546 0.7729162 1.9642061 10197915
-1.0651404 0.77271253 1.9645895 10197915
-1.055418 0.77250683 1.9649675 10197915
-1.0456431 0.77271205 1.9645882 10197915
-1.035009 0.77271175 1.9645876 10197915
-1.0243746 0.77271122 1.9645861 10197915
-1.0146096 0.77291673 1.9642074 10197915
-1.0048809 0.77271098 1.9645853 10197915
-0.99514896 0.77250689 1.9649677 10197915
-0.98538333 0.77271032 1.9645838 10197915
-0.97475147 0.77271175 1.9645876 10197915
-0.96499652 0.77291763 1.9642098 10197915
-0.95525855 0.77271205 1.9645882 10197915
-0.94462293 0.7727105 1.9645842 10197915
-0.93487835 0.77250564 1.9649646 10197915
-0.92512894 0.77271277 1.96459 10197915
-0.91449314 0.77271104 1.9645854 10197915
-0.90475065 0.77291757 1.9642098 10197915
-0.89500076 0.77271181 1.9645877 10197915
-0.88524616 0.77250665 1.9649671 10197915
-0.875503 0.77271098 1.9645853 10197915
-0.86487061 0.77271205 1.9645882 10197915
-0.85513699 0.77291822 1.9642111 10197915
-0.84537655 0.77271146 1.9645866 10197915
-0.83474344 0.77271193 1.9645877 10197915
-0.82497644 0.77250612 1.9649658 10197915
-0.81524712 0.77271247 1.9645891 10197915
-0.80461138 0.77271038 1.964584 10197915
-0.79489005 0.77291727 1.9642088 10197915
-0.78511983 0.77271217 1.9645885 10197915
-0.77448535 0.77271134 1.9645866 10197915
-0.76470649 0.77250516 1.9649633 10197915
-0.75498867 0.77271146 1.9645866 10197915
-0.74527663 0.77291811 1.9642109 10197915
-0.73549461 0.77271074 1.9645848 10197915
-0.72486234 0.77271217 1.9645883 10197915
-0.7150743 0.77250642 1.9649665 10197915
-0.70536488 0.77271146 1.9645866 10197915
-0.69473124 0.77271146 1.9645866 10197915
-0.68502963 0.77291691 1.9642079 10197915
-0.67523909 0.77271277 1.9645901 10197915
-0.66460335 0.77271038 1.964584 10197915
-0.65480554 0.77250671 1.9649674 10197915
-0.64510798 0.77271205 1.9645883 10197915
-0.63541639 0.77291805 1.9642107 10197915
-0.62561357 0.77271086 1.9645852 10197915
-0.61498034 0.77271134 1.9645863 10197915
-0.60434812 0.77271318 1.964591 10197915
-0.59453535 0.77250534 1.9649637 10197915
-0.58485049 0.77271205 1.9645882 10197915
-0.57516891 0.77291596 1.9642054 10197915
-0.56535596 0.77271056 1.9645842 10197915
-0.55472285 0.77271128 1.9645863 10197915
-0.54408973 0.77271205 1.9645882 10197915
-0.53426576 0.77250451 1.9649618 10197915
-0.52555561 0.77291715 1.9642082 10197915
-0.515733 0.77271169 1.9645872 10197915
-0.50509894 0.77271104 1.9645857 10197915
-0.49446508 0.7727108 1.9645849 10132122
-0.48463303 0.77250546 1.9649642 8092539
-0.47496918 0.77271217 1.9645885 3947580
-0.46530882 0.7729156 1.9642044 3684408
-0.45547557 0.77271175 1.9645872 3684408
-0.4448421 0.77271205 1.9645883 3684408
-0.43420768 0.7727108 1.9645849 3684408
-0.424364 0.7725054 1.9649639 3684408
-0.41569513 0.77291644 1.9642065 3684408
-0.4058522 0.77271253 1.9645895 3684408
-0.39521721 0.77271008 1.964583 3684408
-0.38458443 0.77271169 1.9645872 3684408
-0.37394857 0.77270716 1.9645758 3684408
-0.36409065 0.77249628 1.9649407 3684408
-0.35544562 0.77290833 1.9641861 3684408
-0.34559011 0.77270228 1.9645634 3684408
-0.33495656 0.77270228 1.9645634 3684408
-0.324323 0.77270228 1.9645634 3684408
-0.31445792 0.77249628 1.9649407 3684408
-0.30583197 0.77290839 1.9641861 3684408
-0.29596689 0.77270228 1.9645634 3684408
-0.28533337 0.77270228 1.9645634 3684408
-0.27469981 0.77270228 1.9645634 3684408
-0.26406628 0.7727024 1.9645634 3684408
-0.25418961 0.77249628 1.9649407 3684408
-0.2455868 0.77290839 1.9641861 3684408
-0.23571016 0.77270228 1.9645634 3684408
-0.22507663 0.77270228 1.9645634 3684408
-0.21444309 0.77270228 1.9645634 3684408
-0.20380954 0.7727024 1.9645634 3684408
-0.19494826 0.77270228 1.9645634 3684408
-0.18608697 0.7727024 1.9645634 3684408
-0.17545344 0.77270228 1.9645634 3684408
-0.16481988 0.77270228 1.9645634 3684408
-0.15418635 0.7727024 1.9645634 3684408
-0.1442886 0.77249628 1.9649407 3684408
-0.135728 0.77290839 1.9641861 3684408
-0.12583023 0.7727024 1.9645634 3684408
-0.1151967 0.77270228 1.9645634 3684408
-0.10456315 0.77270228 1.9645634 3684408
-0.093929611 0.77270228 1.9645634 3684408
-0.08506833 0.77270234 1.9645634 3684408
-0.076207049 0.7727024 1.9645634 3684408
-0.065573506 0.77270228 1.9645634 3684408
-0.054939967 0.77270228 1.9645634 3684408
-0.044306424 0.77270228 1.9645634 3684408
-0.03367288 0.77270228 1.9645634 3684408
-0.024811596 0.77270234 1.9645634 3684408
-0.015950313 0.77270228 1.9645634 3684408
-0.0053167711 0.77270228 1.9645634 3684408
0.0053167711 0.77270228 1.9645634 3684408
0.015950313 0.77270228 1.9645634 3684408
0.024811596 0.77270234 1.9645634 3684408
0.03367288 0.77270228 1.9645634 3684408
0.044306424 0.77270228 1.9645634 3684408
0.054939959 0.7727024 1.9645634 3684408
0.065573506 0.77270228 1.9645634 3684408
0.076207049 0.77270228 1.9645634 3684408
0.08506833 0.77270228 1.9645634 3684408
0.093929619 0.77270228 1.9645634 3684408
0.10456315 0.77270228 1.9645634 3684408
0.1151967 0.77270228 1.9645634 3684408
0.12583023 0.77270228 1.9645634 3684408
0.13572799 0.77290833 1.9641861 3684408
0.1442886 0.77249628 1.9649407 3684408
0.15418635 0.77270228 1.9645634 3684408
0.1648199 0.77270228 1.9645634 3684408
0.17545342 0.77270228 1.9645634 3684408
0.18608697 0.77270228 1.9645634 3684408
0.19494826 0.77270228 1.9645634 3684408
0.20380962 0.77270252 1.964564 3684408
0.2144435 0.77270383 1.9645672 3684408
0.22507705 0.77270383 1.9645672 3684408
0.23571062 0.77270383 1.9645672 3684408
0.2455873 0.77290982 1.9641899 3684408
0.25419012 0.77249771 1.9649445 3684408
0.26406679 0.77270383 1.9645672 3684408
0.27470034 0.77270383 1.9645672 3684408
0.2853339 0.77270383 1.9645672 3684408
0.29596746 0.77270383 1.9645672 3684408
0.30583256 0.77290982 1.9641899 3684408
0.31445855 0.77249777 1.9649445 3684408
0.32432362 0.77270383 1.9645672 3684408
0.33495721 0.77270383 1.9645672 3684408
0.34559074 0.77270383 1.9645672 3684408
0.35544631 0.77290982 1.9641899 3684408
0.36409137 0.77249771 1.9649445 3684408
0.37394691 0.77270383 1.9645672 3684408
0.38458049 0.77270383 1.9645672 3684408
0.39521405 0.77270383 1.9645672 3684408
0.40584758 0.77270383 1.9645672 3684408
0.41569161 0.77290982 1.9641899 3684408
0.4243598 0.77249771 1.9649445 3684408
0.43420377 0.77270383 1.9645672 3684408
0.44483733 0.77270383 1.9645672 3684408
0.45547092 0.77270383 1.9645672 3684408
0.46530533 0.77290982 1.9641899 3684408
0.47496405 0.77270383 1.9645672 3684408
0.4846282 0.77249777 1.9649445 3684408
0.49446058 0.77270383 1.9645672 3684408
0.50509423 0.77270383 1.9645672 3684408
0.51572782 0.77270383 1.9645672 3684408
0.52555066 0.77290982 1.9641899 3684408
0.53426093 0.77249771 1.9649445 3684408
0.54408389 0.77270383 1.9645672 3684408
0.55471748 0.77270383 1.9645672 3684408
0.56535107 0.77270383 1.9645672 3684408
0.57516438 0.77290982 1.9641899 3684408
0.58484417 0.77270383 1.9645672 3684408
0.59452945 0.77249771 1.9649445 3684408
0.60434079 0.77270383 1.9645672 3684408
0.61497432 0.77270383 1.9645672 3684408
0.62560791 0.77270383 1.9645672 3684408
0.63540971 0.77290982 1.9641899 3684408
0.64510101 0.77270383 1.9645672 3684408
0.65479785 0.77249777 1.9649445 3684408
0.66459763 0.77270383 1.9645672 3684408
0.67523116 0.77270383 1.9645672 3684408
0.68502349 0.77290982 1.9641899 3684408
0.69472426 0.77270383 1.9645672 3684408
0.70535797 0.77270383 1.9645672 3684408
0.71506631 0.77249771 1.9649445 3684408
0.72485447 0.77270383 1.9645672 3684408
0.735488 0.77270383 1.9645672 3684408
0.7452687 0.77290982 1.9641899 3684408
0.75498122 0.77270383 1.9645672 3684408
0.7646991 0.77249771 1.9649445 3684408
0.77447772 0.77270383 1.9645672 3684408
0.78511137 0.77270383 1.9645672 3684408
0.79488254 0.77290982 1.9641899 3684408
0.80460453 0.77270383 1.9645672 3684408
0.815238 0.77270383 1.9645672 3684408
0.8249675 0.77249771 1.9649445 3684408
0.83473462 0.77270383 1.9645672 3684408
0.84536815 0.77270383 1.9645672 3684408
0.85512781 0.77290982 1.9641899 3684408
0.86486131 0.77270383 1.9645672 3684408
0.87549496 0.77270383 1.9645672 3684408
0.88523591 0.77249777 1.9649445 3684408
0.89499146 0.77270383 1.9645672 3684408
0.90474147 0.77290982 1.9641899 3684408
0.91448468 0.77270383 1.9645672 3684408
0.92511821 0.77270383 1.9645672 3684408
0.93486881 0.77249771 1.9649445 3684408
0.94461471 0.77270383 1.9645672 3684408
0.9552483 0.77270383 1.9645672 3684408
0.9649868 0.77290982 1.9641899 3684408
0.97474146 0.77270383 1.9645672 3684408
0.98537499 0.77270383 1.9645672 3684408
0.99513721 0.77249771 1.9649445 3684408
1.0048716 0.77270383 1.9645672 3684408
1.0146005 0.77290982 1.9641899 3684408
1.0243648 0.77270383 1.9645672 3684408
1.0349983 0.77270383 1.9645672 3684408
1.0456319 0.77270383 1.9645672 3684408
1.0554057 0.77249777 1.9649445 3684408
1.0651284 0.77270383 1.9645672 3684408
1.0748459 0.77290982 1.9641899 3684408
1.0846215 0.77270383 1.9645672 3684408
1.0952551 0.77270383 1.9645672 3684408
1.1050384 0.77249771 1.9649445 3684408
1.1147517 0.77270383 1.9645672 3684408
1.1244595 0.77290982 1.9641899 3684408
1.1316543 0.77236032 1.965196 3684408
-1.1401474 0.76545107 1.9778781 10197915
-1.134387 0.76753396 1.9740671 10197915
-1.1248907 0.76753449 1.9740702 10197915
-1.1147964 0.76753223 1.9740657 10197915
-1.1047066 0.76753372 1.9740683 10197915
-1.0945827 0.76727468 1.9745463 10197915
-1.0851513 0.76779377 1.9735913 10197915
-1.0750259 0.76753354 1.9740677 10197915
-1.0649344 0.767533 1.9740678 10197915
-1.0548452 0.76753497 1.9740715 10197915
-1.0447049 0.76727289 1.9745419 10197915
-1.0353007 0.76779425 1.9735926 10197915
-1.0251608 0.76753205 1.9740639 10197915
-1.0150709 0.76753289 1.9740677 10197915
-1.0049796 0.76753348 1.9740674 10197915
-0.99429458 0.7675333 1.9740672 10197915
-0.98479557 0.76753265 1.9740636 10197915
-0.97529858 0.76753283 1.974066 10197915
-0.96520895 0.76753396 1.9740702 10197915
-0.95511532 0.76753247 1.9740649 10197915
-0.94443101 0.76753306 1.9740664 10197915
-0.93493378 0.76753378 1.9740667 10197915
-0.92543656 0.76753384 1.9740685 10197915
-0.91474986 0.76753247 1.9740649 10197915
-0.90465927 0.76753265 1.9740673 10197915
-0.89456874 0.7675339 1.9740688 10197915
-0.88507003 0.7675333 1.9740654 10197915
-0.87557214 0.76753289 1.9740663 10197915
-0.86488765 0.76753324 1.9740671 10197915
-0.8547973 0.7675339 1.97407 10197915
-0.84470367 0.76753217 1.9740644 10197915
-0.834562 0.76779372 1.9735911 10197915
-0.82516831 0.76727414 1.9745448 10197915
-0.8150242 0.76753312 1.9740669 10197915
-0.80493242 0.76753247 1.9740665 10197915
-0.79484171 0.76753336 1.9740672 10197915
-0.78471178 0.76779479 1.9735937 10197915
-0.7752912 0.76727229 1.9745404 10197915
-0.76516145 0.7675336 1.9740679 10197915
-0.75507057 0.76753372 1.97407 10197915
-0.74497861 0.76753354 1.9740677 10197915
-0.73485899 0.76779318 1.9735897 10197915
-0.7254169 0.76727331 1.9745426 10197915
-0.71529937 0.76753497 1.9740713 10197915
-0.70520657 0.767533 1.9740679 10197915
-0.6951158 0.76753408 1.9740691 10197915
-0.68500888 0.76779431 1.9735929 10197915
-0.67493552 0.7675342 1.9740694 10197915
-0.66485381 0.76727289 1.9745419 10197915
-0.65475005 0.7675336 1.9740683 10197915
-0.64465982 0.76753491 1.9740727 10197915
-0.63515723 0.76779383 1.9735913 10197915
-0.62507176 0.76753384 1.9740685 10197915
-0.61497909 0.7672736 1.9745435 10197915
-0.6048876 0.76753485 1.974071 10197915
-0.59479463 0.76753259 1.9740667 10197915
-0.58530629 0.76779431 1.9735925 10197915
-0.57520723 0.76753199 1.9740636 10197915
-0.56510371 0.76727349 1.9745432 10197915
-0.55502343 0.76753372 1.9740683 10197915
-0.54493147 0.76753271 1.974067 10197915
-0.53545403 0.76779294 1.9735891 10197915
-0.52534473 0.76753306 1.9740664 10197915
-0.5146606 0.7675342 1.9740694 10197915
-0.50453997 0.76727206 1.9745395 10197915
-0.49506867 0.76753336 1.9740688 10197915
-0.4856036 0.76779413 1.973592 9211020
-0.47548187 0.7675336 1.9740679 4605510
-0.46479627 0.76753259 1.9740652 3684408
-0.45466533 0.76727301 1.9745421 3684408
-0.44520596 0.76753438 1.9740713 3684408
-0.43511352 0.76753259 1.9740653 3684408
-0.42506975 0.76779366 1.9735912 3684408
-0.41493371 0.76753372 1.9740682 3684408
-0.4047904 0.76727355 1.9745435 3684408
-0.39474812 0.76753265 1.9740653 3684408
-0.38465694 0.76753306 1.9740682 3684408
-0.37521902 0.76779473 1.9735938 3684408
-0.36506867 0.76753008 1.9740587 3684408
-0.35438052 0.76752311 1.974041 3684408
-0.34422284 0.76726305 1.9745164 3684408
-0.33478922 0.76752275 1.9740415 3684408
-0.32536298 0.76778358 1.9735651 3684408
-0.3152028 0.76752311 1.974041 3684408
-0.30451792 0.76752311 1.974041 3684408
-0.29434821 0.76726305 1.9745164 3684408
-0.28492656 0.76752275 1.9740415 3684408
-0.27551246 0.76778358 1.9735651 3684408
-0.26534018 0.76752311 1.974041 3684408
-0.25465536 0.76752305 1.974041 3684408
-0.24447362 0.76726305 1.9745164 3684408
-0.23506398 0.76752275 1.9740415 3684408
-0.22566187 0.76778358 1.9735651 3684408
-0.21547763 0.76752305 1.974041 3684408
-0.2047928 0.76752311 1.974041 3684408
-0.19410793 0.76752311 1.974041 3684408
-0.18449025 0.76722544 1.9745848 3684408
-0.17581131 0.76778358 1.9735651 3684408
-0.16561502 0.76752311 1.974041 3684408
-0.15493019 0.76752311 1.974041 3684408
-0.14424534 0.76752311 1.974041 3684408
-0.13461393 0.76722544 1.9745848 3684408
-0.12596074 0.76778358 1.9735651 3684408
-0.11575244 0.76752311 1.974041 3684408
-0.1050676 0.76752311 1.974041 3684408
-0.094382763 0.76752311 1.974041 3684408
-0.084162414 0.76726305 1.9745164 3684408
-0.075535037 0.76782036 1.9734976 3684408
-0.065889843 0.76752311 1.974041 3684408
-0.055205006 0.76752311 1.974041 3684408
-0.044520166 0.76752311 1.974041 3684408
-0.033835325 0.76752311 1.974041 3684408
-0.024931295 0.76752311 1.974041 3684408
-0.016027262 0.76752311 1.974041 3684408
-0.0053424202 0.76752311 1.974041 3684408
0.0053424207 0.76752311 1.974041 3684408
0.016027262 0.76752311 1.974041 3684408
0.024931295 0.76752311 1.974041 3684408
0.033835329 0.76752311 1.974041 3684408
0.044520166 0.76752311 1.974041 3684408
0.055205006 0.76752311 1.974041 3684408
0.06588985 0.76752311 1.974041 3684408
0.075535037 0.76782036 1.9734976 3684408
0.084162414 0.76726305 1.9745164 3684408
0.094382763 0.76752311 1.974041 3684408
0.10506759 0.76752311 1.974041 3684408
0.11575244 0.76752311 1.974041 3684408
0.12596074 0.76778358 1.9735651 3684408
0.13461392 0.76722544 1.9745848 3684408
0.14424533 0.76752305 1.974041 3684408
0.15493019 0.76752311 1.974041 3684408
0.16561502 0.76752311 1.974041 3684408
0.17581132 0.76778358 1.9735651 3684408
0.18449028 0.76722544 1.9745848 3684408
0.19410795 0.76752311 1.974041 3684408
0.20479278 0.76752311 1.974041 3684408
0.21547776 0.76752359 1.9740423 3684408
0.22566232 0.76778507 1.9735689 3684408
0.23506445 0.76752424 1.9740453 3684408
0.24447408 0.76726454 1.9745202 3684408
0.25465584 0.76752454 1.9740448 3684408
0.26534072 0.7675246 1.9740448 3684408
0.27551299 0.76778507 1.9735689 3684408
0.28492713 0.76752418 1.9740453 3684408
0.29434881 0.76726449 1.9745202 3684408
0.30451855 0.76752454 1.9740448 3684408
0.3152034 0.7675246 1.9740448 3684408
0.32536364 0.76778507 1.9735689 3684408
0.33478981 0.76752424 1.9740453 3684408
0.3442235 0.76726449 1.9745202 3684408
0.3543812 0.7675246 1.9740448 3684408
0.36506611 0.76752454 1.9740448 3684408
0.37521431 0.76778501 1.9735689 3684408
0.38524631 0.76752454 1.9740448 3684408
0.3953374 0.76752424 1.9740453 3684408
0.40478563 0.76726454 1.9745202 3684408
0.41492876 0.76752454 1.9740448 3684408
0.42506498 0.76778507 1.9735689 3684408
0.43510902 0.7675246 1.9740448 3684408
0.44520009 0.76752418 1.9740453 3684408
0.4546603 0.76726454 1.9745202 3684408
0.46479145 0.76752454 1.9740448 3684408
0.47547632 0.7675246 1.9740448 3684408
0.48559794 0.76778507 1.9735689 3684408
0.49506277 0.76752418 1.9740453 3684408
0.50453496 0.76726449 1.9745202 3684408
0.5146541 0.76752454 1.9740448 3684408
0.52533901 0.7675246 1.9740448 3684408
0.53544861 0.76778501 1.9735689 3684408
0.54492551 0.76752418 1.9740453 3684408
0.55501688 0.76752454 1.9740448 3684408
0.56509715 0.76726454 1.9745202 3684408
0.57520169 0.76752454 1.9740448 3684408
0.58529931 0.76778501 1.9735689 3684408
0.59478819 0.76752418 1.9740453 3684408
0.60487956 0.76752454 1.9740448 3684408
0.61497182 0.76726449 1.9745202 3684408
0.62506437 0.7675246 1.9740448 3684408
0.63514996 0.76778501 1.9735689 3684408
0.6452446 0.76752454 1.9740448 3684408
0.65533572 0.76752424 1.9740453 3684408
0.66484648 0.76726449 1.9745202 3684408
0.67492706 0.76752454 1.9740448 3684408
0.68500054 0.76778501 1.9735689 3684408
0.69510728 0.76752454 1.9740448 3684408
0.70519841 0.76752418 1.9740453 3684408
0.71528977 0.7675246 1.9740448 3684408
0.72540867 0.76726449 1.9745202 3684408
0.73485124 0.76778507 1.9735689 3684408
0.74496996 0.7675246 1.9740448 3684408
0.75506115 0.76752424 1.9740453 3684408
0.76515245 0.76752454 1.9740448 3684408
0.7752834 0.76726449 1.9745202 3684408
0.78470194 0.76778507 1.9735689 3684408
0.79483259 0.76752454 1.9740448 3684408
0.80492389 0.76752418 1.9740453 3684408
0.8150152 0.76752454 1.9740448 3684408
0.825158 0.76726449 1.9745202 3684408
0.83455259 0.76778501 1.9735689 3684408
0.84469533 0.7675246 1.9740448 3684408
0.85478652 0.76752424 1.9740453 3684408
0.86487794 0.76752454 1.9740448 3684408
0.87556273 0.76752454 1.9740448 3684408
0.88506043 0.76752502 1.9740442 3684408
0.89455807 0.76752454 1.9740448 3684408
0.90524292 0.76752454 1.9740448 3684408
0.91533411 0.76752418 1.9740453 3684408
0.92542541 0.7675246 1.9740448 3684408
0.93492317 0.76752508 1.9740442 3684408
0.9444207 0.7675246 1.9740448 3684408
0.95510554 0.7675246 1.9740448 3684408
0.96519679 0.76752418 1.9740453 3684408
0.97528809 0.76752454 1.9740448 3684408
0.98478585 0.76752508 1.9740442 3684408
0.99428344 0.7675246 1.9740448 3684408
1.0049683 0.76752454 1.9740448 3684408
1.0150595 0.76752418 1.9740453 3684408
1.0251508 0.76752454 1.9740448 3684408
1.0352883 0.76778507 1.9735689 3684408
1.0446935 0.76726449 1.9745202 3684408
1.054831 0.76752454 1.9740448 3684408
1.0649221 0.76752424 1.9740453 3684408
1.0750135 0.7675246 1.9740448 3684408
1.0851389 0.76778507 1.9735689 3684408
1.0945683 0.76726454 1.9745202 3684408
1.1046937 0.7675246 1.9740448 3684408
1.1147848 0.76752418 1.9740453 3684408
1.1248761 0.7675246 1.9740448 3684408
1.1343739 0.76752508 1.9740442 3684408
1.1401323 0.76544094 1.9778519 3684408
-1.1450021 0.75914711 1.989413 10197915
-1.1360316 0.75914907 1.9894184 10197915
-1.1252602 0.75914675 1.9894122 10197915
-1.1144944 0.75914836 1.9894161 10197915
-1.1037265 0.75914842 1.9894165 10197915
-1.0947526 0.759148 1.9894154 10197915
-1.0857781 0.75914741 1.9894137 10197915
-1.0750103 0.75914747 1.9894139 10197915
-1.0642445 0.75914907 1.9894184 10197915
-1.055269 0.75914764 1.9894145 10197915
-1.046297 0.7591486 1.9894167 10197915
-1.0355263 0.75914663 1.9894118 10197915
-1.0247593 0.75914741 1.9894137 10197915
-1.0139912 0.75914741 1.9894139 10197915
-1.0050192 0.75914848 1.9894165 10197915
-0.99604321 0.75914645 1.9894114 10197915
-0.98527718 0.75914806 1.9894153 10197915
-0.97450989 0.7591486 1.989417 10197915
-0.96374029 0.75914741 1.9894136 10197915
-0.95476639 0.75914699 1.9894127 10197915
-0.94579321 0.75914711 1.9894129 10197915
-0.9350273 0.75914884 1.9894174 10197915
-0.92425632 0.75914645 1.9894114 10197915
-0.91528499 0.75914818 1.9894158 10197915
-0.90631169 0.7591483 1.989416 10197915
-0.89554399 0.75914854 1.9894167 10197915
-0.88477373 0.75914663 1.9894117 10197915
-0.87400651 0.75914735 1.9894136 10197915
-0.86503494 0.7591489 1.9894177 10197915
-0.85605955 0.75914717 1.9894133 10197915
-0.84529161 0.75914723 1.9894134 10197915
-0.83452433 0.75914794 1.9894152 10197915
-0.8237564 0.75914812 1.9894155 10197915
-0.81478071 0.75914592 1.9894099 10197915
-0.80581003 0.75914842 1.9894166 10197915
-0.79504162 0.75914806 1.9894155 10197915
-0.78427315 0.7591477 1.9894146 10197915
-0.77529991 0.75914788 1.9894149 10197915
-0.76632643 0.75914764 1.9894146 10197915
-0.75555974 0.75914913 1.9894184 10197915
-0.7447896 0.75914699 1.9894128 10197915
-0.73402309 0.75914854 1.9894167 10197915
-0.72504979 0.75914872 1.9894171 10197915
-0.71607614 0.75914836 1.9894165 10197915
-0.7053073 0.75914764 1.9894143 10197915
-0.69453937 0.7591477 1.9894147 10197915
-0.68377274 0.75914925 1.9894186 10197915
-0.67479765 0.75914735 1.9894136 10197915
-0.66582507 0.75914818 1.9894158 10197915
-0.65505666 0.75914782 1.989415 10197915
-0.64428908 0.75914842 1.9894165 10197915
-0.63531399 0.75914633 1.989411 10197915
-0.6263423 0.75914836 1.9894162 10197915
-0.61557436 0.7591486 1.989417 10197915
-0.60480553 0.75914764 1.9894146 10197915
-0.59403759 0.75914782 1.9894148 10197915
-0.5850637 0.75914705 1.9894128 10197915
-0.5760901 0.75914687 1.9894123 10197915
-0.56532216 0.75914687 1.9894124 10197915
-0.55455559 0.7591489 1.9894177 10197915
-0.54378557 0.75914621 1.9894108 10197915
-0.53481382 0.75914848 1.9894166 10197915
-0.5258401 0.75914806 1.9894153 10197915
-0.51507211 0.75914812 1.9894156 10197915
-0.50430328 0.75914687 1.9894123 10197915
-0.49533027 0.75914752 1.989414 10132122
-0.48635742 0.7591483 1.9894161 8487297
-0.47558877 0.75914735 1.9894136 4276545
-0.46482077 0.75914747 1.9894139 3684408
-0.45405316 0.75914812 1.9894158 3684408
-0.44507986 0.75914836 1.9894161 3684408
-0.43610549 0.75914651 1.9894115 3684408
-0.42533803 0.75914764 1.9894142 3684408
-0.41457009 0.75914782 1.989415 3684408
-0.4038018 0.75914741 1.9894137 3684408
-0.39482814 0.75914687 1.9894123 3684408
-0.38585499 0.75914735 1.9894134 3684408
-0.37508777 0.7591489 1.9894177 3684408
-0.36431861 0.75914663 1.9894117 3684408
-0.35534596 0.75914818 1.9894158 3684408
-0.34637177 0.75914639 1.989411 3684408
-0.33560362 0.75914603 1.9894104 3684408
-0.32483557 0.75914603 1.9894104 3684408
-0.31406754 0.75914603 1.9894104 3684408
-0.30509418 0.75914609 1.9894104 3684408
-0.29612085 0.75914603 1.9894104 3684408
-0.2853528 0.75914603 1.9894104 3684408
-0.27458477 0.75914603 1.9894104 3684408
-0.26381674 0.75914603 1.9894104 3684408
-0.25484338 0.75914609 1.9894104 3684408
-0.24587001 0.75914603 1.9894104 3684408
-0.235102 0.75914603 1.9894104 3684408
-0.22433396 0.75914603 1.9894104 3684408
-0.21536061 0.75914609 1.9894104 3684408
-0.20638724 0.75914603 1.9894104 3684408
-0.19561923 0.75914603 1.9894104 3684408
-0.18485118 0.75914603 1.9894104 3684408
-0.17408316 0.75914603 1.9894104 3684408
-0.16510978 0.75914609 1.9894104 3684408
-0.15613644 0.75914603 1.9894104 3684408
-0.14536841 0.75914603 1.9894104 3684408
-0.13460037 0.75914603 1.9894104 3684408
-0.12383235 0.75914603 1.9894104 3684408
-0.11485898 0.75914609 1.9894104 3684408
-0.10588563 0.75914603 1.9894104 3684408
-0.095117599 0.75914603 1.9894104 3684408
-0.084349573 0.75914603 1.9894104 3684408
-0.075376213 0.75914609 1.9894104 3684408
-0.066402853 0.75914603 1.9894104 3684408
-0.055634826 0.75914603 1.9894104 3684408
-0.044866797 0.75914603 1.9894104 3684408
-0.034098763 0.75914603 1.9894104 3684408
-0.025125403 0.75914609 1.9894104 3684408
-0.016152045 0.75914603 1.9894104 3684408
-0.0053840149 0.75914603 1.9894104 3684408
0.0053840149 0.75914603 1.9894104 3684408
0.016152045 0.75914603 1.9894104 3684408
0.025125403 0.75914609 1.9894104 3684408
0.034098763 0.75914603 1.9894104 3684408
0.044866789 0.75914603 1.9894104 3684408
0.055634826 0.75914603 1.9894104 3684408
0.066402853 0.75914603 1.9894104 3684408
0.075376213 0.75914609 1.9894104 3684408
0.084349573 0.75914603 1.9894104 3684408
0.095117606 0.75914603 1.9894104 3684408
0.10588562 0.75914603 1.9894104 3684408
0.11485898 0.75914609 1.9894104 3684408
0.12383235 0.75914603 1.9894104 3684408
0.13460039 0.75914603 1.9894104 3684408
0.1453684 0.75914603 1.9894104 3684408
0.15613644 0.75914603 1.9894104 3684408
0.16510978 0.75914609 1.9894104 3684408
0.17408316 0.75914603 1.9894104 3684408
0.18485117 0.75914603 1.9894104 3684408
0.19561921 0.75914603 1.9894104 3684408
0.20638724 0.75914603 1.9894104 3684408
0.21536061 0.75914609 1.9894104 3684408
0.22433396 0.75914603 1.9894104 3684408
0.23510216 0.75914663 1.9894117 3684408
0.24587049 0.75914758 1.9894142 3684408
0.25484389 0.75914758 1.9894142 3684408
0.26381722 0.75914758 1.9894142 3684408
0.27458528 0.75914758 1.9894142 3684408
0.28535333 0.75914758 1.9894142 3684408
0.29612139 0.75914758 1.9894142 3684408
0.30509478 0.75914758 1.9894142 3684408
0.31406817 0.75914758 1.9894142 3684408
0.32483616 0.75914758 1.9894142 3684408
0.33560422 0.75914758 1.9894142 3684408
0.34637228 0.75914758 1.9894142 3684408
0.35534567 0.75914758 1.9894142 3684408
0.36431906 0.75914758 1.9894142 3684408
0.37508711 0.75914758 1.9894142 3684408
0.38585517 0.75914758 1.9894142 3684408
0.39482853 0.75914758 1.9894142 3684408
0.40380192 0.75914758 1.9894142 3684408
0.41456997 0.75914758 1.9894142 3684408
0.42533803 0.75914758 1.9894142 3684408
0.43610606 0.75914758 1.9894142 3684408
0.44507945 0.75914758 1.9894142 3684408
0.45405281 0.75914758 1.9894142 3684408
0.46482086 0.75914758 1.9894142 3684408
0.47558889 0.75914758 1.9894142 3684408
0.48635697 0.75914758 1.9894142 3684408
0.49533033 0.75914758 1.9894142 3684408
0.50430369 0.75914758 1.9894142 3684408
0.51507169 0.75914758 1.9894142 3684408
0.52583981 0.75914758 1.9894142 3684408
0.53481317 0.75914758 1.9894142 3684408
0.54378659 0.75914758 1.9894142 3684408
0.55455464 0.75914758 1.9894142 3684408
0.56532264 0.75914758 1.9894142 3684408
0.57609075 0.75914758 1.9894142 3684408
0.58506405 0.75914758 1.9894142 3684408
0.59403747 0.75914758 1.9894142 3684408
0.60480547 0.75914758 1.9894142 3684408
0.61557359 0.75914758 1.9894142 3684408
0.62634158 0.75914758 1.9894142 3684408
0.635315 0.75914758 1.9894142 3684408
0.64428836 0.75914758 1.9894142 3684408
0.65505642 0.75914758 1.9894142 3684408
0.66582447 0.75914758 1.9894142 3684408
0.67479789 0.75914758 1.9894142 3684408
0.68377119 0.75914758 1.9894142 3684408
0.69453931 0.75914758 1.9894142 3684408
0.7053073 0.75914758 1.9894142 3684408
0.71607542 0.75914758 1.9894142 3684408
0.72504878 0.75914758 1.9894142 3684408
0.73402214 0.75914758 1.9894142 3684408
0.74479026 0.75914758 1.9894142 3684408
0.75555825 0.75914758 1.9894142 3684408
0.76632625 0.75914758 1.9894142 3684408
0.77529967 0.75914758 1.9894142 3684408
0.78427297 0.75914758 1.9894142 3684408
0.79504108 0.75914758 1.9894142 3684408
0.80580908 0.75914758 1.9894142 3684408
0.8147825 0.75914758 1.9894142 3684408
0.82375592 0.75914758 1.9894142 3684408
0.83452392 0.75914758 1.9894142 3684408
0.84529191 0.75914758 1.9894142 3684408
0.85606003 0.75914758 1.9894142 3684408
0.86503339 0.75914758 1.9894142 3684408
0.87400675 0.75914758 1.9894142 3684408
0.88477486 0.75914758 1.9894142 3684408
0.89554286 0.75914758 1.9894142 3684408
0.90631098 0.75914758 1.9894142 3684408
0.91528428 0.75914758 1.9894142 3684408
0.9242577 0.75914758 1.9894142 3684408
0.93502569 0.75914758 1.9894142 3684408
0.94579381 0.75914758 1.9894142 3684408
0.95476717 0.75914758 1.9894142 3684408
0.96374053 0.75914758 1.9894142 3684408
0.97450858 0.75914758 1.9894142 3684408
0.98527664 0.75914758 1.9894142 3684408
0.99604464 0.75914758 1.9894142 3684408
1.005018 0.75914758 1.9894142 3684408
1.0139915 0.75914758 1.9894142 3684408
1.0247594 0.75914758 1.9894142 3684408
1.0355276 0.75914758 1.9894142 3684408
1.0462955 0.75914758 1.9894142 3684408
1.055269 0.75914758 1.9894142 3684408
1.0642424 0.75914758 1.9894142 3684408
1.0750104 0.75914758 1.9894142 3684408
1.0857784 0.75914758 1.9894142 3684408
1.0947518 0.75914758 1.9894142 3684408
1.1037252 0.75914758 1.9894142 3684408
1.1144933 0.75914758 1.9894142 3684408
1.1252613 0.75914758 1.9894142 3684408
1.1360294 0.75914758 1.9894142 3684408
1.1450027 0.75914758 1.9894142 3684408
-1.1426439 0.76196051 1.9842806 10197915
-1.1345218 0.76231211 1.9836435 10197915
-1.1246397 0.76252109 1.9832557 10197915
-1.1148382 0.76231146 1.9836416 10197915
-1.1050299 0.76210082 1.9840248 10197915
-1.0951539 0.76231241 1.9836441 10197915
-1.0844147 0.76231092 1.9836401 10197915
-1.0745462 0.76252234 1.9832592 10197915
-1.0647351 0.76231283 1.9836451 10197915
-1.0549164 0.76210171 1.9840271 10197915
-1.0450469 0.76231116 1.983641 10197915
-1.0351837 0.76252109 1.9832557 10197915
-1.0253632 0.76231021 1.9836382 10197915
-1.0146269 0.76231056 1.9836394 10197915
-1.004802 0.76210225 1.9840282 10197915
-0.99494028 0.76230997 1.9836377 10197915
-0.98508847 0.76252115 1.983256 10197915
-0.97525901 0.7623108 1.9836401 10197915
-0.9645229 0.7623114 1.9836413 10197915
-0.95468408 0.76209962 1.9840215 10197915
-0.94483668 0.76231104 1.9836407 10197915
-0.9349944 0.76252222 1.9832588 10197915
-0.92515403 0.76231092 1.9836401 10197915
-0.91530973 0.76210088 1.9840248 10197915
-0.9054687 0.76231128 1.9836413 10197915
-0.89473313 0.76231235 1.9836439 10197915
-0.88489598 0.76251954 1.9832518 10197915
-0.87505007 0.76231188 1.9836426 10197915
-0.86519587 0.76210165 1.9840269 10197915
-0.85536367 0.7623114 1.9836415 10197915
-0.84462613 0.76231074 1.9836398 10197915
-0.83480167 0.76252055 1.9832544 10197915
-0.82494515 0.762312 1.9836429 10197915
-0.81507891 0.76209968 1.9840219 10197915
-0.80525851 0.76231128 1.9836411 10197915
-0.79544288 0.7625221 1.9832586 10197915
-0.78557682 0.762312 1.9836431 10197915
-0.77483863 0.76231068 1.9836394 10197915
-0.76496589 0.76210141 1.9840263 10197915
-0.75515455 0.76231247 1.9836441 10197915
-0.74534684 0.76252156 1.9832571 10197915
-0.73547101 0.76231128 1.983641 10197915
-0.72473449 0.76231146 1.9836416 10197915
-0.7148515 0.76210177 1.9840273 10197915
-0.70504767 0.76231056 1.9836394 10197915
-0.69525218 0.76252234 1.9832592 10197915
-0.68536645 0.76231194 1.9836427 10197915
-0.67462879 0.76231092 1.9836403 10197915
-0.66473579 0.76210082 1.9840248 10197915
-0.65494317 0.76231122 1.9836408 10197915
-0.64515716 0.76252282 1.9832604 10197915
-0.63526005 0.76231021 1.9836384 10197915
-0.6245243 0.76231164 1.983642 10197915
-0.61462218 0.76210219 1.9840285 10197915
-0.60483849 0.7623117 1.9836422 10197915
-0.59506053 0.76252139 1.9832566 10197915
-0.58515602 0.7623117 1.983642 10197915
-0.57441813 0.76231021 1.9836383 10197915
-0.56450611 0.76210052 1.984024 10197915
-0.55570048 0.76252216 1.9832585 10197915
-0.5457871 0.76231074 1.9836397 10197915
-0.53505063 0.76231116 1.9836407 10197915
-0.52431357 0.7623108 1.9836398 10197915
-0.51439154 0.76210093 1.9840252 10197915
-0.50560331 0.76251966 1.9832519 10197915
-0.49568248 0.7623114 1.9836413 10197915
-0.48494601 0.76231194 1.9836427 8750469
-0.4742085 0.76231074 1.9836398 4408131
-0.46427655 0.76210058 1.984024 3684408
-0.45550871 0.76252067 1.9832547 3684408
-0.44557771 0.76231194 1.9836427 3684408
-0.43483973 0.76230985 1.9836375 3684408
-0.42410383 0.76231146 1.9836415 3684408
-0.4141624 0.76210165 1.9840271 3684408
-0.40541357 0.76252091 1.9832554 3684408
-0.39547148 0.76230985 1.9836375 3684408
-0.38473496 0.76231027 1.9836384 3684408
-0.37399897 0.76231194 1.9836429 3684408
-0.36404666 0.76209974 1.9840219 3684408
-0.35531759 0.76251954 1.9832518 3684408
-0.34536409 0.76230448 1.9836235 3684408
-0.33462739 0.76230448 1.9836235 3684408
-0.32389069 0.76230448 1.9836235 3684408
-0.31494343 0.76230448 1.9836235 3684408
-0.30599618 0.76230448 1.9836235 3684408
-0.29525945 0.76230448 1.9836235 3684408
-0.28452274 0.76230448 1.9836235 3684408
-0.27455422 0.76209438 1.9840081 3684408
-0.26586005 0.76251459 1.9832389 3684408
-0.25589153 0.76230448 1.9836235 3684408
-0.24515481 0.76230448 1.9836235 3684408
-0.23441814 0.76230448 1.9836235 3684408
-0.22443986 0.76209438 1.9840081 3684408
-0.21576516 0.76251459 1.9832389 3684408
-0.20578688 0.76230448 1.9836235 3684408
-0.19505018 0.76230448 1.9836235 3684408
-0.18431349 0.76230448 1.9836235 3684408
-0.1743255 0.76209438 1.9840081 3684408
-0.16567025 0.76251459 1.9832389 3684408
-0.15568227 0.76230448 1.9836235 3684408
-0.14494555 0.76230448 1.9836235 3684408
-0.13420884 0.76230448 1.9836235 3684408
-0.12421115 0.76209438 1.9840081 3684408
-0.11557531 0.76251459 1.9832389 3684408
-0.10557763 0.76230448 1.9836235 3684408
-0.094840921 0.76230448 1.9836235 3684408
-0.08410421 0.76230448 1.9836235 3684408
-0.075156949 0.76230448 1.9836235 3684408
-0.066209696 0.76230448 1.9836235 3684408
-0.055472989 0.76230448 1.9836235 3684408
-0.044736285 0.76230448 1.9836235 3684408
-0.033999573 0.76230448 1.9836235 3684408
-0.025052316 0.76230448 1.9836235 3684408
-0.016105061 0.76230448 1.9836235 3684408
-0.0053683543 0.76230448 1.9836235 3684408
0.0053683538 0.76230448 1.9836235 3684408
0.016105061 0.76230448 1.9836235 3684408
0.025052316 0.76230448 1.9836235 3684408
0.033999573 0.76230448 1.9836235 3684408
0.044736281 0.76230448 1.9836235 3684408
0.055472989 0.76230448 1.9836235 3684408
0.066209696 0.76230448 1.9836235 3684408
0.075156949 0.76230448 1.9836235 3684408
0.08410421 0.76230448 1.9836235 3684408
0.094840914 0.76230448 1.9836235 3684408
0.10557763 0.76230448 1.9836235 3684408
0.11557531 0.76251459 1.9832389 3684408
0.12421115 0.76209438 1.9840081 3684408
0.13420884 0.76230448 1.9836235 3684408
0.14494555 0.76230448 1.9836235 3684408
0.15568225 0.76230448 1.9836235 3684408
0.16567025 0.76251459 1.9832389 3684408
0.1743255 0.76209438 1.9840081 3684408
0.18431349 0.76230448 1.9836235 3684408
0.19505018 0.76230448 1.9836235 3684408
0.2057869 0.76230448 1.9836235 3684408
0.21576516 0.76251459 1.9832389 3684408
0.22443995 0.76209468 1.9840088 3684408
0.23441856 0.76230603 1.9836273 3684408
0.24515527 0.76230603 1.9836273 3684408
0.25589201 0.76230597 1.9836273 3684408
0.26586062 0.76251602 1.9832428 3684408
0.27455473 0.76209581 1.9840119 3684408
0.28452331 0.76230603 1.9836273 3684408
0.29526004 0.76230603 1.9836273 3684408
0.30599675 0.76230597 1.9836273 3684408
0.31494403 0.76230597 1.9836273 3684408
0.32389131 0.76230597 1.9836273 3684408
0.33462802 0.76230597 1.9836273 3684408
0.34536472 0.76230597 1.9836273 3684408
0.35531598 0.76251602 1.9832428 3684408
0.36404482 0.76209581 1.9840119 3684408
0.37399602 0.76230597 1.9836273 3684408
0.38473275 0.76230603 1.9836273 3684408
0.39546952 0.76230603 1.9836273 3684408
0.40541101 0.76251614 1.9832428 3684408
0.41415924 0.76209593 1.9840119 3684408
0.42410076 0.76230597 1.9836273 3684408
0.43483746 0.76230597 1.9836273 3684408
0.44557425 0.76230597 1.9836273 3684408
0.455506 0.76251602 1.9832428 3684408
0.46427375 0.76209581 1.9840119 3684408
0.47420549 0.76230592 1.9836273 3684408
0.4849422 0.76230597 1.9836273 3684408
0.49567899 0.76230597 1.9836273 3684408
0.50560105 0.76251614 1.9832428 3684408
0.5143882 0.76209593 1.9840119 3684408
0.52431029 0.76230603 1.9836273 3684408
0.53504699 0.76230603 1.9836273 3684408
0.5457837 0.76230597 1.9836273 3684408
0.55569601 0.76251614 1.9832428 3684408
0.5645026 0.76209581 1.9840119 3684408
0.57441491 0.76230603 1.9836273 3684408
0.58515173 0.76230597 1.9836273 3684408
0.59505641 0.76251614 1.9832428 3684408
0.60483396 0.76230592 1.9836273 3684408
0.61461705 0.76209581 1.9840119 3684408
0.62451965 0.76230592 1.9836273 3684408
0.63525635 0.76230592 1.9836273 3684408
0.64515144 0.76251614 1.9832428 3684408
0.6549387 0.76230592 1.9836273 3684408
0.6647315 0.76209581 1.9840119 3684408
0.67462444 0.76230592 1.9836273 3684408
0.68536109 0.76230592 1.9836273 3684408
0.69524646 0.76251614 1.9832428 3684408
0.70504338 0.76230597 1.9836273 3684408
0.7148459 0.76209593 1.9840119 3684408
0.72472912 0.76230603 1.9836273 3684408
0.73546582 0.76230603 1.9836273 3684408
0.74534148 0.76251614 1.9832428 3684408
0.75514811 0.76230597 1.9836273 3684408
0.76496041 0.76209593 1.9840119 3684408
0.77483386 0.76230603 1.9836273 3684408
0.78557062 0.76230592 1.9836273 3684408
0.7954365 0.76251602 1.9832428 3684408
0.80525285 0.76230592 1.9836273 3684408
0.8150748 0.76209581 1.9840119 3684408
0.82493854 0.76230592 1.9836273 3684408
0.83479691 0.76251602 1.9832428 3684408
0.84462094 0.76230597 1.9836273 3684408
0.85535765 0.76230592 1.9836273 3684408
0.86518925 0.76209581 1.9840119 3684408
0.87504333 0.76230597 1.9836273 3684408
0.88489187 0.76251614 1.9832428 3684408
0.89472562 0.76230603 1.9836273 3684408
0.90546232 0.76230597 1.9836273 3684408
0.91530371 0.76209593 1.9840119 3684408
0.92514807 0.76230597 1.9836273 3684408
0.93498695 0.76251614 1.9832428 3684408
0.94483042 0.76230603 1.9836273 3684408
0.95467937 0.76209593 1.9840119 3684408
0.9645161 0.76230603 1.9836273 3684408
0.97525287 0.76230597 1.9836273 3684408
0.98508185 0.76251602 1.9832428 3684408
0.99493504 0.76230597 1.9836273 3684408
1.0047938 0.76209581 1.9840119 3684408
1.0146208 0.76230597 1.9836273 3684408
1.0253575 0.76230592 1.9836273 3684408
1.035177 0.76251602 1.9832428 3684408
1.0450398 0.76230603 1.9836273 3684408
1.0549082 0.76209581 1.9840119 3684408
1.0647255 0.76230592 1.9836273 3684408
1.0745373 0.76251614 1.9832428 3684408
1.0844078 0.76230603 1.9836273 3684408
1.0951445 0.76230597 1.9836273 3684408
1.1050227 0.76209581 1.9840119 3684408
1.1148301 0.76230592 1.9836273 3684408
1.1246322 0.76251614 1.9832428 3684408
1.1345125 0.76230603 1.9836273 3684408
1.1426369 0.76195574 1.9842682 3684408
-1.15128 0.7549082 1.9971905 10197915
-1.1447538 0.75596899 1.9952396 10197915
-1.1348133 0.75618112 1.9948496 10197915
-1.1249542 0.75596756 1.9952358 10197915
-1.1150931 0.75575626 1.9956284 10197915
-1.1051561 0.75596946 1.995241 10197915
-1.0943543 0.7559678 1.9952368 10197915
-1.084425 0.75618106 1.9948492 10197915
-1.0754865 0.7557559 1.9956274 10197915
-1.0655571 0.75596905 1.9952401 10197915
-1.0547556 0.75596762 1.995236 10197915
-1.0448333 0.75618041 1.9948475 10197915
-1.0349567 0.7559666 1.9952334 10197915
-1.025079 0.75575614 1.995628 10197915
-1.0151583 0.75596857 1.9952384 10197915
-1.0052423 0.75618017 1.9948469 10197915
-0.99535877 0.75596696 1.9952344 10197915
-0.98547125 0.75575489 1.9956249 10197915
-0.97556043 0.75596899 1.9952396 10197915
-0.9647584 0.75596708 1.9952345 10197915
-0.95485485 0.75618064 1.9948483 10197915
-0.94496202 0.75596792 1.9952369 10197915
-0.93506509 0.75575626 1.9956284 10197915
-0.92516011 0.75596708 1.9952345 10197915
-0.91526395 0.75618052 1.9948479 10197915
-0.90536457 0.75596875 1.9952389 10197915
-0.89456373 0.75596762 1.9952359 10197915
-0.88465691 0.75575596 1.9956274 10197915
-0.87476373 0.75596839 1.9952382 10197915
-0.86487615 0.75618088 1.9948486 10197915
-0.85496455 0.75596684 1.995234 10197915
-0.84505111 0.75575632 1.9956286 10197915
-0.83516556 0.75596863 1.9952387 10197915
-0.82528543 0.75618082 1.9948486 10197915
-0.81536698 0.75596762 1.995236 10197915
-0.80456704 0.75596732 1.9952351 10197915
-0.79464418 0.75575721 1.9956309 10197915
-0.78476602 0.7559672 1.995235 10197915
-0.77489722 0.7561807 1.9948483 10197915
-0.76496983 0.75596851 1.9952383 10197915
-0.75503713 0.75575632 1.9956286 10197915
-0.74516732 0.7559669 1.9952341 10197915
-0.73530644 0.75618076 1.9948485 10197915
-0.72537184 0.75596899 1.9952396 10197915
-0.7145713 0.75596786 1.9952368 10197915
-0.70462883 0.7557559 1.9956274 10197915
-0.69477081 0.75596833 1.9952379 10197915
-0.68491876 0.75618112 1.9948496 10197915
-0.6749723 0.75596714 1.995235 10197915
-0.66502339 0.75575674 1.9956297 10197915
-0.65517271 0.75596881 1.9952393 10197915
-0.64532799 0.75618118 1.9948498 10197915
-0.63537472 0.75596815 1.9952375 10197915
-0.62457496 0.75596792 1.9952368 10197915
-0.61461586 0.75575721 1.995631 10197915
-0.60573614 0.75617975 1.994846 10197915
-0.5957765 0.75596839 1.9952379 10197915
-0.58497626 0.75596756 1.9952359 10197915
-0.57417685 0.7559678 1.9952364 10197915
-0.56420672 0.75575548 1.9956264 10197915
-0.55534858 0.75618058 1.9948479 10197915
-0.54537719 0.75596666 1.9952335 10197915
-0.53457862 0.75596803 1.995237 10197915
-0.52460086 0.75575608 1.9956278 10197915
-0.5157575 0.75617993 1.9948463 10197915
-0.50577933 0.75596738 1.9952354 10197915
-0.49497977 0.75596732 1.9952353 10066329
-0.48418137 0.75596911 1.9952401 7039851
-0.47419184 0.75575417 1.9956229 3750201
-0.46536952 0.75618017 1.9948469 3684408
-0.45538187 0.75596815 1.9952375 3684408
-0.44458258 0.75596863 1.9952388 3684408
-0.43458596 0.75575447 1.9956236 3684408
-0.42577887 0.75618017 1.9948469 3684408
-0.41578361 0.75596851 1.9952383 3684408
-0.40498376 0.75596792 1.9952369 3684408
-0.3941842 0.75596792 1.9952369 3684408
-0.38417882 0.75575566 1.9956268 3684408
-0.37539116 0.75618106 1.9948494 3684408
-0.36538482 0.75596672 1.9952339 3684408
-0.35458609 0.75596857 1.9952387 3684408
-0.34457311 0.75575662 1.9956293 3684408
-0.33579865 0.75617707 1.9948387 3684408
-0.32578546 0.75596452 1.9952278 3684408
-0.31498593 0.75596452 1.9952278 3684408
-0.30418643 0.75596452 1.9952278 3684408
-0.29416338 0.75575191 1.9956169 3684408
-0.28541073 0.75617707 1.9948387 3684408
-0.2753877 0.75596452 1.9952278 3684408
-0.26458821 0.75596446 1.9952278 3684408
-0.25455743 0.75575191 1.9956169 3684408
-0.24582024 0.75617707 1.9948387 3684408
-0.23578948 0.75596446 1.9952278 3684408
-0.22498995 0.75596446 1.9952278 3684408
-0.21419044 0.75596446 1.9952278 3684408
-0.20519084 0.75596452 1.9952278 3684408
-0.19619125 0.75596446 1.9952278 3684408
-0.18539172 0.75596452 1.9952278 3684408
-0.1745922 0.75596452 1.9952278 3684408
-0.16379268 0.75596446 1.9952278 3684408
-0.1547931 0.75596452 1.9952278 3684408
-0.1457935 0.75596446 1.9952278 3684408
-0.13499397 0.75596446 1.9952278 3684408
-0.12419445 0.75596446 1.9952278 3684408
-0.11519486 0.75596446 1.9952278 3684408
-0.10619525 0.75596446 1.9952278 3684408
-0.095395744 0.75596446 1.9952278 3684408
-0.084596224 0.75596446 1.9952278 3684408
-0.073796704 0.75596446 1.9952278 3684408
-0.064797103 0.75596452 1.9952278 3684408
-0.055797506 0.75596446 1.9952278 3684408
-0.04499799 0.75596452 1.9952278 3684408
-0.03419847 0.75596452 1.9952278 3684408
-0.025198873 0.75596452 1.9952278 3684408
-0.016199276 0.75596452 1.9952278 3684408
-0.0053997585 0.75596452 1.9952278 3684408
0.0053997585 0.75596446 1.9952278 3684408
0.016199278 0.75596446 1.9952278 3684408
0.025198873 0.75596452 1.9952278 3684408
0.034198474 0.75596452 1.9952278 3684408
0.04499799 0.75596446 1.9952278 3684408
0.055797506 0.75596452 1.9952278 3684408
0.064797103 0.75596446 1.9952278 3684408
0.073796704 0.75596446 1.9952278 3684408
0.084596224 0.75596452 1.9952278 3684408
0.095395744 0.75596446 1.9952278 3684408
0.10619526 0.75596452 1.9952278 3684408
0.11519486 0.75596446 1.9952278 3684408
0.12419447 0.75596452 1.9952278 3684408
0.13499399 0.75596452 1.9952278 3684408
0.1457935 0.75596452 1.9952278 3684408
0.1547931 0.75596446 1.9952278 3684408
0.16379268 0.75596452 1.9952278 3684408
0.17459221 0.75596446 1.9952278 3684408
0.18539172 0.75596452 1.9952278 3684408
0.19619124 0.75596452 1.9952278 3684408
0.20519084 0.75596446 1.9952278 3684408
0.21419044 0.75596446 1.9952278 3684408
0.22498995 0.75596446 1.9952278 3684408
0.23578948 0.75596452 1.9952278 3684408
0.24582061 0.7561782 1.9948418 3684408
0.25455791 0.7557534 1.9956207 3684408
0.26458871 0.75596595 1.9952316 3684408
0.27538824 0.75596595 1.9952316 3684408
0.2854113 0.7561785 1.9948425 3684408
0.29416394 0.7557534 1.9956207 3684408
0.304187 0.75596595 1.9952316 3684408
0.31498656 0.75596595 1.9952316 3684408
0.32578608 0.75596595 1.9952316 3684408
0.33579931 0.7561785 1.9948425 3684408
0.34457162 0.7557534 1.9956207 3684408
0.35458481 0.75596595 1.9952316 3684408
0.36538437 0.75596595 1.9952316 3684408
0.37538987 0.7561785 1.9948425 3684408
0.38417763 0.7557534 1.9956207 3684408
0.39418316 0.75596595 1.9952316 3684408
0.40498269 0.75596595 1.9952316 3684408
0.41578221 0.75596595 1.9952316 3684408
0.42577791 0.7561785 1.9948425 3684408
0.43458533 0.7557534 1.9956207 3684408
0.44458103 0.75596595 1.9952316 3684408
0.45538053 0.75596595 1.9952316 3684408
0.46536851 0.7561785 1.9948425 3684408
0.47419134 0.7557534 1.9956207 3684408
0.48417929 0.75596595 1.9952316 3684408
0.49497882 0.75596595 1.9952316 3684408
0.50577837 0.75596595 1.9952316 3684408
0.51575649 0.7561785 1.9948425 3684408
0.52459896 0.7557534 1.9956207 3684408
0.53457719 0.75596595 1.9952316 3684408
0.54537666 0.75596595 1.9952316 3684408
0.55534714 0.7561785 1.9948425 3684408
0.56420505 0.7557534 1.9956207 3684408
0.57417542 0.75596595 1.9952316 3684408
0.584975 0.75596595 1.9952316 3684408
0.59577459 0.75596595 1.9952316 3684408
0.60573512 0.7561785 1.9948425 3684408
0.61461276 0.7557534 1.9956207 3684408
0.62457329 0.75596595 1.9952316 3684408
0.63537282 0.75596595 1.9952316 3684408
0.64532572 0.7561785 1.9948425 3684408
0.65517026 0.75596595 1.9952316 3684408
0.66502047 0.7557534 1.9956207 3684408
0.67497116 0.75596595 1.9952316 3684408
0.68491632 0.7561785 1.9948425 3684408
0.69476861 0.75596595 1.9952316 3684408
0.70462644 0.7557534 1.9956207 3684408
0.71456951 0.75596595 1.9952316 3684408
0.72536904 0.75596595 1.9952316 3684408
0.73530436 0.7561785 1.9948425 3684408
0.74516636 0.75596595 1.9952316 3684408
0.75503409 0.7557534 1.9956207 3684408
0.76496726 0.75596595 1.9952316 3684408
0.77489489 0.7561785 1.9948425 3684408
0.78476477 0.75596595 1.9952316 3684408
0.79464018 0.7557534 1.9956207 3684408
0.80456561 0.75596595 1.9952316 3684408
0.81536514 0.75596595 1.9952316 3684408
0.82528287 0.7561785 1.9948425 3684408
0.83516258 0.75596595 1.9952316 3684408
0.84504783 0.7557534 1.9956207 3684408
0.85496348 0.75596595 1.9952316 3684408
0.86487353 0.7561785 1.9948425 3684408
0.87476087 0.75596595 1.9952316 3684408
0.88465387 0.7557534 1.9956207 3684408
0.89456177 0.75596595 1.9952316 3684408
0.90536135 0.75596595 1.9952316 3684408
0.91526145 0.7561785 1.9948425 3684408
0.92515874 0.75596595 1.9952316 3684408
0.93506145 0.7557534 1.9956207 3684408
0.94495964 0.75596595 1.9952316 3684408
0.9548521 0.7561785 1.9948425 3684408
0.96475703 0.75596595 1.9952316 3684408
0.97466755 0.7557534 1.9956207 3684408
0.98455787 0.75596595 1.9952316 3684408
0.99535751 0.75596595 1.9952316 3684408
1.0052402 0.7561785 1.9948425 3684408
1.0151548 0.75596595 1.9952316 3684408
1.0250752 0.7557534 1.9956207 3684408
1.0349559 0.75596595 1.9952316 3684408
1.0448307 0.7561785 1.9948425 3684408
1.0547532 0.75596595 1.9952316 3684408
1.0655527 0.75596595 1.9952316 3684408
1.0754828 0.7557534 1.9956207 3684408
1.0844213 0.7561785 1.9948425 3684408
1.0943514 0.75596595 1.9952316 3684408
1.1051511 0.75596595 1.9952316 3684408
1.1150889 0.7557534 1.9956207 3684408
1.124952 0.75596595 1.9952316 3684408
1.1348093 0.7561785 1.9948425 3684408
1.1447493 0.75596595 1.9952316 3684408
1.1512723 0.75490314 1.9971771 3684408
-1.1544355 0.74848014 2.0089524 10197915
-1.1453762 0.74848151 2.008956 10197915
-1.1363097 0.74847841 2.0089476 10197915
-1.1254392 0.7484805 2.0089531 10197915
-1.1145656 0.74848062 2.0089536 10197915
-1.1036906 0.74847984 2.0089514 10197915
-1.0946285 0.74847943 2.0089502 10197915
-1.085567 0.74847937 2.0089502 10197915
-1.0746969 0.74848193 2.0089571 10197915
-1.0638185 0.74847871 2.0089483 10197915
-1.0547601 0.74848092 2.0089545 10197915
-1.0456963 0.74847937 2.00895 10197915
-1.0348228 0.74847955 2.0089507 10197915
-1.0239484 0.74847913 2.0089495 10197915
-1.0148888 0.7484805 2.0089531 10197915
-1.005825 0.74847883 2.0089486 10197915
-0.99495268 0.74847984 2.0089514 10197915
-0.98407906 0.74848002 2.0089519 10197915
-0.97501653 0.74847925 2.0089498 10197915
-0.96595496 0.74847913 2.0089495 10197915
-0.95508069 0.74847883 2.0089486 10197915
-0.94421011 0.74848133 2.0089555 10197915
-0.93514597 0.74847925 2.0089498 10197915
-0.92608482 0.74847955 2.0089505 10197915
-0.9152112 0.7484796 2.0089509 10197915
-0.9043377 0.7484799 2.0089517 10197915
-0.89527464 0.74847865 2.0089481 10197915
-0.88621426 0.74847955 2.0089505 10197915
-0.87534165 0.74848056 2.0089533 10197915
-0.86446589 0.74847883 2.0089486 10197915
-0.85540521 0.74847955 2.0089507 10197915
-0.84634358 0.74847943 2.0089502 10197915
-0.83547145 0.74848098 2.0089543 10197915
-0.82459563 0.74847913 2.0089495 10197915
-0.81372315 0.74848032 2.0089526 10197915
-0.80466169 0.74848032 2.0089526 10197915
-0.7955997 0.7484799 2.0089514 10197915
-0.78472501 0.74847907 2.0089493 10197915
-0.77385098 0.74847883 2.0089486 10197915
-0.76479256 0.74848181 2.0089567 10197915
-0.75572807 0.74847889 2.008949 10197915
-0.7448554 0.74848002 2.0089519 10197915
-0.73398179 0.74848014 2.0089521 10197915
-0.72492069 0.74848062 2.0089536 10197915
-0.71585792 0.74847931 2.00895 10197915
-0.70498466 0.74847984 2.0089514 10197915
-0.69411182 0.74848086 2.0089543 10197915
-0.68504888 0.74847937 2.00895 10197915
-0.67598724 0.74847919 2.0089495 10197915
-0.66511363 0.74847931 2.00895 10197915
-0.6542415 0.74848127 2.0089552 10197915
-0.64517784 0.74847883 2.0089488 10197915
-0.63611698 0.74847955 2.0089505 10197915
-0.6252442 0.74848074 2.0089538 10197915
-0.61437005 0.74848032 2.0089529 10197915
-0.60530746 0.74847901 2.0089493 10197915
-0.59624702 0.74848032 2.0089529 10197915
-0.58537161 0.74847823 2.0089471 10197915
-0.57449859 0.74847919 2.00895 10197915
-0.56362528 0.74847984 2.0089514 10197915
-0.55456364 0.74847972 2.0089509 10197915
-0.54550135 0.74847859 2.0089481 10197915
-0.53462768 0.74847871 2.0089483 10197915
-0.52375525 0.74848062 2.0089538 10197915
-0.51469272 0.74847919 2.0089498 10197915
-0.50563103 0.74847889 2.008949 10197915
-0.49475774 0.74847966 2.0089509 10197915
-0.48388401 0.74847978 2.0089512 7960953
-0.47482136 0.74847794 2.0089464 3881787
-0.46576104 0.74847978 2.0089512 3684408
-0.45488766 0.7484805 2.0089531 3684408
-0.44401333 0.7484796 2.0089509 3684408
-0.43495131 0.74847871 2.0089483 3684408
-0.42589012 0.74847919 2.0089495 3684408
-0.41501725 0.74848086 2.008954 3684408
-0.40414223 0.74847859 2.0089481 3684408
-0.39508158 0.7484802 2.0089524 3684408
-0.38602003 0.74848008 2.0089521 3684408
-0.37514603 0.74847978 2.0089512 3684408
-0.36427188 0.74847907 2.0089493 3684408
-0.35521075 0.74847978 2.0089512 3684408
-0.34614959 0.7484805 2.0089531 3684408
-0.33527541 0.7484796 2.0089509 3684408
-0.3244004 0.7484768 2.0089433 3684408
-0.31533685 0.74847198 2.0089302 3684408
-0.30627546 0.74847198 2.0089302 3684408
-0.29540175 0.74847198 2.0089302 3684408
-0.28452808 0.74847198 2.0089302 3684408
-0.2736544 0.74847198 2.0089302 3684408
-0.26459298 0.74847198 2.0089302 3684408
-0.25553158 0.74847198 2.0089302 3684408
-0.24465792 0.74847198 2.0089302 3684408
-0.23378421 0.74847198 2.0089302 3684408
-0.22472282 0.74847198 2.0089302 3684408
-0.21566141 0.74847198 2.0089302 3684408
-0.20478773 0.74847198 2.0089302 3684408
-0.19391404 0.74847198 2.0089302 3684408
-0.18485263 0.74847198 2.0089302 3684408
-0.17579122 0.74847198 2.0089302 3684408
-0.16491754 0.74847198 2.0089302 3684408
-0.15404387 0.74847198 2.0089302 3684408
-0.14498246 0.74847198 2.0089302 3684408
-0.13592106 0.74847198 2.0089302 3684408
-0.12504737 0.74847198 2.0089302 3684408
-0.11417368 0.74847198 2.0089302 3684408
-0.10511228 0.74847198 2.0089302 3684408
-0.096050881 0.74847198 2.0089302 3684408
-0.085177191 0.74847198 2.0089302 3684408
-0.074303508 0.74847198 2.0089302 3684408
-0.065242112 0.74847198 2.0089302 3684408
-0.056180704 0.74847198 2.0089302 3684408
-0.045307014 0.74847198 2.0089302 3684408
-0.034433335 0.74847198 2.0089302 3684408
-0.025371931 0.74847198 2.0089302 3684408
-0.016310526 0.74847198 2.0089302 3684408
-0.0054368419 0.74847198 2.0089302 3684408
0.0054368419 0.74847198 2.0089302 3684408
0.016310526 0.74847198 2.0089302 3684408
0.025371931 0.74847198 2.0089302 3684408
0.034433335 0.74847198 2.0089302 3684408
0.045307022 0.74847198 2.0089302 3684408
0.056180701 0.74847198 2.0089302 3684408
0.065242112 0.74847198 2.0089302 3684408
0.074303508 0.74847198 2.0089302 3684408
0.085177206 0.74847198 2.0089302 3684408
0.096050881 0.74847198 2.0089302 3684408
0.10511228 0.74847198 2.0089302 3684408
0.11417368 0.74847198 2.0089302 3684408
0.12504737 0.74847198 2.0089302 3684408
0.13592106 0.74847198 2.0089302 3684408
0.14498246 0.74847198 2.0089302 3684408
0.15404385 0.74847198 2.0089302 3684408
0.16491754 0.74847198 2.0089302 3684408
0.17579122 0.74847198 2.0089302 3684408
0.18485263 0.74847198 2.0089302 3684408
0.19391404 0.74847198 2.0089302 3684408
0.20478773 0.74847198 2.0089302 3684408
0.21566141 0.74847198 2.0089302 3684408
0.22472282 0.74847198 2.0089302 3684408
0.23378421 0.74847198 2.0089302 3684408
0.24465792 0.74847198 2.0089302 3684408
0.25553176 0.74847245 2.0089314 3684408
0.26459348 0.74847335 2.008934 3684408
0.27365491 0.74847335 2.008934 3684408
0.28452861 0.74847335 2.008934 3684408
0.29540232 0.74847335 2.008934 3684408
0.30627602 0.74847335 2.008934 3684408
0.31533745 0.74847335 2.008934 3684408
0.32439888 0.74847335 2.008934 3684408
0.33527255 0.74847335 2.008934 3684408
0.34614626 0.74847335 2.008934 3684408
0.35520768 0.74847335 2.008934 3684408
0.36426911 0.74847335 2.008934 3684408
0.37514281 0.74847335 2.008934 3684408
0.38601652 0.74847335 2.008934 3684408
0.39507794 0.74847335 2.008934 3684408
0.40413937 0.74847335 2.008934 3684408
0.41501307 0.74847335 2.008934 3684408
0.42588678 0.74847335 2.008934 3684408
0.43494821 0.74847335 2.008934 3684408
0.44400963 0.74847335 2.008934 3684408
0.45488334 0.74847335 2.008934 3684408
0.46575701 0.74847335 2.008934 3684408
0.47481847 0.74847335 2.008934 3684408
0.48387989 0.74847335 2.008934 3684408
0.4947536 0.74847335 2.008934 3684408
0.50562727 0.74847335 2.008934 3684408
0.51468873 0.74847335 2.008934 3684408
0.52375013 0.74847335 2.008934 3684408
0.5346238 0.74847335 2.008934 3684408
0.54549754 0.74847335 2.008934 3684408
0.55637127 0.74847335 2.008934 3684408
0.56543267 0.74847335 2.008934 3684408
0.57449406 0.74847335 2.008934 3684408
0.5853678 0.74847335 2.008934 3684408
0.59624147 0.74847335 2.008934 3684408
0.60530293 0.74847335 2.008934 3684408
0.61436433 0.74847335 2.008934 3684408
0.62523806 0.74847335 2.008934 3684408
0.63611174 0.74847335 2.008934 3684408
0.64517319 0.74847335 2.008934 3684408
0.65423459 0.74847335 2.008934 3684408
0.66510826 0.74847335 2.008934 3684408
0.675982 0.74847335 2.008934 3684408
0.68504345 0.74847335 2.008934 3684408
0.69410485 0.74847335 2.008934 3684408
0.70497853 0.74847335 2.008934 3684408
0.71585226 0.74847335 2.008934 3684408
0.72491366 0.74847335 2.008934 3684408
0.73397511 0.74847335 2.008934 3684408
0.74484879 0.74847335 2.008934 3684408
0.75572252 0.74847335 2.008934 3684408
0.76478392 0.74847335 2.008934 3684408
0.77384537 0.74847335 2.008934 3684408
0.78471905 0.74847335 2.008934 3684408
0.79559278 0.74847335 2.008934 3684408
0.80465418 0.74847335 2.008934 3684408
0.81371564 0.74847335 2.008934 3684408
0.82458931 0.74847335 2.008934 3684408
0.83546305 0.74847335 2.008934 3684408
0.84633666 0.74847335 2.008934 3684408
0.85539812 0.74847335 2.008934 3684408
0.86445957 0.74847335 2.008934 3684408
0.87533325 0.74847335 2.008934 3684408
0.88620692 0.74847335 2.008934 3684408
0.89526838 0.74847335 2.008934 3684408
0.90432984 0.74847335 2.008934 3684408
0.91520351 0.74847335 2.008934 3684408
0.92607719 0.74847335 2.008934 3684408
0.93513864 0.74847335 2.008934 3684408
0.94420004 0.74847335 2.008934 3684408
0.95507377 0.74847335 2.008934 3684408
0.96594745 0.74847335 2.008934 3684408
0.9750089 0.74847335 2.008934 3684408
0.9840703 0.74847335 2.008934 3684408
0.99494404 0.74847335 2.008934 3684408
1.0058178 0.74847335 2.008934 3684408
1.0148792 0.74847335 2.008934 3684408
1.0239406 0.74847335 2.008934 3684408
1.0348142 0.74847335 2.008934 3684408
1.045688 0.74847335 2.008934 3684408
1.0547495 0.74847335 2.008934 3684408
1.0638108 0.74847335 2.008934 3684408
1.0746845 0.74847335 2.008934 3684408
1.0855582 0.74847335 2.008934 3684408
1.0946198 0.74847335 2.008934 3684408
1.1036811 0.74847335 2.008934 3684408
1.1145548 0.74847335 2.008934 3684408
1.1254286 0.74847335 2.008934 3684408
1.1363024 0.74847335 2.008934 3684408
1.1453636 0.74847335 2.008934 3684408
1.154425 0.74847335 2.008934 3684408
-1.1538285 0.75134307 2.0037031 10197915
-1.1456236 0.75170189 2.0030544 10197915
-1.1347791 0.75170016 2.0030496 10197915
-1.1248035 0.75191545 2.0026603 10197915
-1.1149051 0.75170082 2.0030515 10197915
-1.1050024 0.7514872 2.0034451 10197915
-1.0950252 0.75169992 2.0030489 10197915
-1.0850576 0.75191528 2.00266 10197915
-1.075153 0.75170183 2.0030539 10197915
-1.0652406 0.7514869 2.0034442 10197915
-1.0552727 0.75170064 2.003051 10197915
-1.0444304 0.75170034 2.0030499 10197915
-1.0344702 0.75191391 2.002656 10197915
-1.0254778 0.75148582 2.0034416 10197915
-1.01552 0.75170118 2.0030525 10197915
-1.0046759 0.75169951 2.0030479 10197915
-0.99472558 0.75191462 2.0026584 10197915
-0.98480177 0.75170016 2.0030496 10197915
-0.97487384 0.75148678 2.0034442 10197915
-0.96492285 0.75169975 2.0030487 10197915
-0.95498008 0.75191474 2.0026584 10197915
-0.94504935 0.75170088 2.0030515 10197915
-0.9351114 0.75148588 2.0034418 10197915
-0.92516929 0.75169975 2.0030487 10197915
-0.91523343 0.75191396 2.0026565 10197915
-0.9052965 0.75170153 2.0030534 10197915
-0.89534891 0.75148481 2.0034387 10197915
-0.88541716 0.75170082 2.0030513 10197915
-0.87457579 0.75170118 2.0030525 10197915
-0.86464912 0.75191498 2.0026591 10197915
-0.85469896 0.75169969 2.0030484 10197915
-0.84474486 0.75148588 2.0034413 10197915
-0.83482248 0.75170141 2.0030532 10197915
-0.82490236 0.75191391 2.0026565 10197915
-0.81494617 0.75170022 2.0030499 10197915
-0.80498362 0.75148571 2.0034413 10197915
-0.7950685 0.75170106 2.003052 10197915
-0.78515643 0.75191373 2.0026557 10197915
-0.77519351 0.75170112 2.003052 10197915
-0.76522386 0.75148731 2.0034454 10197915
-0.75531459 0.75170064 2.003051 10197915
-0.7454114 0.75191432 2.0026574 10197915
-0.73543912 0.75170016 2.0030496 10197915
-0.72459894 0.75170183 2.0030544 10197915
-0.71461654 0.75148511 2.0034397 10197915
-0.70566636 0.7519151 2.0026593 10197915
-0.69568568 0.75170022 2.0030494 10197915
-0.68484479 0.7517013 2.0030525 10197915
-0.67485577 0.75148565 2.0034409 10197915
-0.66496569 0.75170064 2.0030508 10197915
-0.65508181 0.75191605 2.0026622 10197915
-0.64509058 0.7517004 2.0030503 10197915
-0.63424885 0.75170058 2.0030506 10197915
-0.62425101 0.75148624 2.0034425 10197915
-0.61533558 0.75191557 2.0026605 10197915
-0.60533619 0.75169927 2.0030472 10197915
-0.59449595 0.7517013 2.0030525 10197915
-0.58448887 0.75148505 2.0034394 10197915
-0.57558906 0.75191462 2.0026581 10197915
-0.56558317 0.75169975 2.0030487 10197915
-0.5547418 0.7517004 2.0030503 10197915
-0.54472739 0.75148469 2.0034385 10197915
-0.53584301 0.75191414 2.0026569 10197915
-0.52583021 0.75170046 2.0030506 10197915
-0.51498771 0.75169951 2.0030479 10197915
-0.50414604 0.75169986 2.0030489 10197915
-0.49412316 0.75148612 2.0034423 10132122
-0.48525849 0.7519154 2.00266 8026746
-0.475234 0.75169915 2.0030468 3947580
-0.46439305 0.75170064 2.0030508 3684408
-0.45436224 0.75148666 2.0034437 3684408
-0.44551229 0.75191462 2.0026581 3684408
-0.43548068 0.75169939 2.0030475 3684408
-0.42463908 0.75169975 2.0030484 3684408
-0.41460118 0.75148714 2.0034451 3684408
-0.40576601 0.75191361 2.0026555 3684408
-0.39572778 0.75170034 2.0030499 3684408
-0.38488615 0.7517007 2.0030513 3684408
-0.37404427 0.7517007 2.003051 3684408
-0.36500847 0.75169897 2.0030463 3684408
-0.35597447 0.7517007 2.003051 3684408
-0.34513268 0.75170082 2.0030515 3684408
-0.33429018 0.75169939 2.0030475 3684408
-0.32423195 0.75148106 2.0034287 3684408
-0.31543329 0.75190943 2.0026443 3684408
-0.30537692 0.75169522 2.0030365 3684408
-0.29453513 0.75169533 2.0030365 3684408
-0.28447098 0.75148106 2.0034287 3684408
-0.27568787 0.75190949 2.0026443 3684408
-0.26562372 0.75169522 2.0030365 3684408
-0.2547819 0.75169522 2.0030365 3684408
-0.24394013 0.75169522 2.0030365 3684408
-0.23490532 0.75169522 2.0030365 3684408
-0.22587049 0.75169522 2.0030365 3684408
-0.2150287 0.75169533 2.0030365 3684408
-0.20418692 0.75169533 2.0030365 3684408
-0.1951521 0.75169528 2.0030365 3684408
-0.18611729 0.75169522 2.0030365 3684408
-0.1752755 0.75169522 2.0030365 3684408
-0.1644337 0.75169522 2.0030365 3684408
-0.15434408 0.75148106 2.0034287 3684408
-0.14561193 0.75190949 2.0026443 3684408
-0.13552231 0.75169522 2.0030365 3684408
-0.12468051 0.75169522 2.0030365 3684408
-0.11383873 0.75169522 2.0030365 3684408
-0.1048039 0.75169528 2.0030365 3684408
-0.095769085 0.75169533 2.0030365 3684408
-0.084927298 0.75169522 2.0030365 3684408
-0.074085519 0.75169522 2.0030365 3684408
-0.065050706 0.75169528 2.0030365 3684408
-0.056015883 0.75169522 2.0030365 3684408
-0.045174096 0.75169522 2.0030365 3684408
-0.034332316 0.75169522 2.0030365 3684408
-0.025297496 0.75169522 2.0030365 3684408
-0.016262675 0.75169533 2.0030365 3684408
-0.005420892 0.75169522 2.0030365 3684408
0.005420892 0.75169522 2.0030365 3684408
0.016262675 0.75169533 2.0030365 3684408
0.025297496 0.75169522 2.0030365 3684408
0.034332313 0.75169533 2.0030365 3684408
0.045174096 0.75169522 2.0030365 3684408
0.056015883 0.75169533 2.0030365 3684408
0.065050706 0.75169528 2.0030365 3684408
0.074085526 0.75169522 2.0030365 3684408
0.084927298 0.75169522 2.0030365 3684408
0.095769085 0.75169522 2.0030365 3684408
0.1048039 0.75169522 2.0030365 3684408
0.11383873 0.75169522 2.0030365 3684408
0.12468051 0.75169533 2.0030365 3684408
0.13552231 0.75169522 2.0030365 3684408
0.14561193 0.75190949 2.0026443 3684408
0.15434408 0.75148106 2.0034287 3684408
0.16443372 0.75169522 2.0030365 3684408
0.17527549 0.75169533 2.0030365 3684408
0.18611729 0.75169522 2.0030365 3684408
0.1951521 0.75169522 2.0030365 3684408
0.20418692 0.75169533 2.0030365 3684408
0.21502872 0.75169522 2.0030365 3684408
0.22587049 0.75169522 2.0030365 3684408
0.2349053 0.75169522 2.0030365 3684408
0.24394013 0.75169522 2.0030365 3684408
0.25478232 0.75169641 2.0030396 3684408
0.2656242 0.75169665 2.0030403 3684408
0.27568838 0.75191092 2.0026481 3684408
0.28447151 0.75148249 2.0034325 3684408
0.29453567 0.75169665 2.0030403 3684408
0.30537748 0.75169665 2.0030403 3684408
0.31543389 0.75191092 2.0026481 3684408
0.32423258 0.75148249 2.0034325 3684408
0.33428898 0.75169677 2.0030403 3684408
0.34513077 0.75169677 2.0030403 3684408
0.35597256 0.75169665 2.0030403 3684408
0.3650074 0.75169671 2.0030403 3684408
0.37404224 0.75169665 2.0030403 3684408
0.38488403 0.75169677 2.0030403 3684408
0.39572585 0.75169665 2.0030403 3684408
0.40576458 0.75191092 2.0026481 3684408
0.41459861 0.75148249 2.0034325 3684408
0.42463735 0.75169677 2.0030403 3684408
0.43547916 0.75169677 2.0030403 3684408
0.44551009 0.75191092 2.0026481 3684408
0.45435971 0.75148243 2.0034325 3684408
0.46439064 0.75169665 2.0030403 3684408
0.47523245 0.75169665 2.0030403 3684408
0.48525557 0.75191092 2.0026481 3684408
0.49412075 0.75148249 2.0034325 3684408
0.50414389 0.75169665 2.0030403 3684408
0.51498568 0.75169665 2.0030403 3684408
0.52582747 0.75169665 2.0030403 3684408
0.53584075 0.75191092 2.0026481 3684408
0.54472578 0.75148249 2.0034325 3684408
0.55473894 0.75169665 2.0030403 3684408
0.56558079 0.75169665 2.0030403 3684408
0.5755862 0.75191092 2.0026481 3684408
0.58448678 0.75148249 2.0034325 3684408
0.59449226 0.75169665 2.0030403 3684408
0.60533404 0.75169677 2.0030403 3684408
0.61533177 0.75191092 2.0026481 3684408
0.62424791 0.75148249 2.0034325 3684408
0.63424557 0.75169665 2.0030403 3684408
0.64508736 0.75169665 2.0030403 3684408
0.65507722 0.75191092 2.0026481 3684408
0.66496223 0.75169665 2.0030403 3684408
0.67485291 0.75148249 2.0034325 3684408
0.68484068 0.75169677 2.0030403 3684408
0.69568247 0.75169665 2.0030403 3684408
0.70566243 0.75191087 2.0026481 3684408
0.71461397 0.75148249 2.0034325 3684408
0.72459394 0.75169677 2.0030403 3684408
0.73543566 0.75169665 2.0030403 3684408
0.74540794 0.75191087 2.0026481 3684408
0.75531071 0.75169677 2.0030403 3684408
0.76521891 0.75148249 2.0034325 3684408
0.77518898 0.75169677 2.0030403 3684408
0.78515351 0.75191092 2.0026481 3684408
0.79506391 0.75169665 2.0030403 3684408
0.80497998 0.75148249 2.0034325 3684408
0.81494236 0.75169665 2.0030403 3684408
0.8248989 0.75191092 2.0026481 3684408
0.83481711 0.75169665 2.0030403 3684408
0.84474105 0.75148249 2.0034325 3684408
0.85469556 0.75169665 2.0030403 3684408
0.86464441 0.75191092 2.0026481 3684408
0.87457055 0.75169665 2.0030403 3684408
0.88541228 0.75169665 2.0030403 3684408
0.89534599 0.75148249 2.0034325 3684408
0.90529066 0.75169665 2.0030403 3684408
0.91522962 0.75191092 2.0026481 3684408
0.92516547 0.75169665 2.0030403 3684408
0.93510711 0.75148243 2.0034325 3684408
0.94504386 0.75169665 2.0030403 3684408
0.95497513 0.75191092 2.0026481 3684408
0.96491879 0.75169665 2.0030403 3684408
0.97486818 0.75148243 2.0034325 3684408
0.98479724 0.75169677 2.0030403 3684408
0.99472064 0.75191087 2.0026481 3684408
1.0046721 0.75169665 2.0030403 3684408
1.0155139 0.75169665 2.0030403 3684408
1.0254732 0.75148243 2.0034325 3684408
1.034466 0.75191092 2.0026481 3684408
1.0444254 0.75169677 2.0030403 3684408
1.0552672 0.75169665 2.0030403 3684408
1.0652342 0.75148249 2.0034325 3684408
1.0751456 0.75169665 2.0030403 3684408
1.0850513 0.75191092 2.0026481 3684408
1.0950204 0.75169665 2.0030403 3684408
1.1049953 0.75148243 2.0034325 3684408
1.1148989 0.75169665 2.0030403 3684408
1.1247967 0.75191092 2.0026481 3684408
1.1347737 0.75169665 2.0030403 3684408
1.1456156 0.75169677 2.0030403 3684408
1.153823 0.75133961 2.0036938 3684408
-1.1614857 0.74523938 2.0148947 10197915
-1.1551692 0.74502295 2.0152924 10197915
-1.1451247 0.74523926 2.0148942 10197915
-1.1350859 0.74545562 2.0144963 10197915
-1.1251317 0.74523884 2.0148935 10197915
-1.1151744 0.74502403 2.0152953 10197915
-1.1051351 0.74523848 2.0148923 10197915
-1.0951065 0.74545634 2.0144985 10197915
-1.0851442 0.74523956 2.0148952 10197915
-1.0751764 0.74502295 2.0152926 10197915
-1.0651461 0.74523824 2.0148916 10197915
-1.0551255 0.74545616 2.014498 10197915
-1.0451533 0.74523789 2.0148907 10197915
-1.0351784 0.745022 2.0152898 10197915
-1.0251585 0.74523896 2.0148933 10197915
-1.0151446 0.74545586 2.0144973 10197915
-1.0051647 0.74523801 2.0148907 10197915
-0.99518144 0.74502146 2.0152886 10197915
-0.98517108 0.74523968 2.0148954 10197915
-0.97516251 0.74545491 2.0144944 10197915
-0.96517706 0.74523848 2.0148923 10197915
-0.95518512 0.74502152 2.0152888 10197915
-0.9451828 0.74523991 2.0148962 10197915
-0.93518096 0.74545413 2.0144925 10197915
-0.92518932 0.74523908 2.014894 10197915
-0.91519004 0.74502259 2.0152915 10197915
-0.90519333 0.7452392 2.0148942 10197915
-0.8952015 0.74545509 2.0144949 10197915
-0.88519984 0.7452383 2.0148919 10197915
-0.87519443 0.74502331 2.0152934 10197915
-0.86520392 0.74523848 2.0148923 10197915
-0.85522187 0.74545586 2.0144973 10197915
-0.84521198 0.74523896 2.0148938 10197915
-0.8351965 0.745022 2.0152898 10197915
-0.82521534 0.74523836 2.0148919 10197915
-0.81524134 0.74545604 2.0144975 10197915
-0.80522424 0.74523956 2.0148954 10197915
-0.79519975 0.74502158 2.0152888 10197915
-0.78522748 0.74523896 2.0148935 10197915
-0.77525991 0.74545532 2.0144958 10197915
-0.76523638 0.74524027 2.0148971 10197915
-0.75520265 0.74502099 2.0152869 10197915
-0.74523944 0.74523944 2.0148947 10197915
-0.73528004 0.74545604 2.0144975 10197915
-0.72524732 0.74523979 2.0148959 10197915
-0.71433973 0.74523807 2.0148909 10197915
-0.70429933 0.74502206 2.0152898 10197915
-0.6953007 0.74545753 2.0145018 10197915
-0.68525773 0.74523872 2.0148928 10197915
-0.67435199 0.74523896 2.0148935 10197915
-0.664303 0.74502218 2.01529 10197915
-0.65531963 0.74545711 2.0145006 10197915
-0.64526862 0.74523807 2.0148909 10197915
-0.63436389 0.74523944 2.0148947 10197915
-0.62430727 0.74502289 2.0152926 10197915
-0.61533844 0.74545652 2.0144989 10197915
-0.6052807 0.74523872 2.0148928 10197915
-0.59437495 0.74523902 2.0148935 10197915
-0.58430892 0.74502057 2.015286 10197915
-0.57535738 0.7454561 2.0144978 10197915
-0.5652926 0.74523926 2.0148947 10197915
-0.55438596 0.7452383 2.0148916 10197915
-0.54431307 0.7450211 2.0152874 10197915
-0.53537577 0.74545485 2.0144944 10197915
-0.52530444 0.74523973 2.0148957 10197915
-0.51439708 0.74523783 2.0148907 10197915
-0.5043174 0.74502206 2.01529 10197915
-0.49539572 0.74545562 2.0144966 10197915
-0.48531547 0.7452392 2.014894 8618883
-0.47440895 0.7452383 2.0148919 4144959
-0.46432051 0.74502134 2.0152881 3684408
-0.45541573 0.7454567 2.0144994 3684408
-0.44532648 0.74523836 2.0148923 3684408
-0.4344207 0.74523872 2.0148928 3684408
-0.42432421 0.74502152 2.0152886 3684408
-0.41543508 0.74545681 2.0144994 3684408
-0.40533772 0.74523801 2.0148909 3684408
-0.39443243 0.7452392 2.0148942 3684408
-0.3843284 0.74502248 2.0152912 3684408
-0.3754541 0.74545634 2.0144982 3684408
-0.36534938 0.74523824 2.0148916 3684408
-0.3544437 0.74523878 2.0148928 3684408
-0.34433228 0.74502319 2.0152931 3684408
-0.33547288 0.74545503 2.0144947 3684408
-0.3253611 0.74523878 2.0148928 3684408
-0.31445217 0.74523163 2.0148737 3684408
-0.30433169 0.745013 2.0152657 3684408
-0.29548913 0.74544716 2.0144737 3684408
-0.28536931 0.74523002 2.0148697 3684408
-0.27446347 0.74523002 2.0148697 3684408
-0.26433578 0.745013 2.0152657 3684408
-0.25550896 0.74544716 2.0144737 3684408
-0.24538125 0.74523014 2.0148697 3684408
-0.23447542 0.74523014 2.0148697 3684408
-0.22433987 0.745013 2.0152657 3684408
-0.21552876 0.74544716 2.0144737 3684408
-0.2053932 0.74523014 2.0148697 3684408
-0.19448735 0.74523014 2.0148697 3684408
-0.18434393 0.74501306 2.0152657 3684408
-0.17554855 0.74544716 2.0144737 3684408
-0.16540514 0.74523014 2.0148697 3684408
-0.15449931 0.74523014 2.0148697 3684408
-0.14434803 0.745013 2.0152657 3684408
-0.13556835 0.74544716 2.0144737 3684408
-0.12541708 0.74523002 2.0148697 3684408
-0.11451125 0.74523014 2.0148697 3684408
-0.10435212 0.745013 2.0152657 3684408
-0.095588155 0.74544716 2.0144737 3684408
-0.08542902 0.74523014 2.0148697 3684408
-0.074523188 0.74523014 2.0148697 3684408
-0.0643562 0.745013 2.0152657 3684408
-0.055607963 0.74544716 2.0144737 3684408
-0.045440968 0.74523014 2.0148697 3684408
-0.034535136 0.74523014 2.0148697 3684408
-0.02436029 0.745013 2.0152657 3684408
-0.015627766 0.74544716 2.0144737 3684408
-0.0054529165 0.74523014 2.0148697 3684408
0.0054529165 0.74523014 2.0148697 3684408
0.015627766 0.74544716 2.0144737 3684408
0.024360288 0.745013 2.0152657 3684408
0.034535136 0.74523014 2.0148697 3684408
0.045440968 0.74523002 2.0148697 3684408
0.055607956 0.74544716 2.0144737 3684408
0.064356208 0.745013 2.0152657 3684408
0.074523188 0.74523014 2.0148697 3684408
0.08542902 0.74523014 2.0148697 3684408
0.095588163 0.74544716 2.0144737 3684408
0.10435212 0.745013 2.0152657 3684408
0.11451124 0.74523002 2.0148697 3684408
0.12541708 0.74523014 2.0148697 3684408
0.13556835 0.74544716 2.0144737 3684408
0.14434803 0.745013 2.0152657 3684408
0.15449929 0.74523002 2.0148697 3684408
0.16540514 0.74523014 2.0148697 3684408
0.17554854 0.74544716 2.0144737 3684408
0.18434393 0.74501306 2.0152657 3684408
0.19448735 0.74523014 2.0148697 3684408
0.2053932 0.74523002 2.0148697 3684408
0.21552876 0.74544716 2.0144737 3684408
0.22433987 0.745013 2.0152657 3684408
0.23447542 0.74523014 2.0148697 3684408
0.24538124 0.74523014 2.0148697 3684408
0.25550893 0.74544716 2.0144737 3684408
0.26433605 0.74501383 2.0152678 3684408
0.27446398 0.74523157 2.0148735 3684408
0.28536984 0.74523157 2.0148735 3684408
0.2954897 0.74544859 2.0144775 3684408
0.30433226 0.74501443 2.0152695 3684408
0.31445208 0.74523145 2.0148735 3684408
0.32535794 0.74523145 2.0148735 3684408
0.33546996 0.74544859 2.0144775 3684408
0.34432822 0.74501443 2.0152695 3684408
0.35444024 0.74523157 2.0148735 3684408
0.3653461 0.74523157 2.0148735 3684408
0.37545025 0.74544859 2.0144775 3684408
0.38432422 0.74501443 2.0152695 3684408
0.39442834 0.74523157 2.0148735 3684408
0.40533423 0.74523145 2.0148735 3684408
0.41543049 0.74544859 2.0144775 3684408
0.42432022 0.74501449 2.0152695 3684408
0.4344165 0.74523157 2.0148735 3684408
0.44532236 0.74523145 2.0148735 3684408
0.45541078 0.74544859 2.0144775 3684408
0.46431619 0.74501443 2.0152695 3684408
0.4744046 0.74523157 2.0148735 3684408
0.48531047 0.74523145 2.0148735 3684408
0.49539104 0.74544859 2.0144775 3684408
0.50431222 0.74501443 2.0152695 3684408
0.51439273 0.74523157 2.0148735 3684408
0.52529866 0.74523157 2.0148735 3684408
0.5353713 0.74544859 2.0144775 3684408
0.54430819 0.74501443 2.0152695 3684408
0.55438089 0.74523157 2.0148735 3684408
0.56528676 0.74523157 2.0148735 3684408
0.5753516 0.74544859 2.0144775 3684408
0.58430421 0.74501443 2.0152695 3684408
0.59436899 0.74523157 2.0148735 3684408
0.60527486 0.74523157 2.0148735 3684408
0.61533183 0.74544859 2.0144775 3684408
0.62430012 0.74501443 2.0152695 3684408
0.63435715 0.74523157 2.0148735 3684408
0.64526302 0.74523157 2.0148735 3684408
0.65531212 0.74544859 2.0144775 3684408
0.66429615 0.74501449 2.0152695 3684408
0.67434525 0.74523157 2.0148735 3684408
0.68525118 0.74523157 2.0148735 3684408
0.69529241 0.74544859 2.0144775 3684408
0.70524341 0.74523157 2.0148735 3684408
0.71520013 0.74501443 2.0152695 3684408
0.72523928 0.74523145 2.0148735 3684408
0.73527271 0.74544859 2.0144775 3684408
0.74523157 0.74523157 2.0148735 3684408
0.75519615 0.74501449 2.0152695 3684408
0.76522738 0.74523157 2.0148735 3684408
0.77525294 0.74544859 2.0144775 3684408
0.78521967 0.74523145 2.0148735 3684408
0.79519212 0.74501443 2.0152695 3684408
0.80521554 0.74523157 2.0148735 3684408
0.81523323 0.74544859 2.0144775 3684408
0.82520789 0.74523157 2.0148735 3684408
0.83518809 0.74501443 2.0152695 3684408
0.8452037 0.74523145 2.0148735 3684408
0.85521346 0.74544859 2.0144775 3684408
0.86519593 0.74523157 2.0148735 3684408
0.87518418 0.74501449 2.0152695 3684408
0.88519174 0.74523157 2.0148735 3684408
0.89519376 0.74544859 2.0144775 3684408
0.90518403 0.74523157 2.0148735 3684408
0.91518003 0.74501449 2.0152695 3684408
0.92517996 0.74523157 2.0148735 3684408
0.93517411 0.74544859 2.0144775 3684408
0.94517213 0.74523157 2.0148735 3684408
0.955176 0.74501443 2.0152695 3684408
0.96516806 0.74523145 2.0148735 3684408
0.97515428 0.74544859 2.0144775 3684408
0.98516035 0.74523157 2.0148735 3684408
0.99517214 0.74501443 2.0152695 3684408
1.0051562 0.74523157 2.0148735 3684408
1.0151346 0.74544859 2.0144775 3684408
1.0251485 0.74523145 2.0148735 3684408
1.0351681 0.74501443 2.0152695 3684408
1.0451443 0.74523157 2.0148735 3684408
1.055115 0.74544859 2.0144775 3684408
1.0651366 0.74523145 2.0148735 3684408
1.0751641 0.74501443 2.0152695 3684408
1.0851325 0.74523157 2.0148735 3684408
1.095095 0.74544859 2.0144775 3684408
1.1051247 0.74523157 2.0148735 3684408
1.11516 0.74501443 2.0152695 3684408
1.1251205 0.74523157 2.0148735 3684408
1.1350753 0.74544859 2.0144775 3684408
1.1451129 0.74523157 2.0148735 3684408
1.1551559 0.74501449 2.0152695 3684408
1.1614734 0.74523151 2.0148735 3684408
-1.165687 0.73847449 2.0272605 10197915
-1.155584 0.73869538 2.0268633 10197915
-1.14461 0.73869348 2.0268581 10197915
-1.1345141 0.73891371 2.0264592 10197915
-1.1254551 0.73847592 2.0272646 10197915
-1.1153563 0.73869443 2.0268607 10197915
-1.1052625 0.73891246 2.0264554 10197915
-1.0952443 0.73869389 2.0268593 10197915
-1.0852222 0.73847675 2.0272667 10197915
-1.0751295 0.73869389 2.0268593 10197915
-1.0650467 0.73891389 2.0264592 10197915
-1.0550176 0.73869342 2.0268576 10197915
-1.0449847 0.73847419 2.0272598 10197915
-1.0349032 0.73869371 2.0268586 10197915
-1.0248281 0.73891342 2.0264583 10197915
-1.0147904 0.73869252 2.0268555 10197915
-1.0047522 0.73847532 2.0272629 10197915
-0.99467802 0.73869425 2.0268602 10197915
-0.98460978 0.73891324 2.0264578 10197915
-0.97548878 0.73847353 2.0272579 10197915
-0.96542197 0.73869365 2.0268586 10197915
-0.95536059 0.73891348 2.0264583 10197915
-0.94530994 0.738693 2.0268567 10197915
-0.935256 0.73847443 2.0272605 10197915
-0.92519623 0.73869377 2.026859 10197915
-0.91514301 0.73891383 2.0264595 10197915
-0.90508366 0.73869276 2.0268559 10197915
-0.89502305 0.73847532 2.0272629 10197915
-0.88497066 0.73869419 2.02686 10197915
-0.87492353 0.73891258 2.0264559 10197915
-0.86485791 0.73869294 2.0268564 10197915
-0.85478842 0.73847473 2.0272613 10197915
-0.8447451 0.73869461 2.0268612 10197915
-0.83470547 0.73891264 2.0264561 10197915
-0.82463306 0.73869389 2.026859 10197915
-0.8145541 0.73847449 2.0272605 10197915
-0.80545759 0.73891413 2.0264599 10197915
-0.79537606 0.73869228 2.0268548 10197915
-0.78529376 0.7384752 2.0272624 10197915
-0.77526355 0.73869437 2.0268605 10197915
-0.76523876 0.73891336 2.026458 10197915
-0.75515169 0.73869377 2.026859 10197915
-0.74505955 0.73847497 2.0272617 10197915
-0.73503786 0.73869485 2.0268617 10197915
-0.72501969 0.73891234 2.0264554 10197915
-0.71492583 0.73869389 2.0268593 10197915
-0.70482528 0.73847461 2.027261 10197915
-0.694812 0.73869509 2.0268624 10197915
-0.68480158 0.73891222 2.0264544 10197915
-0.67470056 0.73869485 2.0268614 10197915
-0.66459244 0.73847592 2.0272648 10197915
-0.65555334 0.73891354 2.0264583 10197915
-0.64544398 0.73869324 2.0268576 10197915
-0.6344738 0.73869389 2.0268593 10197915
-0.62435877 0.7384764 2.0272658 10197915
-0.61533487 0.73891306 2.0264571 10197915
-0.60521871 0.73869413 2.02686 10197915
-0.59424746 0.73869348 2.0268579 10197915
-0.58412313 0.73847437 2.0272603 10197915
-0.57511604 0.73891199 2.0264544 10197915
-0.56499296 0.73869449 2.0268612 10197915
-0.55486166 0.73847377 2.0272586 10197915
-0.54586709 0.73891258 2.0264561 10197915
-0.5357371 0.73869371 2.0268586 10197915
-0.52476662 0.73869413 2.02686 10197915
-0.51462781 0.73847401 2.0272593 10197915
-0.50564915 0.7389127 2.0264561 10197915
-0.4955115 0.73869425 2.0268602 10066329
-0.48454037 0.73869371 2.0268586 6579300
-0.47439423 0.73847449 2.0272605 3684408
-0.46543083 0.73891222 2.0264549 3684408
-0.4552857 0.73869467 2.0268614 3684408
-0.44431379 0.73869276 2.0268562 3684408
-0.43416071 0.73847526 2.0272627 3684408
-0.42521325 0.73891294 2.0264566 3684408
-0.41505954 0.73869443 2.0268607 3684408
-0.40408811 0.73869324 2.0268574 3684408
-0.3949461 0.73869371 2.0268586 3684408
-0.38580441 0.73869467 2.0268614 3684408
-0.37483287 0.73869318 2.0268574 3684408
-0.36466536 0.73847479 2.0272615 3684408
-0.3557454 0.73891211 2.0264544 3684408
-0.34557852 0.73869514 2.0268626 3684408
-0.33460668 0.73869276 2.0268562 3684408
-0.32443184 0.73847592 2.0272646 3684408
-0.31552786 0.73891306 2.0264573 3684408
-0.30535141 0.73869258 2.0268557 3684408
-0.29437846 0.73868698 2.0268402 3684408
-0.28419459 0.73846757 2.0272415 3684408
-0.2753073 0.73890638 2.026439 3684408
-0.26512346 0.73868698 2.0268402 3684408
-0.2541528 0.73868704 2.0268402 3684408
-0.24501063 0.73868704 2.0268402 3684408
-0.23586845 0.73868704 2.0268402 3684408
-0.22489782 0.73868698 2.0268402 3684408
-0.21392719 0.73868704 2.0268402 3684408
-0.204785 0.73868698 2.0268402 3684408
-0.19564283 0.73868704 2.0268402 3684408
-0.18467219 0.73868704 2.0268402 3684408
-0.17446661 0.73846757 2.0272415 3684408
-0.16562279 0.7389065 2.026439 3684408
-0.15541719 0.73868704 2.0268402 3684408
-0.14444657 0.73868704 2.0268402 3684408
-0.13530438 0.73868704 2.0268402 3684408
-0.1261622 0.73868698 2.0268402 3684408
-0.11519156 0.73868698 2.0268402 3684408
-0.10422093 0.73868698 2.0268402 3684408
-0.095078759 0.73868698 2.0268402 3684408
-0.085936569 0.73868704 2.0268402 3684408
-0.074965946 0.73868704 2.0268402 3684408
-0.063995317 0.73868704 2.0268402 3684408
-0.05485313 0.73868704 2.0268402 3684408
-0.045710936 0.73868704 2.0268402 3684408
-0.034740318 0.73868704 2.0268402 3684408
-0.02376969 0.73868698 2.0268402 3684408
-0.0146275 0.73868698 2.0268402 3684408
-0.005485313 0.73868698 2.0268402 3684408
0.0054853125 0.73868698 2.0268402 3684408
0.0146275 0.73868704 2.0268402 3684408
0.02376969 0.73868704 2.0268402 3684408
0.034740314 0.73868704 2.0268402 3684408
0.045710936 0.73868698 2.0268402 3684408
0.054853126 0.73868698 2.0268402 3684408
0.063995317 0.73868704 2.0268402 3684408
0.074965939 0.73868698 2.0268402 3684408
0.085936569 0.73868698 2.0268402 3684408
0.095078759 0.73868698 2.0268402 3684408
0.10422093 0.73868698 2.0268402 3684408
0.11519156 0.73868698 2.0268402 3684408
0.12616219 0.73868698 2.0268402 3684408
0.13530439 0.73868698 2.0268402 3684408
0.14444657 0.73868704 2.0268402 3684408
0.15541719 0.73868704 2.0268402 3684408
0.16562277 0.73890638 2.026439 3684408
0.17446661 0.73846757 2.0272415 3684408
0.18467219 0.73868698 2.0268402 3684408
0.19564281 0.73868698 2.0268402 3684408
0.204785 0.73868704 2.0268402 3684408
0.21392721 0.73868698 2.0268402 3684408
0.22489782 0.73868704 2.0268402 3684408
0.23586844 0.73868704 2.0268402 3684408
0.24501063 0.73868704 2.0268402 3684408
0.2541528 0.73868704 2.0268402 3684408
0.26512346 0.73868698 2.0268402 3684408
0.27530751 0.73890698 2.0264404 3684408
0.28419501 0.73846865 2.0272446 3684408
0.294379 0.73868841 2.026844 3684408
0.30534968 0.73868841 2.026844 3684408
0.31552556 0.73890775 2.0264428 3684408
0.3244288 0.73846895 2.0272453 3684408
0.33460471 0.73868841 2.026844 3684408
0.34557536 0.73868841 2.026844 3684408
0.35574332 0.73890775 2.0264428 3684408
0.36466247 0.73846895 2.0272453 3684408
0.37483039 0.73868829 2.026844 3684408
0.38580108 0.73868829 2.026844 3684408
0.39494324 0.73868835 2.026844 3684408
0.40408543 0.73868829 2.026844 3684408
0.41505611 0.73868829 2.026844 3684408
0.4252103 0.73890781 2.0264428 3684408
0.43415698 0.73846895 2.0272453 3684408
0.44431117 0.73868841 2.026844 3684408
0.45528182 0.73868829 2.026844 3684408
0.46542805 0.73890775 2.0264428 3684408
0.47439066 0.73846889 2.0272453 3684408
0.48453689 0.73868841 2.026844 3684408
0.49550751 0.73868829 2.026844 3684408
0.50564575 0.73890775 2.0264428 3684408
0.5146243 0.73846889 2.0272453 3684408
0.52476257 0.73868829 2.026844 3684408
0.53573322 0.73868841 2.026844 3684408
0.54586351 0.73890775 2.0264428 3684408
0.55485797 0.73846895 2.0272453 3684408
0.5649882 0.73868829 2.026844 3684408
0.57511276 0.73890775 2.0264428 3684408
0.58411878 0.73846895 2.0272453 3684408
0.59424335 0.73868841 2.026844 3684408
0.60521394 0.73868841 2.026844 3684408
0.61533052 0.73890775 2.0264428 3684408
0.62435251 0.73846889 2.0272453 3684408
0.63446903 0.73868829 2.026844 3684408
0.64543968 0.73868841 2.026844 3684408
0.65554827 0.73890775 2.0264428 3684408
0.66458619 0.73846895 2.0272453 3684408
0.67469472 0.73868829 2.026844 3684408
0.68479753 0.73890775 2.0264428 3684408
0.6948058 0.73868829 2.026844 3684408
0.7048198 0.73846889 2.0272453 3684408
0.71492046 0.73868829 2.026844 3684408
0.72501528 0.73890775 2.0264428 3684408
0.73503143 0.73868829 2.026844 3684408
0.74505347 0.73846895 2.0272453 3684408
0.75514621 0.73868841 2.026844 3684408
0.76523304 0.73890775 2.0264428 3684408
0.77525711 0.73868829 2.026844 3684408
0.7852872 0.73846895 2.0272453 3684408
0.79537183 0.73868841 2.026844 3684408
0.80545074 0.73890775 2.0264428 3684408
0.81454802 0.73846895 2.0272453 3684408
0.82462692 0.73868841 2.026844 3684408
0.83469999 0.73890775 2.0264428 3684408
0.84473795 0.73868841 2.026844 3684408
0.85478175 0.73846895 2.0272453 3684408
0.86485261 0.73868841 2.026844 3684408
0.87491769 0.73890775 2.0264428 3684408
0.88496369 0.73868841 2.026844 3684408
0.89501536 0.73846895 2.0272453 3684408
0.90507823 0.73868841 2.026844 3684408
0.9151355 0.73890775 2.0264428 3684408
0.92518944 0.73868829 2.026844 3684408
0.93524903 0.73846895 2.0272453 3684408
0.94530392 0.73868841 2.026844 3684408
0.95535326 0.73890781 2.0264428 3684408
0.965415 0.73868841 2.026844 3684408
0.97548264 0.73846895 2.0272453 3684408
0.98460245 0.73890781 2.0264428 3684408
0.99467009 0.73868829 2.026844 3684408
1.0047435 0.73846895 2.0272453 3684408
1.0147847 0.73868841 2.026844 3684408
1.0248203 0.73890775 2.0264428 3684408
1.0348958 0.73868841 2.026844 3684408
1.0449772 0.73846895 2.0272453 3684408
1.0550104 0.73868829 2.026844 3684408
1.065038 0.73890775 2.0264428 3684408
1.0751215 0.73868829 2.026844 3684408
1.0852108 0.73846889 2.0272453 3684408
1.0952362 0.73868841 2.026844 3684408
1.1052557 0.73890781 2.0264428 3684408
1.1153471 0.73868841 2.026844 3684408
1.1254445 0.73846895 2.0272453 3684408
1.134505 0.73890775 2.0264428 3684408
1.1446023 0.73868841 2.026844 3684408
1.1555729 0.73868841 2.026844 3684408
1.1656783 0.73846895 2.0272453 3684408
-1.1630914 0.74197209 2.020843 10197915
-1.1539806 0.74197483 2.0208502 10197915
-1.1448624 0.74197292 2.0208452 10197915
-1.1357473 0.74197292 2.0208452 10197915
-1.1248103 0.7419737 2.0208473 10197915
-1.113873 0.74197429 2.020849 10197915
-1.1047541 0.74197185 2.0208421 10197915
-1.0956417 0.7419737 2.0208473 10197915
-1.084704 0.74197406 2.0208483 10197915
-1.0737647 0.74197316 2.0208457 10197915
-1.0646491 0.74197292 2.0208449 10197915
-1.0555348 0.74197358 2.0208466 10197915
-1.0445946 0.74197215 2.0208428 10197915
-1.0336565 0.74197215 2.0208428 10197915
-1.0245448 0.74197465 2.0208497 10197915
-1.0154263 0.74197221 2.020843 10197915
-1.0044886 0.74197251 2.0208442 10197915
-0.99537277 0.74197197 2.0208426 10197915
-0.98626089 0.74197441 2.0208495 10197915
-0.97531956 0.74197203 2.0208428 10197915
-0.96438307 0.74197334 2.0208464 10197915
-0.95526755 0.74197304 2.0208454 10197915
-0.94615287 0.7419734 2.0208464 10197915
-0.93521386 0.74197286 2.0208447 10197915
-0.92427558 0.74197268 2.0208445 10197915
-0.91516304 0.74197483 2.0208502 10197915
-0.9060449 0.74197239 2.0208435 10197915
-0.89510709 0.74197268 2.0208445 10197915
-0.88416952 0.74197322 2.0208457 10197915
-0.87505513 0.74197382 2.0208476 10197915
-0.86593753 0.74197173 2.0208418 10197915
-0.85500151 0.74197358 2.0208471 10197915
-0.84406322 0.74197346 2.0208466 10197915
-0.83494806 0.74197352 2.0208468 10197915
-0.82583183 0.74197245 2.0208437 10197915
-0.81489426 0.7419731 2.0208454 10197915
-0.80395794 0.74197477 2.0208499 10197915
-0.79484022 0.74197245 2.0208437 10197915
-0.78572559 0.74197286 2.0208449 10197915
-0.7747879 0.7419734 2.0208461 10197915
-0.76385003 0.7419737 2.0208473 10197915
-0.75473267 0.74197149 2.0208411 10197915
-0.74561983 0.74197382 2.0208476 10197915
-0.73468155 0.74197364 2.0208471 10197915
-0.7237429 0.74197322 2.0208459 10197915
-0.71462774 0.74197316 2.0208459 10197915
-0.7055127 0.74197322 2.0208459 10197915
-0.69457555 0.74197441 2.0208492 10197915
-0.68545878 0.74197268 2.0208445 10197915
-0.6763441 0.74197316 2.0208457 10197915
-0.66540629 0.74197346 2.0208466 10197915
-0.65446836 0.74197388 2.0208476 10197915
-0.64535129 0.74197173 2.0208416 10197915
-0.6362381 0.74197394 2.020848 10197915
-0.62529993 0.74197406 2.020848 10197915
-0.61436087 0.74197292 2.0208452 10197915
-0.60524547 0.74197268 2.0208445 10197915
-0.59613091 0.7419734 2.0208464 10197915
-0.58519202 0.74197245 2.0208437 10197915
-0.57425416 0.74197274 2.0208447 10197915
-0.56514013 0.74197435 2.0208488 10197915
-0.55602354 0.74197239 2.0208435 10197915
-0.54508561 0.74197274 2.0208445 10197915
-0.53414774 0.7419731 2.0208457 10197915
-0.5250327 0.74197328 2.0208461 10197915
-0.51591653 0.74197179 2.0208421 10197915
-0.50497919 0.7419731 2.0208457 10197915
-0.49404106 0.7419731 2.0208457 10066329
-0.48492587 0.74197304 2.0208454 7697781
-0.47581044 0.74197263 2.0208442 4276545
-0.46487221 0.74197251 2.020844 3684408
-0.45393518 0.74197435 2.0208492 3684408
-0.444819 0.74197268 2.0208445 3684408
-0.43570375 0.74197245 2.0208437 3684408
-0.42476583 0.74197292 2.0208452 3684408
-0.41382813 0.7419737 2.0208473 3684408
-0.40471146 0.74197102 2.0208397 3684408
-0.39559755 0.74197322 2.0208461 3684408
-0.38465962 0.7419737 2.0208473 3684408
-0.37372088 0.74197268 2.0208445 3684408
-0.36460578 0.7419728 2.0208447 3684408
-0.3554906 0.74197274 2.0208447 3684408
-0.34455332 0.74197459 2.0208495 3684408
-0.33543706 0.74197221 2.020843 3684408
-0.32632238 0.74197322 2.0208461 3684408
-0.31538433 0.74197358 2.0208466 3684408
-0.30444396 0.74196815 2.0208321 3684408
-0.29532886 0.74196815 2.0208321 3684408
-0.28621376 0.74196815 2.0208321 3684408
-0.27527562 0.74196815 2.0208321 3684408
-0.26433754 0.74196815 2.0208321 3684408
-0.25522244 0.74196815 2.0208321 3684408
-0.24610735 0.74196815 2.0208321 3684408
-0.23516925 0.74196815 2.0208321 3684408
-0.22423117 0.74196815 2.0208321 3684408
-0.21511608 0.74196815 2.0208321 3684408
-0.20600098 0.74196815 2.0208321 3684408
-0.19506288 0.74196815 2.0208321 3684408
-0.18412477 0.74196815 2.0208321 3684408
-0.1750097 0.74196815 2.0208321 3684408
-0.16589458 0.74196815 2.0208321 3684408
-0.15495647 0.74196815 2.0208321 3684408
-0.1440184 0.74196815 2.0208321 3684408
-0.13490331 0.74196815 2.0208321 3684408
-0.1257882 0.74196815 2.0208321 3684408
-0.1148501 0.74196815 2.0208321 3684408
-0.103912 0.74196815 2.0208321 3684408
-0.094796911 0.74196815 2.0208321 3684408
-0.085681826 0.74196815 2.0208321 3684408
-0.074743725 0.74196815 2.0208321 3684408
-0.063805617 0.74196815 2.0208321 3684408
-0.054690525 0.74196815 2.0208321 3684408
-0.04557544 0.74196815 2.0208321 3684408
-0.034637336 0.74196815 2.0208321 3684408
-0.02369923 0.74196815 2.0208321 3684408
-0.014584141 0.74196815 2.0208321 3684408
-0.0054690526 0.74196815 2.0208321 3684408
0.0054690526 0.74196815 2.0208321 3684408
0.014584141 0.74196815 2.0208321 3684408
0.02369923 0.74196815 2.0208321 3684408
0.034637336 0.74196815 2.0208321 3684408
0.04557544 0.74196815 2.0208321 3684408
0.054690525 0.74196815 2.0208321 3684408
0.063805617 0.74196815 2.0208321 3684408
0.074743718 0.74196815 2.0208321 3684408
0.085681818 0.74196815 2.0208321 3684408
0.094796911 0.74196815 2.0208321 3684408
0.103912 0.74196815 2.0208321 3684408
0.1148501 0.74196815 2.0208321 3684408
0.12578821 0.74196815 2.0208321 3684408
0.13490331 0.74196815 2.0208321 3684408
0.1440184 0.74196815 2.0208321 3684408
0.1549565 0.74196815 2.0208321 3684408
0.16589461 0.74196815 2.0208321 3684408
0.1750097 0.74196815 2.0208321 3684408
0.18412478 0.74196815 2.0208321 3684408
0.19506288 0.74196815 2.0208321 3684408
0.20600098 0.74196815 2.0208321 3684408
0.21511608 0.74196815 2.0208321 3684408
0.22423117 0.74196815 2.0208321 3684408
0.23516928 0.74196815 2.0208321 3684408
0.24610738 0.74196815 2.0208321 3684408
0.25522244 0.74196815 2.0208321 3684408
0.26433754 0.74196815 2.0208321 3684408
0.27527618 0.74196953 2.0208359 3684408
0.28621432 0.74196953 2.0208359 3684408
0.29532939 0.74196953 2.0208359 3684408
0.30444452 0.74196953 2.0208359 3684408
0.31538263 0.74196953 2.0208359 3684408
0.32632077 0.74196953 2.0208359 3684408
0.33543587 0.74196953 2.0208359 3684408
0.34455097 0.74196953 2.0208359 3684408
0.3554891 0.74196953 2.0208359 3684408
0.36460418 0.74196953 2.0208359 3684408
0.3737193 0.74196953 2.0208359 3684408
0.38465747 0.74196953 2.0208359 3684408
0.39559555 0.74196953 2.0208359 3684408
0.40471065 0.74196953 2.0208359 3684408
0.41382575 0.74196953 2.0208359 3684408
0.42476389 0.74196953 2.0208359 3684408
0.43570206 0.74196953 2.0208359 3684408
0.44481713 0.74196953 2.0208359 3684408
0.45393226 0.74196953 2.0208359 3684408
0.46487036 0.74196953 2.0208359 3684408
0.47580847 0.74196953 2.0208359 3684408
0.4849236 0.74196953 2.0208359 3684408
0.4940387 0.74196953 2.0208359 3684408
0.50497681 0.74196953 2.0208359 3684408
0.51591492 0.74196953 2.0208359 3684408
0.52503002 0.74196953 2.0208359 3684408
0.53414518 0.74196953 2.0208359 3684408
0.54508322 0.74196953 2.0208359 3684408
0.55602145 0.74196953 2.0208359 3684408
0.56513649 0.74196953 2.0208359 3684408
0.57425159 0.74196953 2.0208359 3684408
0.58518976 0.74196953 2.0208359 3684408
0.59612787 0.74196953 2.0208359 3684408
0.60524297 0.74196953 2.0208359 3684408
0.61435813 0.74196953 2.0208359 3684408
0.62529618 0.74196953 2.0208359 3684408
0.63623434 0.74196953 2.0208359 3684408
0.64534944 0.74196953 2.0208359 3684408
0.65446454 0.74196953 2.0208359 3684408
0.66540271 0.74196953 2.0208359 3684408
0.67634082 0.74196953 2.0208359 3684408
0.68545592 0.74196953 2.0208359 3684408
0.69457102 0.74196953 2.0208359 3684408
0.70550913 0.74196953 2.0208359 3684408
0.71462423 0.74196953 2.0208359 3684408
0.72373933 0.74196953 2.0208359 3684408
0.73467749 0.74196953 2.0208359 3684408
0.74561554 0.74196953 2.0208359 3684408
0.7547307 0.74196953 2.0208359 3684408
0.76384574 0.74196953 2.0208359 3684408
0.77478391 0.74196953 2.0208359 3684408
0.78572208 0.74196953 2.0208359 3684408
0.79483712 0.74196953 2.0208359 3684408
0.80395228 0.74196953 2.0208359 3684408
0.81489038 0.74196953 2.0208359 3684408
0.82582849 0.74196953 2.0208359 3684408
0.83494365 0.74196953 2.0208359 3684408
0.84405875 0.74196953 2.0208359 3684408
0.85499686 0.74196953 2.0208359 3684408
0.86593503 0.74196953 2.0208359 3684408
0.87505007 0.74196953 2.0208359 3684408
0.88416523 0.74196953 2.0208359 3684408
0.89510328 0.74196953 2.0208359 3684408
0.90604144 0.74196953 2.0208359 3684408
0.91515654 0.74196953 2.0208359 3684408
0.92427164 0.74196953 2.0208359 3684408
0.93520975 0.74196953 2.0208359 3684408
0.94614792 0.74196953 2.0208359 3684408
0.95526302 0.74196953 2.0208359 3684408
0.96437806 0.74196953 2.0208359 3684408
0.97531623 0.74196953 2.0208359 3684408
0.98625439 0.74196953 2.0208359 3684408
0.99536943 0.74196953 2.0208359 3684408
1.0044845 0.74196953 2.0208359 3684408
1.0154227 0.74196953 2.0208359 3684408
1.0245378 0.74196953 2.0208359 3684408
1.0336529 0.74196953 2.0208359 3684408
1.0445911 0.74196953 2.0208359 3684408
1.0555291 0.74196953 2.0208359 3684408
1.0646443 0.74196953 2.0208359 3684408
1.0737594 0.74196953 2.0208359 3684408
1.0846976 0.74196953 2.0208359 3684408
1.0956355 0.74196953 2.0208359 3684408
1.1047506 0.74196953 2.0208359 3684408
1.1138659 0.74196953 2.0208359 3684408
1.1248039 0.74196953 2.0208359 3684408
1.1357421 0.74196953 2.0208359 3684408
1.1448572 0.74196953 2.0208359 3684408
1.1539723 0.74196953 2.0208359 3684408
1.1630874 0.74196953 2.0208359 3684408
-1.1721953 0.73392171 2.0355988 10197915
-1.1647236 0.73451245 2.0345225 10197915
-1.155638 0.73406947 2.0353298 10197915
-1.1454946 0.73429084 2.0349257 10197915
-1.1344804 0.7342909 2.0349257 10197915
-1.1243465 0.73451316 2.0345244 10197915
-1.115243 0.73406881 2.0353279 10197915
-1.1051089 0.73429102 2.0349262 10197915
-1.094979 0.73451209 2.0345216 10197915
-1.0849186 0.73429173 2.0349281 10197915
-1.0748483 0.73406845 2.035327 10197915
-1.0647224 0.73429084 2.0349257 10197915
-1.0545983 0.7345103 2.0345161 10197915
-1.0454724 0.73406953 2.0353303 10197915
-1.0353502 0.73429042 2.0349247 10197915
-1.0252347 0.73451185 2.0345206 10197915
-1.0151581 0.73428965 2.0349226 10197915
-1.005077 0.73406863 2.0353274 10197915
-0.99496555 0.73429137 2.0349274 10197915
-0.98485565 0.73451102 2.0345187 10197915
-0.97477263 0.73429018 2.034924 10197915
-0.96468318 0.73406875 2.0353281 10197915
-0.95457953 0.73429149 2.0349276 10197915
-0.94447649 0.73451018 2.0345163 10197915
-0.93530715 0.73406994 2.0353312 10197915
-0.92520601 0.73429012 2.0349238 10197915
-0.91511267 0.73451173 2.0345204 10197915
-0.90501475 0.73429006 2.0349236 10197915
-0.89491165 0.73406887 2.0353284 10197915
-0.88482118 0.73429108 2.0349267 10197915
-0.87473404 0.73451126 2.034519 10197915
-0.86462927 0.7342906 2.0349252 10197915
-0.85451782 0.73406917 2.0353286 10197915
-0.84536952 0.73451245 2.0345225 10197915
-0.83525604 0.73428923 2.0349214 10197915
-0.82514113 0.73406994 2.035331 10197915
-0.8150633 0.73429108 2.0349264 10197915
-0.80499095 0.73451197 2.0345213 10197915
-0.79487085 0.73428994 2.0349233 10197915
-0.78474635 0.73406923 2.0353293 10197915
-0.7756263 0.73451316 2.0345244 10197915
-0.76549929 0.73428994 2.0349233 10197915
-0.75448513 0.7342903 2.0349243 10197915
-0.74435222 0.73406923 2.0353291 10197915
-0.73524773 0.73451269 2.0345232 10197915
-0.72511297 0.73428982 2.0349228 10197915
-0.71497571 0.73407018 2.0353317 10197915
-0.70491928 0.7342909 2.0349262 10197915
-0.69486922 0.73451221 2.0345218 10197915
-0.68472737 0.73429018 2.0349243 10197915
-0.67458075 0.73406947 2.0353293 10197915
-0.66550362 0.73451251 2.0345225 10197915
-0.65535569 0.7342903 2.0349243 10197915
-0.64434183 0.7342909 2.0349257 10197915
-0.63418686 0.73406971 2.0353303 10197915
-0.62512612 0.73451328 2.0345247 10197915
-0.61496913 0.73428965 2.0349226 10197915
-0.60480988 0.7340703 2.0353322 10197915
-0.59575832 0.7345109 2.0345182 10197915
-0.58559752 0.73428982 2.0349228 10197915
-0.57458323 0.73428994 2.0349233 10197915
-0.5644151 0.73406953 2.0353298 10197915
-0.55537975 0.73451024 2.0345163 10197915
-0.54521221 0.73429066 2.0349252 10197915
-0.53503752 0.73406947 2.0353296 10197915
-0.52501708 0.73429036 2.0349243 10197915
-0.51500213 0.73451072 2.0345178 10197915
-0.50482553 0.73428982 2.0349228 10197915
-0.49464422 0.73407066 2.0353332 10066329
-0.48563623 0.7345106 2.0345173 7171437
-0.475454 0.73429012 2.0349236 3750201
-0.46443996 0.73429054 2.034925 3684408
-0.45424947 0.73406971 2.0353305 3684408
-0.44525829 0.73451072 2.0345175 3684408
-0.43506825 0.7342906 2.0349252 3684408
-0.42487192 0.73406971 2.0353305 3684408
-0.41589314 0.73451191 2.0345206 3684408
-0.40569624 0.73429006 2.0349236 3684408
-0.39468169 0.73428965 2.0349226 3684408
-0.38447821 0.73407048 2.0353327 3684408
-0.37551457 0.73451078 2.034518 3684408
-0.36531052 0.7342906 2.0349252 3684408
-0.35429636 0.73429114 2.0349267 3684408
-0.34511763 0.73429102 2.0349262 3684408
-0.3359381 0.73428911 2.0349209 3684408
-0.32492462 0.73429114 2.0349264 3684408
-0.31470627 0.73407012 2.0353315 3684408
-0.30577126 0.73451203 2.0345216 3684408
-0.29555133 0.7342872 2.0349157 3684408
-0.2845349 0.73428172 2.0349007 3684408
-0.27430856 0.73406047 2.035305 3684408
-0.26538989 0.73450297 2.0344963 3684408
-0.25516355 0.73428172 2.0349007 3684408
-0.24414928 0.73428172 2.0349007 3684408
-0.23497076 0.73428178 2.0349007 3684408
-0.22579221 0.73428178 2.0349007 3684408
-0.21477796 0.73428184 2.0349007 3684408
-0.20453775 0.73406059 2.035305 3684408
-0.19564682 0.73450297 2.0344963 3684408
-0.18540661 0.73428178 2.0349007 3684408
-0.17439236 0.73428178 2.0349007 3684408
-0.16521381 0.73428178 2.0349007 3684408
-0.15603527 0.73428178 2.0349007 3684408
-0.14502101 0.73428172 2.0349007 3684408
-0.13400675 0.73428178 2.0349007 3684408
-0.12482821 0.73428178 2.0349007 3684408
-0.11564967 0.73428178 2.0349007 3684408
-0.10463542 0.73428172 2.0349007 3684408
-0.094373323 0.73406047 2.035305 3684408
-0.085526168 0.73450297 2.0344963 3684408
-0.075264074 0.73428178 2.0349007 3684408
-0.064249814 0.73428178 2.0349007 3684408
-0.055071272 0.73428178 2.0349007 3684408
-0.045892727 0.73428178 2.0349007 3684408
-0.034878474 0.73428172 2.0349007 3684408
-0.023864217 0.73428178 2.0349007 3684408
-0.014685672 0.73428178 2.0349007 3684408
-0.0055071278 0.73428172 2.0349007 3684408
0.0055071269 0.73428172 2.0349007 3684408
0.014685672 0.73428178 2.0349007 3684408
0.023864217 0.73428184 2.0349007 3684408
0.034878474 0.73428178 2.0349007 3684408
0.045892727 0.73428184 2.0349007 3684408
0.055071268 0.73428178 2.0349007 3684408
0.064249814 0.73428178 2.0349007 3684408
0.075264074 0.73428172 2.0349007 3684408
0.085526168 0.73450297 2.0344963 3684408
0.094373323 0.73406047 2.035305 3684408
0.10463542 0.73428172 2.0349007 3684408
0.11564967 0.73428172 2.0349007 3684408
0.12482821 0.73428178 2.0349007 3684408
0.13400675 0.73428184 2.0349007 3684408
0.14502102 0.73428178 2.0349007 3684408
0.15603526 0.73428184 2.0349007 3684408
0.16521381 0.73428178 2.0349007 3684408
0.17439236 0.73428178 2.0349007 3684408
0.18540661 0.73428178 2.0349007 3684408
0.19564681 0.73450297 2.0344963 3684408
0.20453775 0.73406059 2.035305 3684408
0.21477795 0.73428172 2.0349007 3684408
0.22579221 0.73428178 2.0349007 3684408
0.23497076 0.73428178 2.0349007 3684408
0.24414931 0.73428178 2.0349007 3684408
0.25516355 0.73428178 2.0349007 3684408
0.26538989 0.73450297 2.0344963 3684408
0.27430856 0.73406059 2.035305 3684408
0.28453499 0.73428202 2.0349014 3684408
0.29554972 0.73428315 2.0349045 3684408
0.30576807 0.73450434 2.0345001 3684408
0.31470275 0.7340619 2.0353088 3684408
0.3249211 0.73428315 2.0349045 3684408
0.33593535 0.73428315 2.0349045 3684408
0.34511393 0.73428315 2.0349045 3684408
0.35429251 0.73428315 2.0349045 3684408
0.36530676 0.73428315 2.0349045 3684408
0.37551126 0.73450434 2.0345001 3684408
0.38447371 0.7340619 2.0353088 3684408
0.39467821 0.73428315 2.0349045 3684408
0.40569246 0.73428315 2.0349045 3684408
0.41588888 0.73450434 2.0345001 3684408
0.42486739 0.7340619 2.0353088 3684408
0.43506387 0.73428315 2.0349045 3684408
0.44525447 0.73450434 2.0345001 3684408
0.45424467 0.7340619 2.0353088 3684408
0.46443525 0.73428315 2.0349045 3684408
0.47544953 0.73428315 2.0349045 3684408
0.48563212 0.73450434 2.0345001 3684408
0.49463829 0.7340619 2.0353088 3684408
0.50482094 0.73428315 2.0349045 3684408
0.51499766 0.73450434 2.0345001 3684408
0.52501196 0.73428315 2.0349045 3684408
0.53503203 0.7340619 2.0353088 3684408
0.54520661 0.73428315 2.0349045 3684408
0.55537534 0.73450434 2.0345001 3684408
0.56440926 0.7340619 2.0353088 3684408
0.57457799 0.73428315 2.0349045 3684408
0.58559227 0.73428315 2.0349045 3684408
0.59575295 0.73450434 2.0345001 3684408
0.60480297 0.7340619 2.0353088 3684408
0.61496371 0.73428315 2.0349045 3684408
0.62511855 0.73450434 2.0345001 3684408
0.63418019 0.7340619 2.0353088 3684408
0.64433509 0.73428315 2.0349045 3684408
0.65534931 0.73428315 2.0349045 3684408
0.66549617 0.73450434 2.0345001 3684408
0.6745739 0.7340619 2.0353088 3684408
0.68472075 0.73428315 2.0349045 3684408
0.69486177 0.73450434 2.0345001 3684408
0.70491171 0.73428315 2.0349045 3684408
0.71496761 0.7340619 2.0353088 3684408
0.72510642 0.73428315 2.0349045 3684408
0.73523939 0.73450434 2.0345001 3684408
0.74434483 0.7340619 2.0353088 3684408
0.7544778 0.73428315 2.0349045 3684408
0.76549202 0.73428315 2.0349045 3684408
0.77561706 0.73450434 2.0345001 3684408
0.78473854 0.7340619 2.0353088 3684408
0.79486352 0.73428315 2.0349045 3684408
0.80498254 0.73450434 2.0345001 3684408
0.81505448 0.73428315 2.0349045 3684408
0.82513225 0.7340619 2.0353088 3684408
0.83524919 0.73428315 2.0349045 3684408
0.84536028 0.73450434 2.0345001 3684408
0.85450947 0.7340619 2.0353088 3684408
0.86462051 0.73428315 2.0349045 3684408
0.87472582 0.73450434 2.0345001 3684408
0.88481164 0.73428315 2.0349045 3684408
0.89490318 0.7340619 2.0353088 3684408
0.90500623 0.73428315 2.0349045 3684408
0.91510355 0.73450434 2.0345001 3684408
0.92519718 0.73428315 2.0349045 3684408
0.93529683 0.7340619 2.0353088 3684408
0.94446909 0.73450434 2.0345001 3684408
0.95456862 0.73428315 2.0349045 3684408
0.96467412 0.7340619 2.0353088 3684408
0.97476333 0.73428315 2.0349045 3684408
0.98484671 0.73450434 2.0345001 3684408
0.99495435 0.73428315 2.0349045 3684408
1.0050678 0.7340619 2.0353088 3684408
1.015149 0.73428315 2.0349045 3684408
1.0252243 0.73450434 2.0345001 3684408
1.0353401 0.73428315 2.0349045 3684408
1.0454614 0.7340619 2.0353088 3684408
1.05459 0.73450434 2.0345001 3684408
1.0647113 0.73428315 2.0349045 3684408
1.0748388 0.7340619 2.0353088 3684408
1.0849061 0.73428315 2.0349045 3684408
1.0949676 0.73450434 2.0345001 3684408
1.1050972 0.73428315 2.0349045 3684408
1.1152323 0.7340619 2.0353088 3684408
1.124333 0.73450434 2.0345001 3684408
1.1344686 0.73428315 2.0349045 3684408
1.1454829 0.73428315 2.0349045 3684408
1.1556261 0.7340619 2.0353088 3684408
1.1647108 0.73450434 2.0345001 3684408
1.1721838 0.73391443 2.0355785 3684408
-1.1812471 0.72649467 2.049176 10197915
-1.1745247 0.72761369 2.0471284 10197915
-1.1643198 0.72783715 2.0467181 10197915
-1.1551784 0.72738808 2.047533 10197915
-1.1449755 0.72761279 2.0471261 10197915
-1.1347787 0.72783774 2.0467198 10197915
-1.1256266 0.72738928 2.0475364 10197915
-1.1154281 0.72761303 2.047127 10197915
-1.1052345 0.72783625 2.0467155 10197915
-1.0951184 0.7276147 2.0471315 10197915
-1.0849893 0.72738856 2.0475345 10197915
-1.0748007 0.72761363 2.0471284 10197915
-1.0646136 0.72783566 2.0467136 10197915
-1.0554352 0.72738832 2.0475338 10197915
-1.0452509 0.72761232 2.0471246 10197915
-1.0350741 0.7278372 2.0467184 10197915
-1.0249375 0.72761148 2.0471222 10197915
-1.0148008 0.72738969 2.0475376 10197915
-1.0046235 0.72761279 2.0471261 10197915
-0.99445379 0.7278372 2.0467181 10197915
-0.98524427 0.72738773 2.0475318 10197915
-0.97507519 0.72761244 2.0471251 10197915
-0.96491164 0.72783697 2.0467176 10197915
-0.95476246 0.72761208 2.0471241 10197915
-0.94460946 0.72738886 2.0475352 10197915
-0.93536842 0.72783595 2.0467148 10197915
-0.92521697 0.72761393 2.0471294 10197915
-0.9150551 0.72738826 2.0475335 10197915
-0.9048999 0.72761303 2.047127 10197915
-0.89474982 0.72783715 2.0467179 10197915
-0.88458753 0.72761291 2.0471263 10197915
-0.87441826 0.72738785 2.0475326 10197915
-0.86520737 0.72783673 2.0467167 10197915
-0.85504001 0.72761315 2.047127 10197915
-0.84486568 0.7273888 2.0475349 10197915
-0.83472347 0.72761273 2.0471258 10197915
-0.82458699 0.72783631 2.046716 10197915
-0.8153137 0.72739041 2.0475392 10197915
-0.80517524 0.72761226 2.0471246 10197915
-0.79504532 0.72783667 2.0467167 10197915
-0.78486365 0.72761291 2.0471263 10197915
-0.77467644 0.72738951 2.0475373 10197915
-0.7655021 0.72783536 2.0467129 10197915
-0.75531632 0.72761327 2.0471277 10197915
-0.74512327 0.72739017 2.0475388 10197915
-0.73499995 0.72761291 2.0471265 10197915
-0.72488344 0.72783673 2.0467172 10197915
-0.71468741 0.72761279 2.0471258 10197915
-0.70448673 0.72739005 2.0475383 10197915
-0.69534075 0.72783589 2.0467143 10197915
-0.68513966 0.72761273 2.0471261 10197915
-0.67493212 0.72738904 2.0475354 10197915
-0.66580057 0.7278378 2.04672 10197915
-0.65559113 0.72761202 2.0471237 10197915
-0.6445123 0.72761375 2.0471289 10197915
-0.63429648 0.72738993 2.0475383 10197915
-0.62518013 0.7278375 2.0467191 10197915
-0.61496323 0.72761232 2.0471246 10197915
-0.60474193 0.72738898 2.0475354 10197915
-0.59563601 0.72783482 2.0467114 10197915
-0.58541578 0.72761273 2.0471261 10197915
-0.57433558 0.72761297 2.0471265 10197915
-0.56410563 0.72738898 2.0475354 10197915
-0.55501652 0.72783548 2.0467134 10197915
-0.54478735 0.72761244 2.0471251 10197915
-0.53455245 0.72738969 2.0475373 10197915
-0.52547497 0.72783583 2.0467143 10197915
-0.51523942 0.7276122 2.0471244 10197915
-0.50499785 0.7273885 2.0475342 10197915
-0.49593419 0.72783744 2.0467188 10197915
-0.48569107 0.72761136 2.0471222 8553090
-0.47461173 0.72761297 2.0471265 3947580
-0.46436238 0.72738981 2.047538 3684408
-0.45531374 0.72783697 2.0467174 3684408
-0.44506326 0.72761196 2.0471239 3684408
-0.43480808 0.72738886 2.0475349 3684408
-0.42577201 0.7278372 2.0467181 3684408
-0.41551566 0.7276122 2.0471241 3684408
-0.40443537 0.7276125 2.0471251 3684408
-0.39417171 0.72738892 2.0475352 3684408
-0.38515204 0.72783756 2.0467191 3684408
-0.37488714 0.7276116 2.0471227 3684408
-0.36461845 0.72738987 2.0475378 3684408
-0.3556098 0.72783691 2.0467174 3684408
-0.34534004 0.72761297 2.0471265 3684408
-0.33425939 0.7276125 2.0471251 3684408
-0.32502574 0.72761261 2.0471253 3684408
-0.31579247 0.72761351 2.047128 3684408
-0.30471167 0.72761267 2.0471256 3684408
-0.29442805 0.72738922 2.0475361 3684408
-0.28544709 0.72783518 2.0467126 3684408
-0.27516282 0.72760987 2.0471179 3684408
-0.26408207 0.72760898 2.0471153 3684408
-0.25484845 0.72760904 2.0471153 3684408
-0.24561483 0.7276091 2.0471153 3684408
-0.23453446 0.72760898 2.0471153 3684408
-0.22530082 0.72760898 2.0471153 3684408
-0.21606719 0.72760898 2.0471153 3684408
-0.2049868 0.72760898 2.0471153 3684408
-0.19390644 0.72760898 2.0471153 3684408
-0.1846728 0.72760898 2.0471153 3684408
-0.17543916 0.72760898 2.0471153 3684408
-0.16435879 0.7276091 2.0471153 3684408
-0.15512516 0.72760898 2.0471153 3684408
-0.14589152 0.7276091 2.0471153 3684408
-0.13481115 0.72760898 2.0471153 3684408
-0.12449349 0.72738522 2.0475249 3684408
-0.11558115 0.72783267 2.0467057 3684408
-0.1052635 0.72760898 2.0471153 3684408
-0.094183125 0.72760898 2.0471153 3684408
-0.084949486 0.72760904 2.0471153 3684408
-0.075715847 0.7276091 2.0471153 3684408
-0.064635478 0.72760898 2.0471153 3684408
-0.055401839 0.72760904 2.0471153 3684408
-0.046168197 0.72760898 2.0471153 3684408
-0.035087831 0.72760898 2.0471153 3684408
-0.024007464 0.72760898 2.0471153 3684408
-0.014773824 0.72760898 2.0471153 3684408
-0.0055401833 0.72760898 2.0471153 3684408
0.0055401842 0.72760898 2.0471153 3684408
0.014773824 0.72760904 2.0471153 3684408
0.024007464 0.7276091 2.0471153 3684408
0.035087835 0.72760898 2.0471153 3684408
0.046168197 0.72760898 2.0471153 3684408
0.055401839 0.72760904 2.0471153 3684408
0.064635478 0.7276091 2.0471153 3684408
0.075715847 0.7276091 2.0471153 3684408
0.084949486 0.72760904 2.0471153 3684408
0.094183125 0.7276091 2.0471153 3684408
0.10526349 0.7276091 2.0471153 3684408
0.11558115 0.72783273 2.0467057 3684408
0.12449348 0.72738528 2.0475249 3684408
0.13481115 0.72760898 2.0471153 3684408
0.14589152 0.7276091 2.0471153 3684408
0.15512514 0.72760904 2.0471153 3684408
0.16435879 0.72760898 2.0471153 3684408
0.17543916 0.72760898 2.0471153 3684408
0.1846728 0.72760898 2.0471153 3684408
0.19390644 0.72760898 2.0471153 3684408
0.2049868 0.72760898 2.0471153 3684408
0.21606719 0.72760898 2.0471153 3684408
0.22530082 0.72760904 2.0471153 3684408
0.23453446 0.72760898 2.0471153 3684408
0.24561481 0.72760898 2.0471153 3684408
0.25484845 0.72760904 2.0471153 3684408
0.2640821 0.72760898 2.0471153 3684408
0.27516246 0.72760898 2.0471153 3684408
0.28544611 0.72783267 2.0467057 3684408
0.2944265 0.72738522 2.0475249 3684408
0.3047106 0.72761011 2.0471184 3684408
0.3157911 0.72761035 2.0471191 3684408
0.32502475 0.72761035 2.0471191 3684408
0.33425835 0.72761029 2.0471191 3684408
0.34533879 0.72761035 2.0471191 3684408
0.3556084 0.72783411 2.0467095 3684408
0.36461681 0.72738659 2.0475287 3684408
0.37488651 0.72761035 2.0471191 3684408
0.38515022 0.72783411 2.0467095 3684408
0.39417049 0.72738659 2.0475287 3684408
0.4044342 0.72761035 2.0471191 3684408
0.41551456 0.72761035 2.0471191 3684408
0.42577019 0.72783411 2.0467095 3684408
0.43480673 0.72738659 2.0475287 3684408
0.44506225 0.72761029 2.0471191 3684408
0.45531195 0.72783411 2.0467095 3684408
0.46436033 0.72738659 2.0475287 3684408
0.47460994 0.72761035 2.0471191 3684408
0.48569039 0.72761029 2.0471191 3684408
0.49593192 0.72783405 2.0467095 3684408
0.50499648 0.72738659 2.0475287 3684408
0.51523805 0.72761035 2.0471191 3684408
0.52547371 0.72783411 2.0467095 3684408
0.53455019 0.72738659 2.0475287 3684408
0.5447858 0.72761029 2.0471191 3684408
0.5550155 0.72783411 2.0467095 3684408
0.56410378 0.72738659 2.0475287 3684408
0.57433349 0.72761029 2.0471191 3684408
0.58541387 0.72761035 2.0471191 3684408
0.59563547 0.72783411 2.0467095 3684408
0.60474002 0.72738659 2.0475287 3684408
0.61496156 0.72761035 2.0471191 3684408
0.62517726 0.72783411 2.0467095 3684408
0.63429368 0.72738659 2.0475287 3684408
0.64450926 0.72761029 2.0471191 3684408
0.6555897 0.72761035 2.0471191 3684408
0.66579723 0.72783411 2.0467095 3684408
0.67492986 0.72738659 2.0475287 3684408
0.68513733 0.72761029 2.0471191 3684408
0.69533902 0.72783411 2.0467095 3684408
0.70448345 0.72738659 2.0475287 3684408
0.71468502 0.72761035 2.0471191 3684408
0.72488081 0.72783411 2.0467095 3684408
0.73499727 0.72761035 2.0471191 3684408
0.74511969 0.72738659 2.0475287 3684408
0.75531316 0.72761035 2.0471191 3684408
0.76550072 0.72783411 2.0467095 3684408
0.77467328 0.72738659 2.0475287 3684408
0.78486085 0.72761035 2.0471191 3684408
0.79504251 0.72783411 2.0467095 3684408
0.8051731 0.72761029 2.0471191 3684408
0.81530952 0.72738659 2.0475287 3684408
0.82458431 0.72783405 2.0467095 3684408
0.83472079 0.72761029 2.0471191 3684408
0.84486312 0.72738659 2.0475287 3684408
0.85503674 0.72761035 2.0471191 3684408
0.86520422 0.72783411 2.0467095 3684408
0.87441671 0.72738659 2.0475287 3684408
0.88458443 0.72761035 2.0471191 3684408
0.89474601 0.72783405 2.0467095 3684408
0.90489656 0.72761035 2.0471191 3684408
0.91505301 0.72738659 2.0475287 3684408
0.92521244 0.72761035 2.0471191 3684408
0.93536597 0.72783405 2.0467095 3684408
0.9446066 0.72738659 2.0475287 3684408
0.95476007 0.72761029 2.0471191 3684408
0.96490782 0.72783411 2.0467095 3684408
0.97507238 0.72761035 2.0471191 3684408
0.98524284 0.72738659 2.0475287 3684408
0.99444962 0.72783411 2.0467095 3684408
1.0046201 0.72761035 2.0471191 3684408
1.0147965 0.72738659 2.0475287 3684408
1.0249361 0.72761029 2.0471191 3684408
1.0350697 0.72783411 2.0467095 3684408
1.0452482 0.72761035 2.0471191 3684408
1.0554327 0.72738659 2.0475287 3684408
1.0646112 0.72783405 2.0467095 3684408
1.0747958 0.72761035 2.0471191 3684408
1.0849863 0.72738659 2.0475287 3684408
1.0951118 0.72761035 2.0471191 3684408
1.1052315 0.72783411 2.0467095 3684408
1.115424 0.72761035 2.0471191 3684408
1.1256225 0.72738659 2.0475287 3684408
1.1347731 0.72783405 2.0467095 3684408
1.1449717 0.72761035 2.0471191 3684408
1.1551762 0.72738659 2.0475287 3684408
1.164315 0.72783411 2.0467095 3684408
1.1745194 0.72761035 2.0471191 3684408
1.1812422 0.72649169 2.0491676 3684408
-1.1746969 0.73096341 2.041007 10197915
-1.1654953 0.73096615 2.0410147 10197915
-1.1544446 0.73096412 2.0410089 10197915
-1.1452413 0.73096585 2.041014 10197915
-1.1360334 0.73096472 2.0410109 10197915
-1.1249865 0.73096508 2.0410118 10197915
-1.1139374 0.73096395 2.0410085 10197915
-1.1047326 0.73096478 2.0410109 10197915
-1.0955282 0.73096591 2.0410142 10197915
-1.0844787 0.73096442 2.0410099 10197915
-1.0752735 0.73096502 2.0410113 10197915
-1.0660661 0.73096418 2.0410092 10197915
-1.0550185 0.730964 2.0410089 10197915
-1.0439709 0.73096389 2.0410082 10197915
-1.034768 0.73096603 2.0410142 10197915
-1.0255593 0.73096418 2.0410089 10197915
-1.0145116 0.73096389 2.0410085 10197915
-1.0053049 0.73096347 2.0410073 10197915
-0.99610108 0.73096514 2.0410118 10197915
-0.98505098 0.73096305 2.0410061 10197915
-0.97400576 0.73096466 2.0410106 10197915
-0.96480042 0.7309652 2.041012 10197915
-0.95559341 0.73096448 2.0410101 10197915
-0.94454575 0.73096418 2.0410092 10197915
-0.93533945 0.73096406 2.0410089 10197915
-0.926135 0.73096538 2.0410125 10197915
-0.91508633 0.73096436 2.0410097 10197915
-0.9040392 0.73096448 2.0410101 10197915
-0.89483154 0.73096323 2.0410066 10197915
-0.88562852 0.73096567 2.0410135 10197915
-0.87457818 0.73096317 2.0410063 10197915
-0.86537468 0.73096538 2.0410128 10197915
-0.8561675 0.73096448 2.0410101 10197915
-0.84512043 0.73096466 2.0410106 10197915
-0.83407217 0.73096395 2.0410087 10197915
-0.82486665 0.73096442 2.0410099 10197915
-0.81566191 0.73096561 2.041013 10197915
-0.80461282 0.730964 2.0410087 10197915
-0.7954073 0.73096454 2.0410104 10197915
-0.78620046 0.73096389 2.0410085 10197915
-0.77515531 0.73096591 2.041014 10197915
-0.76410598 0.730964 2.0410087 10197915
-0.75490147 0.73096561 2.0410132 10197915
-0.7456944 0.73096466 2.0410106 10197915
-0.73464727 0.73096484 2.0410111 10197915
-0.72543961 0.73096323 2.0410066 10197915
-0.71623492 0.73096466 2.0410106 10197915
-0.70518869 0.73096579 2.0410137 10197915
-0.69413996 0.73096436 2.0410097 10197915
-0.68493432 0.7309649 2.0410111 10197915
-0.67572755 0.730964 2.0410089 10197915
-0.66468197 0.73096609 2.0410144 10197915
-0.65547383 0.73096383 2.0410082 10197915
-0.64626878 0.73096496 2.0410116 10197915
-0.6352213 0.7309649 2.0410111 10197915
-0.6241743 0.73096514 2.0410118 10197915
-0.61496675 0.73096347 2.041007 10197915
-0.60576177 0.73096484 2.0410111 10197915
-0.59471291 0.73096293 2.0410058 10197915
-0.58550853 0.73096502 2.0410116 10197915
-0.57630199 0.73096448 2.0410101 10197915
-0.56525451 0.73096424 2.0410092 10197915
-0.55420703 0.73096412 2.0410092 10197915
-0.54500091 0.730964 2.0410087 10197915
-0.53579569 0.7309652 2.041012 10197915
-0.52474755 0.73096418 2.0410092 10197915
-0.51370043 0.73096442 2.0410097 10197915
-0.5044933 0.73096293 2.0410056 10197915
-0.49528873 0.73096514 2.0410118 10132122
-0.48424006 0.73096305 2.0410063 7171437
-0.47503531 0.7309652 2.041012 3750201
-0.46582863 0.73096436 2.0410094 3684408
-0.45478144 0.73096448 2.0410101 3684408
-0.44373372 0.73096389 2.0410082 3684408
-0.43452781 0.73096418 2.0410092 3684408
-0.4253225 0.73096555 2.041013 3684408
-0.41427425 0.73096389 2.0410082 3684408
-0.40506846 0.73096442 2.0410099 3684408
-0.39586195 0.73096371 2.0410078 3684408
-0.38481578 0.73096579 2.0410137 3684408
-0.37376738 0.73096371 2.041008 3684408
-0.36456218 0.73096561 2.0410132 3684408
-0.3553555 0.73096448 2.0410099 3684408
-0.34430829 0.73096466 2.0410106 3684408
-0.33510143 0.73096299 2.0410061 3684408
-0.32589605 0.7309646 2.0410104 3684408
-0.3148492 0.73096567 2.0410135 3684408
-0.30380118 0.730964 2.0410089 3684408
-0.29459536 0.73096478 2.0410109 3684408
-0.28538728 0.73095965 2.0409966 3684408
-0.27433899 0.73095685 2.0409889 3684408
-0.26513296 0.73095691 2.0409889 3684408
-0.25592697 0.73095685 2.0409889 3684408
-0.24487978 0.73095685 2.0409889 3684408
-0.23383255 0.73095685 2.0409889 3684408
-0.22462656 0.73095691 2.0409889 3684408
-0.21542056 0.73095685 2.0409889 3684408
-0.20437334 0.73095685 2.0409889 3684408
-0.19516733 0.73095691 2.0409889 3684408
-0.18596132 0.73095685 2.0409889 3684408
-0.17491412 0.73095685 2.0409889 3684408
-0.16386692 0.73095685 2.0409889 3684408
-0.15466091 0.73095691 2.0409889 3684408
-0.1454549 0.73095685 2.0409889 3684408
-0.1344077 0.73095685 2.0409889 3684408
-0.12520169 0.73095691 2.0409889 3684408
-0.11599568 0.73095685 2.0409889 3684408
-0.10494848 0.73095685 2.0409889 3684408
-0.093901269 0.73095685 2.0409889 3684408
-0.084695265 0.73095691 2.0409889 3684408
-0.075489253 0.73095685 2.0409889 3684408
-0.064442046 0.73095685 2.0409889 3684408
-0.055236042 0.73095691 2.0409889 3684408
-0.04603003 0.73095685 2.0409889 3684408
-0.034982827 0.73095685 2.0409889 3684408
-0.023935616 0.73095685 2.0409889 3684408
-0.014729611 0.73095691 2.0409889 3684408
-0.0055236034 0.73095685 2.0409889 3684408
0.0055236039 0.73095685 2.0409889 3684408
0.014729611 0.73095691 2.0409889 3684408
0.023935616 0.73095685 2.0409889 3684408
0.034982827 0.73095685 2.0409889 3684408
0.046030033 0.73095685 2.0409889 3684408
0.055236042 0.73095691 2.0409889 3684408
0.064442046 0.73095685 2.0409889 3684408
0.075489253 0.73095685 2.0409889 3684408
0.084695265 0.73095691 2.0409889 3684408
0.093901269 0.73095685 2.0409889 3684408
0.10494848 0.73095685 2.0409889 3684408
0.11599568 0.73095685 2.0409889 3684408
0.12520169 0.73095691 2.0409889 3684408
0.1344077 0.73095685 2.0409889 3684408
0.1454549 0.73095685 2.0409889 3684408
0.15466091 0.73095691 2.0409889 3684408
0.16386692 0.73095685 2.0409889 3684408
0.17491412 0.73095685 2.0409889 3684408
0.18596132 0.73095685 2.0409889 3684408
0.19516733 0.73095691 2.0409889 3684408
0.20437334 0.73095685 2.0409889 3684408
0.21542056 0.73095685 2.0409889 3684408
0.22462656 0.73095691 2.0409889 3684408
0.23383255 0.73095685 2.0409889 3684408
0.24487977 0.73095685 2.0409889 3684408
0.25592697 0.73095685 2.0409889 3684408
0.26513296 0.73095691 2.0409889 3684408
0.27433899 0.73095685 2.0409889 3684408
0.2853862 0.73095685 2.0409889 3684408
0.2945925 0.73095763 2.0409908 3684408
0.30379879 0.73095828 2.0409927 3684408
0.31484601 0.73095828 2.0409927 3684408
0.32589325 0.73095828 2.0409927 3684408
0.33509928 0.73095828 2.0409927 3684408
0.34430528 0.73095828 2.0409927 3684408
0.35535252 0.73095828 2.0409927 3684408
0.36455852 0.73095828 2.0409927 3684408
0.37376454 0.73095828 2.0409927 3684408
0.38481179 0.73095828 2.0409927 3684408
0.395859 0.73095828 2.0409927 3684408
0.40506506 0.73095828 2.0409927 3684408
0.41427109 0.73095828 2.0409927 3684408
0.42531833 0.73095828 2.0409927 3684408
0.4345243 0.73095828 2.0409927 3684408
0.44373035 0.73095828 2.0409927 3684408
0.45477757 0.73095828 2.0409927 3684408
0.46582481 0.73095828 2.0409927 3684408
0.47503084 0.73095828 2.0409927 3684408
0.48423687 0.73095828 2.0409927 3684408
0.49528408 0.73095828 2.0409927 3684408
0.50449014 0.73095828 2.0409927 3684408
0.51369613 0.73095828 2.0409927 3684408
0.52474338 0.73095828 2.0409927 3684408
0.53579062 0.73095828 2.0409927 3684408
0.54499662 0.73095828 2.0409927 3684408
0.55420262 0.73095828 2.0409927 3684408
0.56524986 0.73095828 2.0409927 3684408
0.57629704 0.73095828 2.0409927 3684408
0.5855031 0.73095828 2.0409927 3684408
0.59470916 0.73095828 2.0409927 3684408
0.60575634 0.73095828 2.0409927 3684408
0.61496234 0.73095828 2.0409927 3684408
0.6241684 0.73095828 2.0409927 3684408
0.6352157 0.73095828 2.0409927 3684408
0.64626288 0.73095828 2.0409927 3684408
0.65546888 0.73095828 2.0409927 3684408
0.66467494 0.73095828 2.0409927 3684408
0.67572212 0.73095828 2.0409927 3684408
0.68492818 0.73095828 2.0409927 3684408
0.69413424 0.73095828 2.0409927 3684408
0.70518142 0.73095828 2.0409927 3684408
0.71622866 0.73095828 2.0409927 3684408
0.72543466 0.73095828 2.0409927 3684408
0.73464078 0.73095828 2.0409927 3684408
0.74568796 0.73095828 2.0409927 3684408
0.75489396 0.73095828 2.0409927 3684408
0.76410002 0.73095828 2.0409927 3684408
0.7751472 0.73095828 2.0409927 3684408
0.7861945 0.73095828 2.0409927 3684408
0.79540044 0.73095828 2.0409927 3684408
0.80460644 0.73095828 2.0409927 3684408
0.81565374 0.73095828 2.0409927 3684408
0.82485974 0.73095828 2.0409927 3684408
0.83406574 0.73095828 2.0409927 3684408
0.84511298 0.73095828 2.0409927 3684408
0.85616016 0.73095828 2.0409927 3684408
0.86536622 0.73095828 2.0409927 3684408
0.87457228 0.73095828 2.0409927 3684408
0.88561946 0.73095828 2.0409927 3684408
0.89482552 0.73095828 2.0409927 3684408
0.90403152 0.73095828 2.0409927 3684408
0.91507882 0.73095828 2.0409927 3684408
0.926126 0.73095828 2.0409927 3684408
0.935332 0.73095828 2.0409927 3684408
0.94453806 0.73095828 2.0409927 3684408
0.95558524 0.73095828 2.0409927 3684408
0.9647913 0.73095828 2.0409927 3684408
0.97399729 0.73095828 2.0409927 3684408
0.98504448 0.73095828 2.0409927 3684408
0.99609178 0.73095828 2.0409927 3684408
1.0052978 0.73095828 2.0409927 3684408
1.0145038 0.73095828 2.0409927 3684408
1.025551 0.73095828 2.0409927 3684408
1.0347571 0.73095828 2.0409927 3684408
1.0439631 0.73095828 2.0409927 3684408
1.0550103 0.73095828 2.0409927 3684408
1.0660576 0.73095828 2.0409927 3684408
1.0752635 0.73095828 2.0409927 3684408
1.0844697 0.73095828 2.0409927 3684408
1.0955168 0.73095828 2.0409927 3684408
1.1047229 0.73095828 2.0409927 3684408
1.1139289 0.73095828 2.0409927 3684408
1.124976 0.73095828 2.0409927 3684408
1.1360234 0.73095828 2.0409927 3684408
1.1452293 0.73095828 2.0409927 3684408
1.1544354 0.73095828 2.0409927 3684408
1.1654826 0.73095828 2.0409927 3684408
1.1746886 0.73095828 2.0409927 3684408
-1.1839694 0.72274566 2.0560448 10197915
-1.1755394 0.72312289 2.0553603 10197915
-1.1644121 0.72312146 2.0553565 10197915
-1.1541708 0.72334832 2.0549471 10197915
-1.1449888 0.72289592 2.0557694 10197915
-1.1347479 0.72312289 2.0553606 10197915
-1.1245071 0.72334635 2.0549417 10197915
-1.1153179 0.72289693 2.0557723 10197915
-1.1050805 0.72312242 2.0553591 10197915
-1.0948491 0.72334814 2.0549464 10197915
-1.0856434 0.72289562 2.0557685 10197915
-1.0754132 0.72312212 2.0553582 10197915
-1.0651848 0.72334564 2.0549395 10197915
-1.0550183 0.7231214 2.0553563 10197915
-1.0448449 0.72289646 2.0557709 10197915
-1.0346209 0.72312158 2.0553567 10197915
-1.0244029 0.72334665 2.0549426 10197915
-1.0151708 0.7228955 2.0557683 10197915
-1.0049555 0.72312242 2.0553591 10197915
-0.99474251 0.72334683 2.0549426 10197915
-0.98549855 0.72289562 2.0557685 10197915
-0.97528768 0.72312158 2.0553567 10197915
-0.9650836 0.72334814 2.0549464 10197915
-0.95489192 0.72312021 2.0553529 10197915
-0.94469988 0.7228964 2.0557709 10197915
-0.93542212 0.72334754 2.0549448 10197915
-0.92522782 0.72312212 2.0553582 10197915
-0.91502523 0.72289479 2.0557663 10197915
-0.90482974 0.72312182 2.0553572 10197915
-0.89463979 0.72334838 2.0549474 10197915
-0.88535404 0.72289586 2.0557692 10197915
-0.8751626 0.72312135 2.0553558 10197915
-0.86497766 0.72334707 2.054944 10197915
-0.85477096 0.72312325 2.0553615 10197915
-0.84455329 0.72289503 2.0557666 10197915
-0.83531749 0.7233476 2.0549452 10197915
-0.8251031 0.72312218 2.0553586 10197915
-0.81488264 0.72289675 2.0557718 10197915
-0.805655 0.72334599 2.0549405 10197915
-0.79543662 0.7231223 2.0553589 10197915
-0.78521049 0.72289717 2.0557728 10197915
-0.77503824 0.7231217 2.0553572 10197915
-0.76487321 0.72334743 2.0549445 10197915
-0.75464457 0.72312188 2.0553577 10197915
-0.74441147 0.72289789 2.0557749 10197915
-0.73521221 0.72334719 2.0549438 10197915
-0.72497797 0.72312194 2.0553577 10197915
-0.71473682 0.72289598 2.0557694 10197915
-0.70555317 0.72334868 2.0549481 10197915
-0.69531059 0.72312117 2.0553555 10197915
-0.68506539 0.72289705 2.0557723 10197915
-0.67491406 0.7231223 2.0553589 10197915
-0.66476893 0.7233479 2.0549459 10197915
-0.6545195 0.72312164 2.0553567 10197915
-0.64426458 0.72289598 2.0557697 10197915
-0.63510889 0.72334856 2.0549479 10197915
-0.62485284 0.72312164 2.055357 10197915
-0.61459219 0.7228961 2.0557699 10197915
-0.60544705 0.72334719 2.0549438 10197915
-0.59518564 0.72312087 2.0553548 10197915
-0.58491886 0.72289515 2.0557673 10197915
-0.57578719 0.72334826 2.0549469 10197915
-0.56551927 0.72312117 2.0553555 10197915
-0.5543946 0.72312146 2.0553567 10197915
-0.5441193 0.72289544 2.0557678 10197915
-0.53500354 0.7233479 2.0549459 10197915
-0.52472711 0.72312027 2.0553529 10132122
-0.51444733 0.72289628 2.0557704 10197915
-0.5053426 0.72334754 2.054945 10197915
-0.49506167 0.72312194 2.0553577 10132122
-0.48477381 0.72289485 2.0557666 8618883
-0.47568169 0.72334719 2.054944 4408131
-0.4653953 0.7231223 2.0553586 3684408
-0.4542698 0.72312146 2.0553563 3684408
-0.44499877 0.72312117 2.0553558 3684408
-0.43572795 0.72312117 2.0553553 3684408
-0.42460403 0.72312289 2.0553606 3684408
-0.41430181 0.72289526 2.0557675 3684408
-0.40523782 0.72334743 2.0549445 3684408
-0.3949368 0.72312188 2.0553577 3684408
-0.38463017 0.72289693 2.0557723 3684408
-0.37557635 0.72334588 2.0549402 3684408
-0.3652705 0.72312242 2.0553591 3684408
-0.35414556 0.7231226 2.0553596 3684408
-0.34487438 0.72312188 2.0553575 3684408
-0.33560336 0.72312135 2.0553563 3684408
-0.32447836 0.72312135 2.055356 3684408
-0.31520858 0.72312373 2.0553627 3684408
-0.30593672 0.72312135 2.055356 3684408
-0.29481187 0.72312164 2.055357 3684408
-0.28448495 0.7228964 2.0557706 3684408
-0.27547288 0.7233485 2.0549479 3684408
-0.26514548 0.7231223 2.0553586 3684408
-0.25402057 0.72312236 2.0553589 3684408
-0.24474972 0.72312236 2.0553589 3684408
-0.23547889 0.7231223 2.0553589 3684408
-0.22435392 0.72312236 2.0553589 3684408
-0.21508309 0.72312236 2.0553589 3684408
-0.20581228 0.72312236 2.0553589 3684408
-0.19468729 0.72312236 2.0553589 3684408
-0.18434007 0.72289675 2.0557716 3684408
-0.17536786 0.72334796 2.0549462 3684408
-0.16502066 0.72312236 2.0553589 3684408
-0.15389566 0.72312236 2.0553589 3684408
-0.14462484 0.72312236 2.0553589 3684408
-0.13535403 0.72312236 2.0553589 3684408
-0.12422904 0.72312242 2.0553589 3684408
-0.1149582 0.72312236 2.0553589 3684408
-0.10568738 0.72312236 2.0553589 3684408
-0.094562404 0.7231223 2.0553589 3684408
-0.085291579 0.72312236 2.0553589 3684408
-0.076020755 0.72312236 2.0553589 3684408
-0.064895764 0.7231223 2.0553589 3684408
-0.053770769 0.7231223 2.0553589 3684408
-0.044499949 0.72312236 2.0553589 3684408
-0.035229128 0.7231223 2.0553589 3684408
-0.024104141 0.7231223 2.0553589 3684408
-0.014833318 0.72312236 2.0553589 3684408
-0.005562494 0.72312236 2.0553589 3684408
0.005562494 0.72312236 2.0553589 3684408
0.014833317 0.72312236 2.0553589 3684408
0.024104139 0.72312236 2.0553589 3684408
0.035229128 0.72312236 2.0553589 3684408
0.044499952 0.72312236 2.0553589 3684408
0.053770777 0.72312236 2.0553589 3684408
0.064895757 0.7231223 2.0553589 3684408
0.076020755 0.7231223 2.0553589 3684408
0.085291572 0.72312236 2.0553589 3684408
0.094562404 0.72312242 2.0553589 3684408
0.10568739 0.72312236 2.0553589 3684408
0.11495821 0.72312236 2.0553589 3684408
0.12422904 0.72312242 2.0553589 3684408
0.13535403 0.72312236 2.0553589 3684408
0.14462484 0.72312236 2.0553589 3684408
0.15389566 0.72312236 2.0553589 3684408
0.16502064 0.72312236 2.0553589 3684408
0.17536785 0.72334796 2.0549462 3684408
0.18434007 0.72289675 2.0557716 3684408
0.19468729 0.72312236 2.0553589 3684408
0.20581228 0.72312236 2.0553589 3684408
0.21508309 0.72312236 2.0553589 3684408
0.22435392 0.72312236 2.0553589 3684408
0.23547889 0.72312236 2.0553589 3684408
0.24474972 0.72312236 2.0553589 3684408
0.25402054 0.72312236 2.0553589 3684408
0.26514551 0.72312236 2.0553589 3684408
0.27547264 0.72334802 2.0549462 3684408
0.28448507 0.72289675 2.0557716 3684408
0.29481217 0.72312242 2.0553589 3684408
0.30593726 0.7231226 2.0553596 3684408
0.31520855 0.72312367 2.0553627 3684408
0.32447943 0.72312373 2.0553627 3684408
0.33560443 0.72312373 2.0553627 3684408
0.34487528 0.72312367 2.0553627 3684408
0.35414609 0.72312373 2.0553627 3684408
0.36527112 0.72312373 2.0553627 3684408
0.37557811 0.72334927 2.05495 3684408
0.38463077 0.72289807 2.0557754 3684408
0.39493784 0.72312373 2.0553627 3684408
0.40523887 0.72334927 2.05495 3684408
0.41430345 0.72289807 2.0557754 3684408
0.42460451 0.72312373 2.0553627 3684408
0.4357295 0.72312373 2.0553627 3684408
0.44500032 0.72312367 2.0553627 3684408
0.45427117 0.72312373 2.0553627 3684408
0.4653962 0.72312373 2.0553627 3684408
0.47568312 0.72334927 2.05495 3684408
0.48477596 0.72289807 2.0557754 3684408
0.49506286 0.72312373 2.0553627 3684408
0.50534379 0.72334927 2.05495 3684408
0.51444864 0.72289807 2.0557754 3684408
0.52472961 0.72312373 2.0553627 3684408
0.5350045 0.72334927 2.05495 3684408
0.54412127 0.72289807 2.0557754 3684408
0.55439627 0.72312373 2.0553627 3684408
0.5655213 0.72312373 2.0553627 3684408
0.57578808 0.72334927 2.05495 3684408
0.58492118 0.72289807 2.0557754 3684408
0.59518796 0.72312373 2.0553627 3684408
0.60544884 0.72334927 2.05495 3684408
0.6145938 0.72289807 2.0557754 3684408
0.62485462 0.72312373 2.0553627 3684408
0.63510948 0.72334927 2.05495 3684408
0.64426649 0.72289807 2.0557754 3684408
0.65452135 0.72312373 2.0553627 3684408
0.66477025 0.72334927 2.05495 3684408
0.67491531 0.72312373 2.0553627 3684408
0.6850664 0.72289807 2.0557754 3684408
0.69531298 0.72312373 2.0553627 3684408
0.70555383 0.72334927 2.05495 3684408
0.71473897 0.72289807 2.0557754 3684408
0.7249797 0.72312373 2.0553627 3684408
0.73521453 0.72334927 2.05495 3684408
0.74441159 0.72289807 2.0557754 3684408
0.75464636 0.72312373 2.0553627 3684408
0.76487523 0.72334927 2.05495 3684408
0.77504039 0.72312373 2.0553627 3684408
0.7852115 0.72289807 2.0557754 3684408
0.79543811 0.72312373 2.0553627 3684408
0.8056587 0.72334927 2.05495 3684408
0.81488419 0.72289807 2.0557754 3684408
0.82510489 0.72312373 2.0553627 3684408
0.8353194 0.72334927 2.05495 3684408
0.84455681 0.72289807 2.0557754 3684408
0.85477144 0.72312373 2.0553627 3684408
0.86498022 0.72334927 2.05495 3684408
0.87516546 0.72312373 2.0553627 3684408
0.88535672 0.72289807 2.0557754 3684408
0.89464092 0.72334927 2.05495 3684408
0.90483212 0.72312373 2.0553627 3684408
0.91502935 0.72289807 2.0557754 3684408
0.92522985 0.72312373 2.0553627 3684408
0.93542445 0.72334927 2.05495 3684408
0.94470203 0.72289807 2.0557754 3684408
0.95489651 0.72312373 2.0553627 3684408
0.96508521 0.72334927 2.05495 3684408
0.97529054 0.72312373 2.0553627 3684408
0.98550195 0.72289807 2.0557754 3684408
0.99474591 0.72334927 2.05495 3684408
1.0049573 0.72312373 2.0553627 3684408
1.0151746 0.72289807 2.0557754 3684408
1.0244067 0.72334927 2.05495 3684408
1.034624 0.72312373 2.0553627 3684408
1.0448472 0.72289807 2.0557754 3684408
1.0550216 0.72312373 2.0553627 3684408
1.0651901 0.72334927 2.05495 3684408
1.0754156 0.72312373 2.0553627 3684408
1.0856471 0.72289807 2.0557754 3684408
1.0948509 0.72334927 2.05495 3684408
1.1050823 0.72312373 2.0553627 3684408
1.1153196 0.72289807 2.0557754 3684408
1.1245115 0.72334927 2.05495 3684408
1.1347489 0.72312373 2.0553627 3684408
1.1449925 0.72289807 2.0557754 3684408
1.1541724 0.72334927 2.05495 3684408
1.1644157 0.72312373 2.0553627 3684408
1.1755408 0.72312373 2.0553627 3684408
1.1839727 0.72274762 2.0560505 3684408
-1.1919954 0.71631455 2.0678215 10197915
-1.1852026 0.7174536 2.0657411 10197915
-1.1752484 0.71716928 2.0662611 10197915
-1.1653377 0.71773762 2.0652146 10197915
-1.1553856 0.71745324 2.0657401 10197915
-1.1448264 0.71745431 2.0657413 10197915
-1.1348855 0.71745354 2.065737 10197915
-1.1255686 0.71745306 2.0657392 10197915
-1.1150082 0.71745312 2.0657377 10197915
-1.1050713 0.71745485 2.0657406 10197915
-1.0951296 0.71745253 2.0657361 10197915
-1.084572 0.7174536 2.0657413 10197915
-1.0752518 0.71745288 2.0657351 10197915
-1.0653133 0.71745265 2.0657363 10197915
-1.0547539 0.71745253 2.065738 10197915
-1.0447686 0.7171694 2.0662613 10197915
-1.0349225 0.71773672 2.065212 10197915
-1.0249381 0.717453 2.0657392 10197915
-1.0149431 0.71716851 2.0662589 10197915
-1.0051157 0.71773809 2.0652161 10197915
-0.99511975 0.71745163 2.0657353 10197915
-0.98456126 0.71745306 2.0657377 10197915
-0.9746232 0.71745408 2.0657387 10197915
-0.96530449 0.71745247 2.0657377 10197915
-0.95474368 0.71745229 2.0657356 10197915
-0.94480515 0.717453 2.0657353 10197915
-0.93548954 0.7174536 2.0657411 10197915
-0.92492771 0.71745265 2.0657365 10197915
-0.91498965 0.7174536 2.0657372 10197915
-0.90505058 0.71745306 2.0657377 10197915
-0.89449185 0.7174536 2.0657411 10197915
-0.88517159 0.71745235 2.0657337 10197915
-0.87523437 0.71745324 2.065738 10197915
-0.8646751 0.71745336 2.0657406 10197915
-0.85535669 0.71745348 2.065737 10197915
-0.84541684 0.71745223 2.0657358 10197915
-0.83485776 0.7174527 2.0657384 10197915
-0.8248679 0.71773851 2.0652175 10197915
-0.81503189 0.71716845 2.0662589 10197915
-0.80504131 0.7174527 2.0657384 10197915
-0.79505789 0.71773762 2.0652146 10197915
-0.78520977 0.71717006 2.0662637 10197915
-0.7752248 0.71745259 2.0657382 10197915
-0.76524955 0.71773815 2.0652163 10197915
-0.75538433 0.71716881 2.0662599 10197915
-0.74540955 0.71745372 2.0657418 10197915
-0.73484796 0.71745259 2.0657361 10197915
-0.72491026 0.71745396 2.0657382 10197915
-0.71497154 0.71745372 2.0657396 10197915
-0.70441103 0.71745288 2.0657389 10197915
-0.69509274 0.71745294 2.0657351 10197915
-0.68515474 0.71745336 2.0657384 10197915
-0.67459565 0.71745408 2.0657425 10197915
-0.664644 0.71773756 2.0652144 10197915
-0.65472859 0.71716905 2.0662603 10197915
-0.64477837 0.71745318 2.0657396 10197915
-0.63483661 0.71773922 2.0652192 10197915
-0.62490362 0.71716779 2.0662568 10197915
-0.61496234 0.7174536 2.0657413 10197915
-0.60502565 0.71773696 2.0652127 10197915
-0.5950799 0.71716815 2.0662577 10197915
-0.58514476 0.71745241 2.0657377 10197915
-0.57521802 0.71773839 2.0652173 10197915
-0.56525546 0.7171675 2.066256 10197915
-0.55532879 0.717453 2.0657394 10197915
-0.54540873 0.71773785 2.0652156 10197915
-0.53481227 0.71742606 2.0656595 8949395
-0.52479541 0.71703094 2.0660548 6976121
-0.51555943 0.71768183 2.0650535 8291466
-0.50496328 0.71737874 2.0655222 7896966
-0.49436611 0.71708441 2.0660155 6843763
-0.48513058 0.71771353 2.064955 5790300
-0.47514951 0.7173779 2.0655205 3750717
-0.46454623 0.7170853 2.0660181 3553337
-0.45532551 0.71771371 2.0649552 3553337
-0.44533628 0.71737808 2.0655208 3553337
-0.43472517 0.71708429 2.0660152 3553337
-0.4248324 0.71736974 2.0654984 3553337
-0.41496179 0.71768099 2.0650508 3553337
-0.40490514 0.71708506 2.0660174 3553337
-0.39501917 0.71736932 2.0654972 3553337
-0.38515586 0.71768212 2.0650539 3553337
-0.37452954 0.7173779 2.0655203 3553337
-0.36450797 0.71703202 2.0660579 3553338
-0.3553493 0.71768218 2.0650544 3553337
-0.3447164 0.7173782 2.065521 3553337
-0.33468676 0.7170316 2.0660567 3487802
-0.32554245 0.71768153 2.0650523 3553337
-0.31490353 0.71737909 2.0655236 3553337
-0.3042607 0.71708417 2.066015 3487801
-0.29512316 0.71771443 2.0649574 3553337
-0.28509003 0.71737874 2.0655229 3553337
-0.27444065 0.71708524 2.0660179 3487801
-0.26531765 0.71771353 2.064955 3553337
-0.25527665 0.71737874 2.0655224 3553337
-0.24462005 0.717085 2.0660172 3487801
-0.23551278 0.71771437 2.0649571 3553337
-0.22546332 0.71737874 2.0655224 3553337
-0.21428333 0.71737874 2.0655224 3553337
-0.20496666 0.71737868 2.0655224 3553337
-0.19565 0.71737874 2.0655224 3553337
-0.18447 0.71737862 2.0655224 3553337
-0.17515333 0.71737868 2.0655224 3553337
-0.16583666 0.71737874 2.0655224 3553337
-0.15465668 0.71737874 2.0655224 3553337
-0.14457765 0.71703202 2.0660579 3487802
-0.13552579 0.71768212 2.0650539 3553337
-0.12484333 0.7173788 2.0655224 3553337
-0.11475658 0.71703207 2.0660579 3487802
-0.10571923 0.71768212 2.0650539 3553337
-0.095030002 0.71737862 2.0655224 3553337
-0.084335014 0.71708488 2.0660172 3487801
-0.075309977 0.71771437 2.0649571 3553337
-0.065216668 0.71737874 2.0655224 3553337
-0.054036662 0.71737874 2.0655224 3553337
-0.044719998 0.71737868 2.0655224 3553337
-0.035403334 0.7173788 2.0655224 3553337
-0.024223335 0.7173788 2.0655224 3553337
-0.014906667 0.7173788 2.0655224 3553337
-0.0055900002 0.7173788 2.0655224 3553337
0.0055900002 0.7173788 2.0655224 3553337
0.014906667 0.71737868 2.0655224 3553337
0.024223335 0.71737874 2.0655224 3553337
0.035403334 0.71737874 2.0655224 3553337
0.044719998 0.71737868 2.0655224 3553337
0.054036662 0.71737874 2.0655224 3553337
0.065216675 0.71737874 2.0655224 3553337
0.075309977 0.71771443 2.0649571 3553337
0.084335029 0.71708506 2.0660172 3487801
0.095030002 0.7173788 2.0655224 3553337
0.10571924 0.71768212 2.0650539 3553337
0.11475661 0.71703202 2.0660582 3487546
0.12484333 0.71737874 2.0655224 3553081
0.13552581 0.71768206 2.0650539 3553081
0.14457767 0.71703207 2.0660579 3487546
0.15465666 0.71737874 2.0655224 3553081
0.16583666 0.7173788 2.0655224 3553081
0.17515333 0.7173788 2.0655224 3553081
0.18447001 0.7173788 2.0655224 3553081
0.19565001 0.71737874 2.0655224 3553081
0.20496668 0.7173788 2.0655224 3553081
0.21428335 0.71737874 2.0655224 3553081
0.22546333 0.7173788 2.0655227 3553081
0.23551281 0.71771443 2.0649574 3553081
0.24462008 0.71708506 2.0660172 3487545
0.25527671 0.71737874 2.0655224 3553081
0.26531795 0.71771443 2.0649571 3553081
0.27444056 0.71708506 2.0660172 3487545
0.28509003 0.7173788 2.0655227 3553081
0.29512313 0.71771443 2.0649571 3553081
0.30426103 0.71708506 2.0660172 3487545
0.31490344 0.71737891 2.0655229 3553081
0.32554317 0.7176832 2.0650568 3553081
0.33468729 0.71703291 2.0660605 3487545
0.34471714 0.71737975 2.0655253 3553081
0.35534978 0.71768308 2.0650568 3553081
0.36450842 0.71703291 2.0660603 3487545
0.37453049 0.71737969 2.0655253 3553081
0.38515642 0.71768314 2.0650568 3553081
0.39501959 0.71737003 2.0654991 3487545
0.40490562 0.71708596 2.0660195 3487545
0.41496301 0.71768314 2.065057 3553081
0.42483258 0.71737003 2.0654991 3487545
0.43472612 0.71708596 2.0660198 3487545
0.44533724 0.71737963 2.0655253 3553081
0.45532659 0.71771538 2.0649602 3553081
0.46454662 0.7170859 2.0660198 3487545
0.47515064 0.71737969 2.0655253 3553081
0.48513183 0.71771538 2.0649602 3553081
0.49436718 0.7170859 2.06602 3487545
0.50496399 0.71737981 2.0655253 3553081
0.51556033 0.71768314 2.065057 3553081
0.52479684 0.71703291 2.0660605 3487545
0.5347774 0.71737975 2.0655253 3553081
0.54536694 0.71768314 2.065057 3553081
0.55526447 0.71736997 2.0654991 3487545
0.56519091 0.7170859 2.06602 3487545
0.57517904 0.71768987 2.0650764 3553081
0.58514333 0.71745074 2.0657325 3618616
0.59507757 0.71716547 2.0662498 3684408
0.60502499 0.71773618 2.0652103 3684408
0.6149587 0.71744955 2.0657291 3684408
0.62490147 0.71716547 2.0662498 3684408
0.63483381 0.71773618 2.0652103 3684408
0.64477509 0.71744955 2.0657291 3684408
0.65472525 0.71716547 2.0662498 3684408
0.66464269 0.71773618 2.0652103 3684408
0.67459142 0.71744955 2.0657291 3684408
0.68515182 0.71745038 2.0657299 3684408
0.69509119 0.71745127 2.0657306 3684408
0.70440763 0.71744955 2.0657291 3684408
0.71496814 0.71745038 2.0657299 3684408
0.72490752 0.71745139 2.0657306 3684408
0.7348457 0.71745038 2.0657299 3684408
0.74540508 0.71744955 2.0657291 3684408
0.75538063 0.71716547 2.0662498 3684408
0.7652474 0.71773612 2.0652103 3684408
0.77522141 0.71744949 2.0657291 3684408
0.78520459 0.71716541 2.0662498 3684408
0.79505622 0.71773618 2.0652103 3684408
0.80503768 0.71744955 2.0657291 3684408
0.81502837 0.71716541 2.0662498 3684408
0.82486516 0.71773612 2.0652103 3684408
0.83485401 0.71744955 2.0657291 3684408
0.84541458 0.71745038 2.0657299 3684408
0.85535401 0.71745127 2.0657306 3684408
0.86467034 0.71744955 2.0657291 3684408
0.87523091 0.71745038 2.0657299 3684408
0.88517034 0.71745127 2.0657306 3684408
0.89448678 0.71744955 2.0657291 3684408
0.90504718 0.71745038 2.0657299 3684408
0.91498667 0.71745127 2.0657306 3684408
0.92492485 0.71745038 2.0657299 3684408
0.93548417 0.71744955 2.0657291 3684408
0.94480306 0.71745139 2.0657306 3684408
0.95474118 0.71745038 2.0657299 3684408
0.96530044 0.71744955 2.0657291 3684408
0.97461933 0.71745139 2.0657306 3684408
0.98455745 0.71745038 2.0657299 3684408
0.99511671 0.71744955 2.0657291 3684408
1.0051129 0.71773618 2.0652103 3684408
1.0149388 0.71716547 2.0662498 3684408
1.0249331 0.71744955 2.0657291 3684408
1.0349218 0.71773618 2.0652103 3684408
1.0447626 0.71716541 2.0662498 3684408
1.0547494 0.71744955 2.0657291 3684408
1.06531 0.71745038 2.0657299 3684408
1.0752496 0.71745139 2.0657306 3684408
1.0845658 0.71744955 2.0657291 3684408
1.0951263 0.71745038 2.0657299 3684408
1.1050657 0.71745139 2.0657306 3684408
1.1150038 0.71745038 2.0657299 3684408
1.1255631 0.71744949 2.0657291 3684408
1.1348821 0.71745127 2.0657306 3684408
1.1448202 0.71745038 2.0657299 3684408
1.1553795 0.71744955 2.0657291 3684408
1.1653353 0.71773612 2.0652103 3684408
1.1752418 0.71716547 2.0662498 3684408
1.1851957 0.71744949 2.0657291 3684408
1.1919887 0.71631062 2.0678101 3684408
-0.52264452 0.70997226 2.076546 4806243
-0.51459801 0.70874262 2.0773394 4872293
-0.50491017 0.70807332 2.077574 4608606
-0.49575529 0.70859623 2.0769091 4345175
-0.48533842 0.70833021 2.0772285 3422269
-0.47491693 0.7080645 2.077548 3356732
-0.46577764 0.70859617 2.0769091 3356732
-0.45535621 0.70833033 2.0772285 3356732
-0.44411278 0.70833033 2.0772285 3356732
-0.43474329 0.70833039 2.0772285 3356732
-0.42537388 0.70833039 2.0772285 3356732
-0.41413048 0.70833039 2.0772288 3356732
-0.40476108 0.70833039 2.0772288 3356732
-0.39539158 0.70833039 2.0772288 3356732
-0.38414824 0.70833039 2.077229 3356732
-0.37477875 0.70833039 2.077229 3356732
-0.36540926 0.70833039 2.0772285 3356732
-0.35416591 0.70833033 2.0772285 3356732
-0.34479642 0.70833039 2.0772285 3356732
-0.33542696 0.70833039 2.0772288 3356732
-0.32418361 0.70833039 2.0772288 3356732
-0.31481415 0.70833039 2.077229 3356732
-0.30544469 0.70833039 2.0772288 3356732
-0.29420134 0.70833039 2.0772293 3356732
-0.28483185 0.70833039 2.077229 3356732
-0.27546242 0.70833039 2.0772288 3356732
-0.26421902 0.70833039 2.0772288 3356732
-0.25484958 0.70833045 2.077229 3356732
-0.24548011 0.70833045 2.0772288 3356732
-0.23423672 0.70833039 2.0772288 3356732
-0.22486727 0.70833039 2.0772288 3356732
-0.21549779 0.70833045 2.0772288 3356732
-0.20425443 0.70833045 2.0772288 3356732
-0.19488497 0.70833045 2.077229 3356732
-0.18551552 0.70833045 2.0772293 3356732
-0.17427213 0.70833057 2.0772293 3356732
-0.16490269 0.70833051 2.077229 3356732
-0.15553321 0.70833045 2.0772293 3356732
-0.14428984 0.70833045 2.077229 3356732
-0.13492036 0.70833039 2.0772288 3356732
-0.12555088 0.70833039 2.0772293 3356476
-0.11430753 0.70833057 2.0772293 3356476
-0.10493807 0.70833051 2.0772293 3356476
-0.095568597 0.70833057 2.0772293 3356476
-0.084325232 0.70833057 2.0772293 3356476
-0.074955761 0.70833051 2.077229 3356476
-0.065586291 0.70833057 2.0772293 3356476
-0.054342926 0.70833057 2.0772293 3356475
-0.044973463 0.70833063 2.0772295 3356475
-0.035603993 0.70833057 2.0772295 3356475
-0.024360621 0.70833045 2.0772293 3356475
-0.014991153 0.70833051 2.077229 3356475
-0.0056216815 0.70833045 2.0772293 3356475
0.0056216815 0.70833057 2.0772293 3356475
0.014991153 0.70833057 2.0772293 3356475
0.024360627 0.70833063 2.0772295 3356475
0.035603993 0.70833063 2.0772293 3356475
0.044973463 0.70833063 2.0772295 3356475
0.054342937 0.70833063 2.0772295 3356475
0.065586299 0.70833063 2.0772295 3356475
0.074955776 0.70833057 2.0772295 3356475
0.084325232 0.70833063 2.0772295 3356475
0.095568605 0.70833063 2.0772295 3356475
0.10493807 0.70833063 2.0772295 3356475
0.11430755 0.70833063 2.0772295 3356475
0.12555091 0.70833063 2.0772295 3356475
0.13492039 0.70833063 2.0772295 3356475
0.14428987 0.70833057 2.0772295 3356475
0.15553322 0.70833063 2.0772295 3356475
0.16490272 0.70833063 2.0772295 3356475
0.17427218 0.70833063 2.0772295 3356475
0.18551554 0.70833063 2.0772295 3356475
0.19488503 0.70833063 2.0772295 3356475
0.20425449 0.70833063 2.0772295 3356475
0.21549785 0.70833063 2.0772295 3356475
0.22486733 0.70833063 2.0772295 3356475
0.23423682 0.70833063 2.0772295 3356475
0.24548018 0.70833063 2.0772295 3356475
0.25484967 0.70833063 2.0772295 3356475
0.26421914 0.70833063 2.0772295 3356475
0.27546248 0.70833063 2.0772295 3356475
0.28483194 0.70833063 2.0772295 3356475
0.29420146 0.70833069 2.0772297 3356475
0.30544484 0.70833069 2.0772297 3356475
0.3148143 0.70833075 2.07723 3356475
0.32418376 0.70833063 2.0772295 3356475
0.33542708 0.70833063 2.0772295 3356475
0.34479657 0.70833063 2.0772295 3356475
0.35416603 0.70833063 2.0772295 3356475
0.36540946 0.70833069 2.0772297 3356475
0.37477893 0.70833075 2.07723 3356475
0.38414845 0.70833069 2.0772297 3356475
0.39539179 0.70833081 2.0772297 3356475
0.40476125 0.70833075 2.07723 3356475
0.41413072 0.70833081 2.0772297 3356475
0.42537406 0.70833069 2.0772297 3356475
0.43474355 0.70833069 2.0772297 3356475
0.44411305 0.70833069 2.0772297 3356475
0.45535639 0.70833069 2.0772297 3356475
0.46577787 0.70859659 2.0769105 3356475
0.47491726 0.70806491 2.0775495 3356475
0.48533872 0.70833081 2.0772297 3356475
0.49575558 0.70859659 2.0769105 3356475
0.50490427 0.70806497 2.0775495 3356475
0.51532108 0.70833081 2.0772302 3356475
0.52573335 0.70859671 2.0769105 3356475
0.53489125 0.70806503 2.0775495 3356475
0.5453034 0.70833081 2.0772302 3356475
0.55576861 0.70866978 2.0771258 3356475
0.56375837 0.70984858 2.0761843 3356475
-1.1940751 0.71149814 2.0766308 10197915
-1.184606 0.71196079 2.0757949 10197915
-1.1753405 0.71149743 2.0766289 10197915
-1.1649894 0.71172905 2.0762117 10197915
-1.1546433 0.7119602 2.075793 10197915
-1.1453693 0.71149904 2.0766335 10197915
-1.1350203 0.71172816 2.0762091 10197915
-1.1246818 0.7119602 2.0757933 10197915
-1.1153947 0.7114985 2.076632 10197915
-1.1050544 0.71172929 2.0762122 10197915
-1.0947191 0.71195942 2.0757909 10197915
-1.0854211 0.71149844 2.0766318 10197915
-1.0750843 0.71172762 2.0762076 10197915
-1.0647575 0.71195942 2.0757909 10197915
-1.0554466 0.7114979 2.0766301 10197915
-1.045118 0.71172857 2.0762103 10197915
-1.0347941 0.71195805 2.0757871 10197915
-1.0254726 0.71149766 2.0766294 10197915
-1.0151521 0.71172971 2.0762136 10197915
-1.0048333 0.71195865 2.0757887 10197915
-0.99549866 0.71149749 2.0766289 10197915
-0.98518252 0.71172827 2.0762098 10197915
-0.9748739 0.7119602 2.0757933 10197915
-0.96552432 0.71149695 2.0766273 10197915
-0.95521587 0.71172899 2.0762117 10197915
-0.94491118 0.71195936 2.0757909 10197915
-0.93555278 0.7114985 2.076632 10197915
-0.92524678 0.71172786 2.0762079 10197915
-0.91494954 0.71195918 2.0757902 10197915
-0.90557939 0.7114988 2.0766327 10197915
-0.8952806 0.71172899 2.0762115 10197915
-0.88498753 0.71195883 2.0757892 10197915
-0.87467927 0.71172851 2.0762103 10197915
-0.86436671 0.71149981 2.0766354 10197915
-0.85502577 0.71195859 2.0757885 10197915
-0.84471178 0.71172863 2.0762103 10197915
-0.83439082 0.71149796 2.0766304 10197915
-0.82506639 0.71196043 2.0757937 10197915
-0.81474304 0.71172768 2.0762076 10197915
-0.80441839 0.71149892 2.0766332 10197915
-0.79510391 0.71195972 2.0757916 10197915
-0.78477722 0.71172929 2.0762122 10197915
-0.77444249 0.71149695 2.0766273 10197915
-0.76514232 0.71195972 2.0757916 10197915
-0.75481015 0.71172982 2.0762138 10197915
-0.74446994 0.71149796 2.0766304 10197915
-0.73518026 0.71195924 2.0757904 10197915
-0.72484142 0.71172875 2.0762107 10197915
-0.71449775 0.71149951 2.0766346 10197915
-0.70521879 0.71195924 2.0757904 10197915
-0.69487375 0.71172863 2.0762107 10197915
-0.68452305 0.7114985 2.0766318 10197915
-0.67525834 0.71196043 2.0757937 10197915
-0.66490579 0.71172827 2.0762093 10197915
-0.65454984 0.71149892 2.076633 10197915
-0.64529639 0.71196002 2.0757928 10197915
-0.63493949 0.71172971 2.0762136 10197915
-0.62457478 0.71149743 2.0766289 10197915
-0.61533499 0.71196014 2.0757933 10197915
-0.60496986 0.71172732 2.0762064 10197915
-0.59460199 0.71149844 2.0766318 10197915
-0.58537275 0.71195936 2.0757909 10197915
-0.57500339 0.71172875 2.0762107 10197915
-0.56462699 0.71149671 2.0766268 10197915
-0.55541122 0.71195942 2.0757909 10197915
-0.54503608 0.71172905 2.0762117 10197915
-0.5345751 0.71139222 2.0763214 6845567
-0.52570379 0.71184963 2.0738332 4938344
-0.51413423 0.7123096 2.0724459 5069674
-0.50478637 0.7123096 2.0724459 4805986
-0.49543843 0.7123096 2.0724459 4345174
-0.48422098 0.7123096 2.0724459 3422268
-0.47487313 0.71230966 2.0724461 3422268
-0.46552518 0.7123096 2.0724459 3422268
-0.45430768 0.7123096 2.0724459 3422268
-0.44495982 0.7123096 2.0724459 3422268
-0.43561187 0.7123096 2.0724459 3422268
-0.42439446 0.7123096 2.0724459 3422268
-0.41504657 0.7123096 2.0724459 3356732
-0.40569869 0.71230966 2.0724461 3356732
-0.39448121 0.71230966 2.0724461 3356732
-0.38513333 0.71230966 2.0724461 3356732
-0.37578544 0.71230966 2.0724461 3356732
-0.36456797 0.71230966 2.0724461 3356732
-0.35522005 0.71230966 2.0724461 3356732
-0.34587216 0.7123096 2.0724459 3356732
-0.33465466 0.71230966 2.0724461 3356732
-0.32530677 0.71230966 2.0724461 3356732
-0.31595889 0.71230966 2.0724461 3356732
-0.30474141 0.71230966 2.0724461 3356732
-0.29539353 0.71230966 2.0724461 3356732
-0.28604564 0.71230966 2.0724461 3356732
-0.27482817 0.71230978 2.0724461 3356732
-0.26548028 0.71230978 2.0724463 3356732
-0.25613239 0.71230978 2.0724463 3356732
-0.2449149 0.71230978 2.0724463 3356732
-0.235567 0.71230972 2.0724463 3356732
-0.2262191 0.71230966 2.0724461 3356732
-0.21500163 0.71230966 2.0724461 3356732
-0.20378415 0.71230978 2.0724463 3356732
-0.19443625 0.71230978 2.0724463 3356732
-0.18508838 0.71230978 2.0724463 3356732
-0.17387088 0.71230978 2.0724463 3356732
-0.16452299 0.71230978 2.0724463 3356732
-0.15517509 0.71230978 2.0724463 3356732
-0.14395761 0.71230978 2.0724463 3356732
-0.13460973 0.71230984 2.0724466 3356732
-0.12526183 0.71230984 2.0724466 3356732
-0.11404435 0.71230978 2.0724463 3356732
-0.10469645 0.71230978 2.0724463 3356732
-0.095348544 0.71230978 2.0724463 3356732
-0.084131084 0.71230978 2.0724463 3356732
-0.074783176 0.71230978 2.0724463 3356732
-0.065435283 0.71230984 2.0724466 3356732
-0.054217812 0.71230984 2.0724466 3356732
-0.044869915 0.71230984 2.0724466 3356732
-0.035522014 0.71230984 2.0724466 3356732
-0.024304533 0.71230984 2.0724466 3356732
-0.014956637 0.71230984 2.0724466 3356732
-0.0056087389 0.71230984 2.0724463 3356732
0.0056087389 0.71230984 2.0724466 3356732
0.014956637 0.71230984 2.0724466 3356732
0.024304533 0.71230984 2.0724466 3356732
0.035522014 0.71230984 2.0724466 3356476
0.044869915 0.71230984 2.0724466 3356476
0.054217812 0.71230984 2.0724466 3356476
0.06543529 0.71230984 2.0724466 3356476
0.074783191 0.71230996 2.0724468 3356476
0.084131092 0.71231002 2.0724468 3356476
0.095348574 0.71231002 2.0724468 3356476
0.10469647 0.71230996 2.0724468 3356476
0.11404436 0.71230984 2.0724466 3356475
0.12526184 0.71230984 2.0724466 3356475
0.13460973 0.71230984 2.0724466 3356475
0.14395763 0.7123099 2.0724468 3356475
0.15517513 0.71231002 2.0724468 3356475
0.16452304 0.71230996 2.0724468 3356475
0.17387092 0.71231002 2.0724468 3356475
0.18508841 0.71231002 2.0724468 3356475
0.19443631 0.71230996 2.0724468 3356475
0.20378421 0.71231002 2.0724468 3356475
0.2150017 0.71231002 2.0724468 3356475
0.22621918 0.71231002 2.0724468 3356475
0.23556706 0.71230996 2.0724468 3356475
0.24491496 0.71231002 2.0724468 3356475
0.25613245 0.71231002 2.0724468 3356475
0.26548034 0.71230996 2.0724468 3356475
0.27482823 0.71231002 2.0724468 3356475
0.28604576 0.71231002 2.0724471 3356475
0.29539365 0.71231002 2.0724471 3356475
0.30474153 0.71231002 2.0724471 3356475
0.31595907 0.71231002 2.0724471 3356475
0.32530695 0.71231002 2.0724471 3356475
0.33465481 0.71231002 2.0724471 3356475
0.34587228 0.71231002 2.0724468 3356475
0.3552202 0.71231002 2.0724471 3356475
0.36456811 0.71231002 2.0724471 3356475
0.37578559 0.71231002 2.0724471 3356475
0.3851335 0.71231002 2.0724471 3356475
0.39448142 0.71231002 2.0724471 3356475
0.40569887 0.71231002 2.0724471 3356475
0.41504678 0.71231002 2.0724471 3356475
0.4243947 0.71231008 2.0724473 3356475
0.4356122 0.71231008 2.0724473 3356475
0.44496012 0.71231008 2.0724473 3356475
0.454308 0.71231008 2.0724473 3356475
0.46552542 0.71231002 2.0724471 3356475
0.47487336 0.71231002 2.0724471 3356475
0.48422122 0.71231002 2.0724471 3356475
0.49543878 0.71231008 2.0724473 3356475
0.50478673 0.71231008 2.0724473 3356475
0.51413459 0.71231008 2.0724473 3356475
0.52535206 0.71231008 2.0724473 3356475
0.53469992 0.71231008 2.0724473 3356475
0.54404783 0.71231008 2.0724473 3356475
0.55526537 0.71231008 2.0724473 3356475
0.5656215 0.71154529 2.0738561 3356475
0.57479876 0.7114746 2.0754697 3356474
0.58536685 0.71195209 2.0757699 3618872
0.59459639 0.7114917 2.076612 3684408
0.60496527 0.7117219 2.0761909 3684408
0.61532801 0.71195215 2.0757699 3684408
0.62456977 0.7114917 2.076612 3684408
0.63493258 0.7117219 2.0761909 3684408
0.6452893 0.71195209 2.0757699 3684408
0.65454316 0.7114917 2.076612 3684408
0.66489989 0.7117219 2.0761909 3684408
0.67525059 0.71195215 2.0757699 3684408
0.68451661 0.7114917 2.076612 3684408
0.69486719 0.7117219 2.0761909 3684408
0.70521182 0.71195215 2.0757699 3684408
0.71448994 0.7114917 2.076612 3684408
0.7248345 0.7117219 2.0761909 3684408
0.73517305 0.71195209 2.0757699 3684408
0.74446338 0.7114917 2.076612 3684408
0.75480193 0.7117219 2.0761909 3684408
0.76513427 0.71195209 2.0757699 3684408
0.77443671 0.7114917 2.076612 3684408
0.78476912 0.7117219 2.0761909 3684408
0.79509556 0.71195209 2.0757699 3684408
0.80441016 0.7114917 2.076612 3684408
0.81473655 0.7117219 2.0761909 3684408
0.82505673 0.71195209 2.0757699 3684408
0.83438361 0.7114917 2.076612 3684408
0.84470385 0.7117219 2.0761909 3684408
0.85501796 0.71195209 2.0757699 3684408
0.86435699 0.7114917 2.076612 3684408
0.87467116 0.7117219 2.0761909 3684408
0.88497925 0.71195209 2.0757699 3684408
0.89527172 0.7117219 2.0761909 3684408
0.90557039 0.7114917 2.076612 3684408
0.91494048 0.71195215 2.0757699 3684408
0.92523909 0.7117219 2.0761909 3684408
0.93554384 0.7114917 2.076612 3684408
0.94490176 0.71195209 2.0757699 3684408
0.95520645 0.7117219 2.0761909 3684408
0.96551722 0.7114917 2.076612 3684408
0.97486293 0.71195215 2.0757699 3684408
0.98517376 0.7117219 2.0761909 3684408
0.99549067 0.7114917 2.076612 3684408
1.0048242 0.71195215 2.0757699 3684408
1.0151411 0.7117219 2.0761909 3684408
1.0254638 0.7114917 2.076612 3684408
1.0347855 0.71195209 2.0757699 3684408
1.0451083 0.7117219 2.0761909 3684408
1.0554374 0.7114917 2.076612 3684408
1.0647466 0.71195209 2.0757699 3684408
1.0750757 0.7117219 2.0761909 3684408
1.0854108 0.7114917 2.076612 3684408
1.0947078 0.71195209 2.0757699 3684408
1.1050431 0.7117219 2.0761909 3684408
1.1153842 0.7114917 2.076612 3684408
1.1246692 0.71195215 2.0757699 3684408
1.1350104 0.7117219 2.0761909 3684408
1.1453576 0.7114917 2.076612 3684408
1.1546304 0.71195215 2.0757699 3684408
1.1649777 0.7117219 2.0761909 3684408
1.175331 0.7114917 2.076612 3684408
1.1845917 0.71195209 2.0757699 3684408
1.1940644 0.7114917 2.076612 3684408
-0.4920145 0.69937694 2.0896654 4938087
-0.48426771 0.69907838 2.0887735 3554112
-0.4747768 0.69897699 2.0884705 3356732
-0.46535662 0.69897699 2.0884705 3356732
-0.45405245 0.69897699 2.0884705 3356732
-0.44463226 0.69897699 2.0884705 3356732
-0.43521214 0.69897699 2.0884705 3356476
-0.42390788 0.69897699 2.0884705 3356476
-0.41448772 0.69897699 2.0884705 3356476
-0.40506753 0.69897699 2.0884705 3356476
-0.39564735 0.69897699 2.0884705 3356476
-0.38622716 0.69897699 2.0884705 3356476
-0.37492299 0.69897699 2.0884705 3356476
-0.36550283 0.69897705 2.0884707 3356475
-0.35608268 0.69897705 2.0884707 3356475
-0.34477842 0.69897705 2.0884707 3356475
-0.33535826 0.69897705 2.0884707 3356475
-0.32593811 0.69897705 2.0884707 3356475
-0.31463388 0.69897699 2.0884707 3356475
-0.30521369 0.69897699 2.0884705 3356475
-0.2957935 0.69897699 2.0884705 3356475
-0.2844893 0.69897705 2.0884707 3356475
-0.27506912 0.69897705 2.0884707 3356475
-0.26564896 0.69897705 2.0884707 3356475
-0.25434476 0.69897705 2.0884707 3356475
-0.24492458 0.69897705 2.0884707 3356475
-0.23550439 0.69897705 2.0884707 3356475
-0.22420023 0.69897717 2.0884709 3356475
-0.21478003 0.69897711 2.0884709 3356475
-0.20535986 0.69897717 2.0884709 3356475
-0.19405563 0.69897705 2.0884707 3356475
-0.18463546 0.69897705 2.0884707 3356475
-0.17521526 0.69897705 2.0884707 3356475
-0.16391106 0.69897705 2.0884707 3356475
-0.15449092 0.69897711 2.0884709 3356475
-0.14507073 0.69897717 2.0884709 3356475
-0.13565055 0.69897711 2.0884709 3356475
-0.12623037 0.69897717 2.0884709 3356475
-0.11492616 0.69897717 2.0884709 3356475
-0.10550597 0.69897711 2.0884709 3356475
-0.096085809 0.69897717 2.0884709 3356475
-0.084781609 0.69897717 2.0884712 3356475
-0.075361416 0.69897711 2.0884709 3356475
-0.065941237 0.69897717 2.0884709 3356475
-0.054637026 0.69897717 2.0884709 3356475
-0.045216851 0.69897711 2.0884709 3356475
-0.035796672 0.69897717 2.0884709 3356475
-0.024492459 0.69897717 2.0884709 3356475
-0.015072284 0.69897723 2.0884712 3356475
-0.0056521068 0.69897723 2.0884712 3356475
0.0056521068 0.69897723 2.0884712 3356475
0.015072284 0.69897723 2.0884712 3356475
0.024492463 0.69897723 2.0884712 3356475
0.035796672 0.69897717 2.0884709 3356475
0.045216851 0.69897711 2.0884709 3356475
0.054637033 0.69897723 2.0884712 3356475
0.065941244 0.69897723 2.0884712 3356475
0.075361423 0.69897723 2.0884712 3356475
0.084781609 0.69897723 2.0884712 3356475
0.096085817 0.69897723 2.0884712 3356475
0.105506 0.69897723 2.0884712 3356475
0.11492618 0.69897723 2.0884712 3356475
0.1262304 0.69897729 2.0884714 3356475
0.13565058 0.69897729 2.0884714 3356475
0.14507075 0.69897729 2.0884714 3356475
0.15449092 0.69897723 2.0884712 3356475
0.1639111 0.69897723 2.0884712 3356475
0.17521532 0.69897723 2.0884712 3356475
0.18463549 0.69897723 2.0884712 3356475
0.19405568 0.69897729 2.0884714 3356475
0.20535992 0.69897729 2.0884714 3356475
0.21478009 0.69897729 2.0884714 3356475
0.22420025 0.69897729 2.0884714 3356475
0.23550449 0.69897729 2.0884714 3356475
0.24492466 0.69897729 2.0884714 3356475
0.25434485 0.69897729 2.0884714 3356475
0.26564908 0.69897729 2.0884714 3356475
0.27506924 0.69897729 2.0884714 3356475
0.28448942 0.69897729 2.0884714 3356475
0.29579362 0.69897729 2.0884714 3356475
0.30521381 0.69897729 2.0884714 3356475
0.314634 0.69897729 2.0884714 3356475
0.32593822 0.69897729 2.0884714 3356475
0.33535844 0.69897735 2.0884717 3356475
0.34477863 0.69897729 2.0884717 3356475
0.3560828 0.69897729 2.0884717 3356475
0.36550301 0.69897735 2.0884717 3356475
0.3749232 0.69897729 2.0884717 3356475
0.38622737 0.69897729 2.0884714 3356475
0.39564753 0.69897729 2.0884714 3356475
0.40506777 0.69897729 2.0884717 3356475
0.41448793 0.69897735 2.0884717 3356475
0.42390811 0.69897729 2.0884717 3356475
0.43521234 0.69897729 2.0884717 3356475
0.44463253 0.69897735 2.0884717 3356475
0.45405269 0.69897729 2.0884717 3356475
0.46535695 0.69897741 2.0884717 3356475
0.47477716 0.69897747 2.0884719 3356475
0.48419729 0.69897747 2.0884719 3356475
0.49550152 0.69897747 2.0884717 3356475
0.50492167 0.69897735 2.0884717 3356475
0.51434183 0.69897729 2.0884717 3356475
0.52567726 0.69901866 2.0885947 3356475
0.5353514 0.69934952 2.0895836 3356475
-1.2017077 0.70710623 2.0846703 10197915
-1.1951817 0.70687515 2.0850978 10197915
-1.1847805 0.70710629 2.0846705 10197915
-1.1743848 0.7073372 2.0842423 10197915
-1.1650847 0.70687449 2.0850959 10197915
-1.1546918 0.70710701 2.0846725 10197915
-1.1443017 0.70733738 2.0842426 10197915
-1.1349884 0.70687413 2.0850949 10197915
-1.124601 0.70710629 2.0846703 10197915
-1.11422 0.70733851 2.0842462 10197915
-1.1048923 0.70687401 2.0850945 10197915
-1.095417 0.70733804 2.084245 10197915
-1.0851091 0.70710558 2.0846682 10197915
-1.0747967 0.70687413 2.0850949 10197915
-1.0653317 0.7073369 2.0842414 10197915
-1.0550216 0.70710701 2.0846725 10197915
-1.0446994 0.70687318 2.0850923 10197915
-1.0352491 0.70733762 2.0842433 10197915
-1.0249305 0.70710611 2.0846698 10197915
-1.0146061 0.70687497 2.0850973 10197915
-1.0051636 0.70733613 2.0842392 10197915
-0.99484128 0.70710641 2.0846708 10197915
-0.98450994 0.70687473 2.0850966 10197915
-0.97508258 0.70733798 2.0842445 10197915
-0.96474981 0.7071051 2.084667 10197915
-0.95441282 0.70687377 2.085094 10197915
-0.94499904 0.70733798 2.0842445 10197915
-0.93560296 0.70687377 2.0850937 10197915
-0.9252556 0.7071054 2.0846679 10197915
-0.91491413 0.70733696 2.0842414 10197915
-0.90550947 0.70687562 2.0850995 10197915
-0.89516544 0.7071051 2.084667 10197915
-0.88483226 0.70733833 2.0842457 10197915
-0.87541187 0.70687425 2.0850952 10197915
-0.86507827 0.70710707 2.0846727 10197915
-0.85474646 0.70733637 2.0842397 10197915
-0.84531736 0.70687532 2.0850985 10197915
-0.8349877 0.70710653 2.084671 10197915
-0.82466495 0.70733815 2.0842452 10197915
-0.81521922 0.70687336 2.0850925 10197915
-0.80489796 0.70710635 2.0846705 10197915
-0.79458207 0.70733875 2.0842469 10197915
-0.78512418 0.70687413 2.0850947 10197915
-0.77577806 0.70733708 2.0842421 10197915
-0.76540583 0.70710516 2.0846672 10197915
-0.7550298 0.70687544 2.0850987 10197915
-0.7456944 0.70733702 2.0842419 10197915
-0.73531681 0.70710582 2.0846691 10197915
-0.72493303 0.70687461 2.0850961 10197915
-0.71561253 0.70733857 2.0842464 10197915
-0.70522666 0.70710534 2.0846674 10197915
-0.69483769 0.70687521 2.085098 10197915
-0.68552858 0.70733827 2.0842454 10197915
-0.67513818 0.70710659 2.0846713 10197915
-0.66474086 0.70687407 2.0850947 10197915
-0.65544492 0.70733815 2.0842452 10197915
-0.64504898 0.70710725 2.0846729 10197915
-0.63464528 0.70687449 2.0850956 10197915
-0.62536108 0.7073378 2.0842443 10197915
-0.61495805 0.70710582 2.0846691 10197915
-0.60454834 0.70687306 2.0850916 10197915
-0.59527719 0.70733744 2.0842431 10197915
-0.58486873 0.70710629 2.0846703 10197915
-0.574453 0.70687371 2.0850935 10197915
-0.56519318 0.7073369 2.0842414 10197915
-0.55477828 0.70710534 2.0846674 10197915
-0.54435819 0.70687497 2.0850976 10197915
-0.53504086 0.70724553 2.0839725 6713724
-0.52484596 0.70543617 2.0852997 4674656
-0.51549673 0.70426172 2.0855343 4872036
-0.50508881 0.70366311 2.0844979 4806243
-0.49441549 0.70308304 2.0838931 4477019
-0.48495638 0.70299733 2.0836384 3356732
-0.47555795 0.70299727 2.0836384 3356732
-0.46427992 0.70299727 2.0836382 3356732
-0.45488155 0.70299733 2.0836382 3356732
-0.44548318 0.70299739 2.0836384 3356732
-0.43420514 0.70299727 2.0836384 3356732
-0.42480677 0.70299733 2.0836384 3356732
-0.41540837 0.70299739 2.0836384 3356732
-0.40413034 0.70299727 2.0836384 3356732
-0.39473197 0.70299733 2.0836384 3356732
-0.38533363 0.70299739 2.0836387 3356732
-0.37405553 0.70299745 2.0836387 3356732
-0.36465716 0.70299739 2.0836387 3356732
-0.35525879 0.70299739 2.0836387 3356732
-0.34478506 0.70272988 2.0839601 3356732
-0.33565766 0.70326483 2.083317 3356732
-0.32518393 0.70299727 2.0836384 3356476
-0.31470561 0.70272988 2.0839601 3356476
-0.30558747 0.70326489 2.0833173 3356476
-0.29510918 0.70299745 2.0836387 3356476
-0.28462616 0.70272994 2.0839601 3356476
-0.27551728 0.70326489 2.0833173 3356476
-0.26503435 0.70299745 2.0836387 3356476
-0.2545467 0.70272994 2.0839601 3356475
-0.24544713 0.70326489 2.0833173 3356475
-0.23495954 0.70299751 2.0836389 3356475
-0.22446725 0.70273 2.0839601 3356475
-0.21537694 0.70326489 2.0833173 3356475
-0.20488471 0.70299745 2.0836387 3356475
-0.19548632 0.70299745 2.0836387 3356475
-0.18608792 0.70299745 2.0836387 3356475
-0.17480989 0.70299745 2.0836387 3356475
-0.16541153 0.70299745 2.0836389 3356475
-0.15601315 0.70299745 2.0836389 3356475
-0.14473508 0.70299751 2.0836389 3356475
-0.1353367 0.70299745 2.0836387 3356475
-0.12593831 0.70299745 2.0836387 3356475
-0.11466026 0.70299745 2.0836389 3356475
-0.10526188 0.70299751 2.0836387 3356475
-0.095863491 0.70299751 2.0836389 3356475
-0.084585436 0.70299751 2.0836389 3356475
-0.07518705 0.70299751 2.0836389 3356475
-0.065788679 0.70299751 2.0836389 3356475
-0.054510612 0.70299751 2.0836389 3356475
-0.04511223 0.70299751 2.0836389 3356475
-0.035713851 0.70299751 2.0836389 3356475
-0.024435796 0.70299762 2.0836391 3356475
-0.015037412 0.70299757 2.0836389 3356475
-0.0056390297 0.70299751 2.0836389 3356475
0.0056390292 0.70299751 2.0836389 3356475
0.015037411 0.70299751 2.0836389 3356475
0.024435794 0.70299751 2.0836389 3356475
0.035713855 0.70299751 2.0836389 3356475
0.045112237 0.70299757 2.0836391 3356475
0.054510623 0.70299768 2.0836391 3356475
0.065788686 0.70299762 2.0836391 3356475
0.075187065 0.70299757 2.0836391 3356475
0.084585451 0.70299751 2.0836391 3356475
0.095863499 0.70299751 2.0836391 3356475
0.10526189 0.70299757 2.0836391 3356475
0.11466027 0.70299762 2.0836391 3356475
0.12593831 0.70299762 2.0836391 3356475
0.13533671 0.70299762 2.0836391 3356475
0.1447351 0.70299768 2.0836391 3356475
0.15601318 0.70299762 2.0836391 3356475
0.16541155 0.70299762 2.0836391 3356475
0.17480993 0.70299762 2.0836394 3356475
0.18608801 0.70299768 2.0836394 3356475
0.1954864 0.70299768 2.0836394 3356475
0.20488477 0.70299768 2.0836394 3356475
0.21537702 0.70326507 2.083318 3356475
0.22446732 0.70273018 2.0839608 3356475
0.23495956 0.70299762 2.0836394 3356475
0.2454472 0.70326507 2.0833178 3356475
0.25454682 0.70273018 2.083961 3356475
0.26503441 0.70299768 2.0836394 3356475
0.2755174 0.70326513 2.083318 3356475
0.28462628 0.70273018 2.083961 3356475
0.29510927 0.70299768 2.0836394 3356475
0.30558759 0.70326513 2.083318 3356475
0.31470576 0.7027303 2.083961 3356475
0.32518411 0.70299774 2.0836396 3356475
0.33565778 0.70326519 2.0833182 3356475
0.34478524 0.7027303 2.083961 3356475
0.35525894 0.70299768 2.0836394 3356475
0.36465731 0.70299768 2.0836394 3356475
0.37405571 0.70299768 2.0836394 3356475
0.38533378 0.70299774 2.0836394 3356475
0.39473218 0.7029978 2.0836396 3356475
0.40413055 0.70299774 2.0836396 3356475
0.41540864 0.70299774 2.0836396 3356475
0.42480701 0.7029978 2.0836396 3356475
0.43420538 0.70299774 2.0836396 3356475
0.44548342 0.70299774 2.0836396 3356475
0.45488185 0.7029978 2.0836396 3356475
0.46428025 0.70299774 2.0836396 3356475
0.47555828 0.70299774 2.0836396 3356475
0.48495668 0.70299774 2.0836396 3356475
0.49435508 0.70299786 2.0836396 3356475
0.50563312 0.70299774 2.0836396 3356475
0.51503152 0.7029978 2.0836396 3356475
0.52442986 0.70299786 2.0836396 3356475
0.53488153 0.70327663 2.0833521 3356475
0.54426712 0.70299482 2.0847468 3356475
0.55504853 0.70368594 2.085681 3356475
0.56485718 0.7055974 2.0841911 3356475
0.5737316 0.70603377 2.0852103 3356475
0.58486575 0.70710272 2.0846598 3618616
0.59527409 0.7073338 2.0842323 3684408
0.6045469 0.70687139 2.0850868 3684408
0.61495531 0.7071026 2.0846596 3684408
0.62535751 0.7073338 2.0842323 3684408
0.6346426 0.70687139 2.0850868 3684408
0.64504486 0.7071026 2.0846596 3684408
0.65544087 0.7073338 2.0842323 3684408
0.6647383 0.70687139 2.0850868 3684408
0.67513436 0.7071026 2.0846596 3684408
0.68552428 0.7073338 2.0842323 3684408
0.69483405 0.70687139 2.0850868 3684408
0.70522398 0.7071026 2.0846596 3684408
0.71560764 0.7073338 2.0842323 3684408
0.72492969 0.70687139 2.0850868 3684408
0.73531348 0.7071026 2.0846596 3684408
0.74569106 0.7073338 2.0842323 3684408
0.75502545 0.70687139 2.0850868 3684408
0.76540303 0.7071026 2.0846596 3684408
0.77577436 0.7073338 2.0842323 3684408
0.78512126 0.70687139 2.0850868 3684408
0.79457653 0.7073338 2.0842323 3684408
0.80489367 0.7071026 2.0846596 3684408
0.8152169 0.70687139 2.0850868 3684408
0.82466 0.7073338 2.0842323 3684408
0.83498317 0.7071026 2.0846596 3684408
0.84531271 0.70687139 2.0850868 3684408
0.85474336 0.7073338 2.0842323 3684408
0.86507273 0.7071026 2.0846596 3684408
0.87540835 0.70687139 2.0850868 3684408
0.88482666 0.7073338 2.0842323 3684408
0.89516234 0.7071026 2.0846596 3684408
0.90550405 0.70687139 2.0850868 3684408
0.91491014 0.7073338 2.0842323 3684408
0.9252519 0.7071026 2.0846596 3684408
0.9355998 0.70687139 2.0850868 3684408
0.9449935 0.7073338 2.0842323 3684408
0.9544096 0.70687139 2.0850868 3684408
0.9647463 0.7071026 2.0846596 3684408
0.97507685 0.7073338 2.0842323 3684408
0.98450536 0.70687139 2.0850868 3684408
0.99483591 0.7071026 2.0846596 3684408
1.0051602 0.7073338 2.0842323 3684408
1.014601 0.70687139 2.0850868 3684408
1.0249254 0.7071026 2.0846596 3684408
1.0352436 0.7073338 2.0842323 3684408
1.0446968 0.70687139 2.0850868 3684408
1.055015 0.7071026 2.0846596 3684408
1.065327 0.7073338 2.0842323 3684408
1.0747925 0.70687139 2.0850868 3684408
1.0851046 0.7071026 2.0846596 3684408
1.0954106 0.7073338 2.0842323 3684408
1.1048883 0.70687139 2.0850868 3684408
1.1142125 0.7073338 2.0842323 3684408
1.1245952 0.7071026 2.0846596 3684408
1.1349839 0.70687139 2.0850868 3684408
1.1442959 0.7073338 2.0842323 3684408
1.1546847 0.7071026 2.0846596 3684408
1.1650797 0.70687139 2.0850868 3684408
1.1743792 0.7073338 2.0842323 3684408
1.1847743 0.7071026 2.0846596 3684408
1.1951755 0.70687139 2.0850868 3684408
1.2017015 0.7071026 2.0846596 3684408
-1.2103391 0.69892818 2.0996435 10197915
-1.2046573 0.69892853 2.0996447 10197915
-1.1951865 0.69892836 2.0996439 10197915
-1.1838206 0.69892764 2.0996418 10197915
-1.1743515 0.69892859 2.0996447 10197915
-1.1648804 0.69892818 2.0996437 10197915
-1.1554105 0.69892871 2.0996451 10197915
-1.1459383 0.69892764 2.0996418 10197915
-1.1345738 0.6989277 2.099642 10197915
-1.1251066 0.69892985 2.0996485 10197915
-1.1156325 0.69892764 2.0996418 10197915
-1.1042687 0.6989283 2.0996437 10197915
-1.0947974 0.69892776 2.0996423 10197915
-1.0853254 0.69892675 2.0996392 10197915
-1.0739609 0.69892693 2.0996399 10197915
-1.0644938 0.69892919 2.0996466 10197915
-1.0550208 0.69892764 2.0996418 10197915
-1.0455496 0.69892728 2.0996408 10197915
-1.0360793 0.69892734 2.0996408 10197915
-1.0247169 0.69892883 2.0996456 10197915
-1.015244 0.69892728 2.0996408 10197915
-1.0057735 0.6989274 2.0996411 10197915
-0.99440974 0.69892794 2.0996428 10197915
-0.98494005 0.69892859 2.0996447 10197915
-0.97546721 0.69892693 2.0996399 10197915
-0.96410388 0.69892806 2.099643 10197915
-0.95463312 0.69892782 2.0996423 10197915
-0.94516307 0.69892818 2.0996437 10197915
-0.93379688 0.6989271 2.0996401 10197915
-0.92432749 0.698928 2.0996428 10197915
-0.91485733 0.69892818 2.0996437 10197915
-0.90538633 0.69892794 2.0996428 10197915
-0.89591521 0.69892746 2.0996413 10197915
-0.88455099 0.69892782 2.0996425 10197915
-0.87508202 0.69892913 2.0996463 10197915
-0.86560947 0.69892758 2.0996416 10197915
-0.85424495 0.6989277 2.099642 10197915
-0.84477472 0.69892794 2.0996428 10197915
-0.83530515 0.69892883 2.0996454 10197915
-0.82393819 0.69892693 2.0996397 10197915
-0.81447029 0.69892913 2.0996463 10197915
-0.80499887 0.69892836 2.0996442 10197915
-0.79552841 0.69892848 2.0996444 10197915
-0.78605604 0.69892693 2.0996399 10197915
-0.77469349 0.69892883 2.0996456 10197915
-0.76522183 0.69892788 2.0996425 10197915
-0.75575209 0.69892853 2.0996447 10197915
-0.74438626 0.69892758 2.0996416 10197915
-0.73491597 0.69892788 2.0996425 10197915
-0.72544664 0.69892901 2.0996459 10197915
-0.71408051 0.69892758 2.0996416 10197915
-0.70461023 0.69892788 2.0996425 10197915
-0.69513947 0.6989277 2.099642 10197915
-0.68567145 0.69893026 2.0996499 10197915
-0.67619818 0.69892758 2.0996416 10197915
-0.66483408 0.69892818 2.0996435 10197915
-0.65536267 0.69892722 2.0996406 10197915
-0.64589399 0.69892925 2.0996468 10197915
-0.63452715 0.69892693 2.0996397 10197915
-0.62505853 0.69892907 2.0996461 10197915
-0.61558658 0.69892758 2.0996418 10197915
-0.60422164 0.69892734 2.0996408 10197915
-0.59475052 0.69892657 2.0996387 10197915
-0.58528179 0.69892865 2.0996451 10197915
-0.5739156 0.69892693 2.0996397 10197915
-0.56444573 0.69892776 2.0996423 10197915
-0.55497527 0.69892788 2.0996428 10197915
-0.54550505 0.69892836 2.0996442 10197915
-0.53597695 0.69885284 2.0994172 8226962
-0.52427459 0.69840115 2.0980601 4740449
-0.51450568 0.6979872 2.0968165 4608606
-0.50396818 0.69753879 2.0954788 4410968
-0.4954291 0.69684017 2.0950086 4740193
-0.48490113 0.69579232 2.09477 3751750
-0.47444156 0.69433498 2.0953195 3422269
-0.46497729 0.6936841 2.0952609 3356732
-0.45490026 0.69392139 2.0945468 3356475
-0.44468036 0.69324541 2.0953591 3356475
-0.43538553 0.69396925 2.0944893 3356475
-0.42522371 0.69358319 2.0949533 3356475
-0.41443637 0.69324541 2.0953593 3356475
-0.40515414 0.69396937 2.0944893 3356475
-0.39498562 0.69358325 2.0949533 3356475
-0.38481048 0.69319677 2.0954177 3356475
-0.37554055 0.69392139 2.0945468 3356475
-0.36474743 0.69358325 2.0949533 3356475
-0.35456562 0.69319677 2.0954177 3356475
-0.34530836 0.69392145 2.0945468 3356475
-0.33450937 0.69358325 2.0949535 3356475
-0.32505992 0.69358331 2.0949533 3356475
-0.31561053 0.69358325 2.0949533 3356475
-0.30427122 0.69358325 2.0949533 3356475
-0.2948218 0.69358325 2.0949533 3356475
-0.28537238 0.69358325 2.0949535 3356475
-0.27455795 0.69324547 2.0953596 3356475
-0.26533374 0.69396937 2.0944896 3356475
-0.25513428 0.69358325 2.0949535 3356475
-0.24431396 0.69324553 2.0953596 3356475
-0.23510233 0.69396937 2.0944896 3356475
-0.22489612 0.69358325 2.0949535 3356475
-0.21468328 0.69319683 2.0954177 3356475
-0.20548412 0.69392145 2.094547 3356475
-0.194658 0.69358331 2.0949535 3356475
-0.18520857 0.69358331 2.0949535 3356475
-0.17575915 0.69358325 2.0949538 3356475
-0.16441986 0.69358331 2.0949535 3356475
-0.15497045 0.69358331 2.0949535 3356475
-0.14552103 0.69358325 2.0949535 3356475
-0.13418174 0.69358331 2.0949538 3356475
-0.12473232 0.69358331 2.0949538 3356475
-0.11528291 0.69358331 2.0949538 3356475
-0.10394359 0.69358337 2.0949535 3356475
-0.094494171 0.69358331 2.0949535 3356475
-0.085044757 0.69358325 2.0949535 3356475
-0.074800901 0.69319683 2.0954182 3356475
-0.065659896 0.69392163 2.0945473 3356475
-0.054806627 0.69358349 2.094954 3356475
-0.045357209 0.69358343 2.0949538 3356475
-0.03590779 0.69358343 2.0949538 3356475
-0.024568487 0.69358337 2.0949538 3356475
-0.015119069 0.69358331 2.0949538 3356475
-0.0056696511 0.69358331 2.0949538 3356475
0.0056696516 0.69358337 2.0949538 3356475
0.015119071 0.69358343 2.0949538 3356475
0.024568489 0.69358337 2.094954 3356475
0.03590779 0.69358337 2.0949538 3356475
0.045357209 0.69358343 2.094954 3356475
0.054806627 0.69358331 2.094954 3356475
0.065659896 0.69392169 2.0945475 3356475
0.074800909 0.69319695 2.0954185 3356475
0.085044771 0.69358343 2.094954 3356475
0.094494194 0.69358349 2.094954 3356475
0.10394362 0.69358355 2.0949543 3356475
0.11528292 0.69358343 2.0949538 3356475
0.12473234 0.69358349 2.0949538 3356475
0.13418175 0.69358349 2.094954 3356475
0.14552106 0.69358349 2.0949543 3356475
0.15497048 0.69358349 2.0949543 3356475
0.1644199 0.69358355 2.0949543 3356475
0.17575921 0.69358355 2.0949543 3356475
0.18520862 0.69358349 2.0949543 3356475
0.19465804 0.69358355 2.0949543 3356475
0.20548418 0.69392169 2.0945477 3356475
0.21468332 0.69319713 2.0954187 3356474
0.22489619 0.69358355 2.0949543 3356474
0.23510242 0.69396961 2.0944901 3356474
0.24431403 0.69324571 2.0953603 3356474
0.25513434 0.69358361 2.094954 3356474
0.26533383 0.69396961 2.0944903 3356474
0.27455804 0.69324571 2.0953603 3356474
0.2853725 0.69358361 2.0949543 3356474
0.29482192 0.69358355 2.0949543 3356474
0.30427134 0.69358361 2.0949545 3356474
0.31561068 0.69358355 2.0949543 3356474
0.32506004 0.69358355 2.0949543 3356474
0.33450949 0.69358361 2.0949543 3356474
0.34530848 0.69392174 2.0945477 3356474
0.35456577 0.69319713 2.0954187 3356474
0.36474764 0.69358361 2.0949545 3356474
0.37554076 0.69392169 2.0945477 3356474
0.38481066 0.69319713 2.0954187 3356474
0.3949858 0.69358361 2.0949545 3356474
0.40515432 0.69396967 2.0944903 3356218
0.41443664 0.69324583 2.0953603 3356218
0.42522395 0.69358361 2.0949545 3356218
0.43538579 0.69396967 2.0944903 3356218
0.44468066 0.69324583 2.0953608 3356218
0.45546213 0.69358367 2.0949545 3356218
0.46561724 0.69396967 2.0944903 3356218
0.47492462 0.69324577 2.0953603 3356218
0.48513284 0.6939218 2.094548 3290682
0.49444824 0.69319719 2.0954189 3290682
0.50463837 0.69363701 2.0951166 3290682
0.51451707 0.69462818 2.0943053 3356475
0.52427566 0.69512713 2.0950437 3356475
0.53510302 0.69582015 2.095993 3356475
0.54497439 0.69774669 2.0944886 3356475
0.55408067 0.69780046 2.0962558 3356475
0.56583041 0.69829839 2.0977516 3356475
0.57563436 0.69871378 2.0989995 3356475
0.58528036 0.69892699 2.0996399 3618872
0.59475088 0.69892699 2.0996399 3684408
0.6042214 0.69892699 2.0996399 3684408
0.6155861 0.69892699 2.0996399 3684408
0.62505662 0.69892699 2.0996399 3684408
0.63452721 0.69892699 2.0996399 3684408
0.6458919 0.69892699 2.0996399 3684408
0.65536243 0.69892699 2.0996399 3684408
0.66483301 0.69892699 2.0996399 3684408
0.67619771 0.69892699 2.0996399 3684408
0.68566823 0.69892699 2.0996399 3684408
0.69513875 0.69892699 2.0996399 3684408
0.70460933 0.69892699 2.0996399 3684408
0.71407986 0.69892699 2.0996399 3684408
0.72544456 0.69892699 2.0996399 3684408
0.73491508 0.69892699 2.0996399 3684408
0.74438566 0.69892699 2.0996399 3684408
0.75575036 0.69892699 2.0996399 3684408
0.76522088 0.69892699 2.0996399 3684408
0.7746914 0.69892699 2.0996399 3684408
0.7860561 0.69892699 2.0996399 3684408
0.79552662 0.69892699 2.0996399 3684408
0.80499721 0.69892699 2.0996399 3684408
0.81446779 0.69892699 2.0996399 3684408
0.82393831 0.69892699 2.0996399 3684408
0.83530301 0.69892699 2.0996399 3684408
0.84477353 0.69892699 2.0996399 3684408
0.85424405 0.69892699 2.0996399 3684408
0.86560875 0.69892699 2.0996399 3684408
0.87507933 0.69892699 2.0996399 3684408
0.88454986 0.69892699 2.0996399 3684408
0.89591455 0.69892699 2.0996399 3684408
0.90538508 0.69892699 2.0996399 3684408
0.91485566 0.69892699 2.0996399 3684408
0.92432618 0.69892699 2.0996399 3684408
0.9337967 0.69892699 2.0996399 3684408
0.9451614 0.69892699 2.0996399 3684408
0.95463198 0.69892699 2.0996399 3684408
0.96410251 0.69892699 2.0996399 3684408
0.97546721 0.69892699 2.0996399 3684408
0.98493779 0.69892699 2.0996399 3684408
0.99440831 0.69892699 2.0996399 3684408
1.0057729 0.69892699 2.0996399 3684408
1.0152435 0.69892699 2.0996399 3684408
1.0247141 0.69892699 2.0996399 3684408
1.0360788 0.69892699 2.0996399 3684408
1.0455493 0.69892699 2.0996399 3684408
1.0550199 0.69892699 2.0996399 3684408
1.0644904 0.69892699 2.0996399 3684408
1.073961 0.69892699 2.0996399 3684408
1.0853256 0.69892699 2.0996399 3684408
1.0947962 0.69892699 2.0996399 3684408
1.1042668 0.69892699 2.0996399 3684408
1.1156315 0.69892699 2.0996399 3684408
1.1251019 0.69892699 2.0996399 3684408
1.1345725 0.69892699 2.0996399 3684408
1.1459372 0.69892699 2.0996399 3684408
1.1554078 0.69892699 2.0996399 3684408
1.1648782 0.69892699 2.0996399 3684408
1.1743488 0.69892699 2.0996399 3684408
1.1838194 0.69892699 2.0996399 3684408
1.1951841 0.69892699 2.0996399 3684408
1.2046547 0.69892699 2.0996399 3684408
1.2103369 0.69892699 2.0996399 3684408
-1.2038516 0.702214 2.0936334 10197915
-1.194298 0.70268244 2.0927784 10197915
-1.1849626 0.70221275 2.0936296 10197915
-1.1745243 0.70244789 2.0932047 10197915
-1.1640904 0.70268178 2.0927765 10197915
-1.1547461 0.7022143 2.0936341 10197915
-1.145209 0.70268047 2.0927727 10197915
-1.1358595 0.70221454 2.0936348 10197915
-1.1254286 0.70244795 2.0932047 10197915
-1.1150048 0.70268214 2.0927777 10197915
-1.1056373 0.70221263 2.0936291 10197915
-1.0952153 0.70244771 2.0932045 10197915
-1.0847944 0.70267975 2.0927703 10197915
-1.07542 0.70221364 2.0936322 10197915
-1.065002 0.70244741 2.0932035 10197915
-1.0545903 0.70268142 2.0927753 10197915
-1.0451994 0.70221251 2.0936291 10197915
-1.0347888 0.70244735 2.0932033 10197915
-1.024385 0.70268232 2.092778 10197915
-1.0149815 0.70221335 2.0936313 10197915
-1.0055034 0.70268071 2.0927734 10197915
-0.99513531 0.70244646 2.0932009 10197915
-0.9847644 0.70221478 2.0936356 10197915
-0.97529685 0.70268077 2.0927734 10197915
-0.9649229 0.70244688 2.0932019 10197915
-0.95454371 0.70221359 2.0936322 10197915
-0.94509232 0.70268232 2.092778 10197915
-0.93565547 0.70221263 2.0936291 10197915
-0.92526728 0.70244741 2.0932033 10197915
-0.91488457 0.70268154 2.0927758 10197915
-0.90543777 0.70221364 2.0936322 10197915
-0.89505357 0.7024467 2.0932014 10197915
-0.88467789 0.70268166 2.0927758 10197915
-0.87521923 0.70221406 2.0936334 10197915
-0.86484164 0.70244741 2.0932035 10197915
-0.85447013 0.70268071 2.0927734 10197915
-0.84499949 0.70221359 2.093632 10197915
-0.83559304 0.7026825 2.0927787 10197915
-0.82518858 0.70244694 2.0932019 10197915
-0.81477994 0.70221317 2.0936308 10197915
-0.80538464 0.70268106 2.0927742 10197915
-0.79497743 0.70244843 2.0932066 10197915
-0.7845608 0.70221293 2.0936303 10197915
-0.77517855 0.70268154 2.0927758 10197915
-0.76476365 0.70244765 2.0932043 10197915
-0.75434315 0.70221436 2.0936344 10197915
-0.74497026 0.70268005 2.0927711 10197915
-0.73455113 0.70244795 2.0932052 10197915
-0.72412401 0.70221436 2.0936341 10197915
-0.71476513 0.70268154 2.0927756 10197915
-0.70523536 0.70221251 2.0936291 10197915
-0.69588637 0.7026819 2.092777 10197915
-0.68545526 0.70244795 2.0932055 10197915
-0.67501754 0.70221376 2.0936325 10197915
-0.66567898 0.70268118 2.0927749 10197915
-0.65524131 0.70244712 2.0932024 10197915
-0.64479959 0.70221502 2.0936363 10197915
-0.635472 0.70268095 2.0927739 10197915
-0.62502915 0.70244771 2.0932045 10197915
-0.6145786 0.70221293 2.0936298 10197915
-0.60526514 0.70268071 2.0927734 10197915
-0.59481543 0.70244676 2.0932016 10197915
-0.58436096 0.70221454 2.0936348 10197915
-0.57505858 0.70268071 2.0927734 10197915
-0.56460279 0.702447 2.0932024 10197915
-0.55414069 0.70221299 2.0936303 10197915
-0.54485255 0.70268166 2.0927761 10197915
-0.53518569 0.70212328 2.0933628 7043204
-0.52669418 0.70163083 2.092644 4542812
-0.51536697 0.70036978 2.0926321 4674398
-0.50757509 0.70003849 2.0916421 5663098
0.55485898 0.70017886 2.0920615 3356475
0.56463051 0.70059437 2.093303 3356475
0.5757587 0.70223695 2.0925758 3356475
0.58435613 0.7022087 2.0936174 3618616
0.5948146 0.70244581 2.0931988 3684408
0.60526454 0.70267999 2.0927711 3684408
0.61457759 0.70221174 2.0936265 3684408
0.62502736 0.70244581 2.0931988 3684408
0.63547117 0.70267999 2.0927711 3684408
0.64479655 0.70221174 2.0936265 3684408
0.65524024 0.70244581 2.0931988 3684408
0.66567785 0.70267999 2.0927711 3684408
0.67501557 0.70221174 2.0936265 3684408
0.685453 0.70244581 2.0931988 3684408
0.69588441 0.70267999 2.0927711 3684408
0.70523453 0.70221168 2.0936265 3684408
0.71476352 0.70267999 2.0927711 3684408
0.72412139 0.70221168 2.0936265 3684408
0.73454887 0.70244581 2.0931988 3684408
0.7449702 0.70267999 2.0927711 3684408
0.75434035 0.70221174 2.0936265 3684408
0.76476175 0.70244581 2.0931988 3684408
0.77517688 0.70267999 2.0927711 3684408
0.78455937 0.70221174 2.0936265 3684408
0.79497451 0.70244581 2.0931988 3684408
0.8053835 0.70267999 2.0927711 3684408
0.81477833 0.70221174 2.0936265 3684408
0.82518739 0.70244581 2.0931988 3684408
0.83559018 0.70267999 2.0927711 3684408
0.84499729 0.70221168 2.0936265 3684408
0.8544693 0.70267999 2.0927711 3684408
0.86483973 0.70244581 2.0931988 3684408
0.87521631 0.70221174 2.0936265 3684408
0.88467598 0.70267999 2.0927711 3684408
0.89505243 0.70244581 2.0931988 3684408
0.90543526 0.70221174 2.0936265 3684408
0.91488254 0.70267999 2.0927711 3684408
0.92526531 0.70244581 2.0931988 3684408
0.93565428 0.70221174 2.0936265 3684408
0.94508916 0.70267999 2.0927711 3684408
0.95454109 0.70221174 2.0936265 3684408
0.96492153 0.70244581 2.0931988 3684408
0.97529584 0.70267999 2.0927711 3684408
0.98476011 0.70221174 2.0936265 3684408
0.99513435 0.70244581 2.0931988 3684408
1.0055025 0.70267999 2.0927711 3684408
1.014979 0.70221168 2.0936265 3684408
1.0243815 0.70267999 2.0927711 3684408
1.0347868 0.70244581 2.0931988 3684408
1.0451981 0.70221174 2.0936265 3684408
1.0545882 0.70267999 2.0927711 3684408
1.0649996 0.70244581 2.0931988 3684408
1.075417 0.70221174 2.0936265 3684408
1.0847948 0.70267999 2.0927711 3684408
1.0952123 0.70244581 2.0931988 3684408
1.105636 0.70221168 2.0936265 3684408
1.1150016 0.70267999 2.0927711 3684408
1.1254252 0.70244581 2.0931988 3684408
1.135855 0.70221168 2.0936265 3684408
1.1452081 0.70267999 2.0927711 3684408
1.1547419 0.70221174 2.0936265 3684408
1.1640873 0.70267999 2.0927711 3684408
1.174521 0.70244581 2.0931988 3684408
1.1849608 0.70221174 2.0936265 3684408
1.1942939 0.70267999 2.0927711 3684408
1.2038476 0.70221168 2.0936265 3684408
-0.49228504 0.68995935 2.1069598 3488319
-0.48372939 0.68900543 2.1069531 3488062
-0.47517574 0.68805212 2.106946 3422269
-0.46539545 0.68764257 2.1056919 3422525
-0.45455036 0.68695098 2.1047363 3422525
-0.44513813 0.68601388 2.1048675 3422268
-0.43483555 0.68547851 2.1048865 3356732
-0.42459288 0.68504363 2.1052167 3356475
-0.41526306 0.68577498 2.1043377 3356475
-0.4044272 0.68543369 2.104748 3356475
-0.39493361 0.68543369 2.1047482 3356475
-0.38544005 0.68543369 2.1047485 3356475
-0.37459454 0.68509281 2.1051581 3356475
-0.36528546 0.68582344 2.10428 3356475
-0.35506055 0.68543369 2.1047485 3356475
-0.34482887 0.68504363 2.1052172 3356475
-0.33553243 0.6857751 2.1043382 3356475
-0.32468101 0.68543375 2.1047485 3356475
-0.31518742 0.6854338 2.1047482 3356475
-0.30569381 0.68543375 2.1047482 3356475
-0.29430148 0.68543369 2.1047485 3356475
-0.28480792 0.6854338 2.1047485 3356475
-0.27531433 0.6854338 2.1047482 3356475
-0.26444733 0.68509287 2.1051583 3356475
-0.25518426 0.68582344 2.10428 3356474
-0.24493483 0.6854338 2.1047485 3356474
-0.23467866 0.68504369 2.1052172 3356474
-0.22542818 0.68577522 2.1043382 3356474
-0.21455531 0.6854338 2.1047485 3356474
-0.20506169 0.6854338 2.1047485 3356474
-0.1955681 0.68543369 2.1047485 3356474
-0.18417579 0.68543375 2.1047485 3356474
-0.17468221 0.68543386 2.1047485 3356474
-0.16518861 0.6854338 2.1047487 3356474
-0.15491469 0.68504375 2.1052172 3356474
-0.1456975 0.68577516 2.1043384 3356474
-0.13480909 0.6854338 2.1047487 3356474
-0.1253155 0.68543386 2.1047485 3356474
-0.11582191 0.6854338 2.1047487 3356474
-0.10442959 0.68543392 2.1047487 3356474
-0.094935983 0.68543386 2.1047485 3356474
-0.085442387 0.68543392 2.1047487 3356474
-0.074050069 0.68543392 2.1047487 3356474
-0.064556465 0.68543386 2.1047485 3356218
-0.055062871 0.68543386 2.1047487 3356218
-0.045569271 0.68543386 2.1047485 3356218
-0.036075674 0.68543392 2.1047487 3356218
-0.02468336 0.68543398 2.1047487 3356218
-0.015189759 0.68543392 2.1047487 3356218
-0.0056961593 0.68543398 2.1047487 3356218
0.0056961589 0.6854338 2.1047487 3356218
0.015189759 0.68543386 2.1047485 3356218
0.024683358 0.68543392 2.1047487 3290682
0.036075678 0.68543398 2.104749 3290682
0.045569275 0.68543392 2.1047487 3290682
0.055062875 0.68543398 2.104749 3290682
0.064556479 0.68543392 2.1047487 3290682
0.074050069 0.68543398 2.1047487 3290682
0.085442401 0.68543398 2.1047487 3290682
0.094936006 0.68543392 2.104749 3290682
0.1044296 0.68543398 2.1047487 3290682
0.11582193 0.68543398 2.104749 3290682
0.12531552 0.68543404 2.104749 3290682
0.13480911 0.68543404 2.1047487 3290682
0.1456975 0.68577528 2.1043386 3290682
0.15491472 0.68504387 2.1052175 3290682
0.16518863 0.68543398 2.104749 3290682
0.17468224 0.68543404 2.104749 3290682
0.18417586 0.68543398 2.1047492 3290682
0.19556817 0.68543404 2.1047492 3290682
0.20506178 0.68543404 2.104749 3290682
0.21455537 0.68543404 2.104749 3290682
0.22542821 0.68577534 2.1043389 3290682
0.23467873 0.68504387 2.1052179 3290682
0.2449349 0.68543404 2.1047492 3290682
0.25518435 0.68582374 2.1042807 3290682
0.26444742 0.6850931 2.1051588 3290682
0.27531442 0.68543404 2.1047492 3290682
0.28480801 0.68543404 2.104749 3290682
0.29430163 0.68543404 2.1047492 3290682
0.30569395 0.68543404 2.104749 3290682
0.31518754 0.6854341 2.1047492 3290682
0.32468116 0.68543404 2.1047494 3290682
0.33553258 0.6857754 2.1043391 3290682
0.34482905 0.68504393 2.1052182 3290682
0.3550607 0.68543404 2.1047492 3290682
0.36528561 0.68582374 2.1042809 3290682
0.37459466 0.68509305 2.105159 3290682
0.38544023 0.68543404 2.1047494 3290682
0.39493382 0.6854341 2.1047492 3290682
0.40442741 0.6854341 2.1047494 3290682
0.4152633 0.6857754 2.1043391 3290682
0.42459306 0.68504393 2.1052182 3290682
0.43480694 0.68543404 2.1047492 3290682
0.4456369 0.6857754 2.1043391 3290682
0.45497942 0.68504411 2.1052182 3290682
0.46518654 0.6854341 2.1047494 3290682
0.47538978 0.68582779 2.1042933 3290682
0.48484781 0.68524182 2.105618 3290682
0.4953779 0.68707323 2.1039484 3290683
0.50515616 0.68746579 2.1051507 3356476
0.51495928 0.68787628 2.1064076 3356476
0.52393103 0.68864852 2.1068316 3356475
0.53206426 0.68978298 2.1064215 3356475
-1.213225 0.69498986 2.1068497 10197915
-1.2045768 0.69538575 2.1061308 10197915
-1.1940693 0.69562089 2.1056919 10197915
-1.1846802 0.69514793 2.1065612 10197915
-1.1750734 0.69562078 2.1056914 10197915
-1.1656792 0.69514936 2.1065655 10197915
-1.1551753 0.69538432 2.1061265 10197915
-1.1446822 0.69562197 2.1056952 10197915
-1.1352712 0.69514811 2.1065617 10197915
-1.1247782 0.69538587 2.1061308 10197915
-1.1142862 0.69562024 2.1056902 10197915
-1.1048665 0.69514865 2.1065633 10197915
-1.0952908 0.69562042 2.1056905 10197915
-1.085861 0.6951474 2.1065595 10197915
-1.0753764 0.69538403 2.1061254 10197915
-1.0649004 0.69562221 2.1056957 10197915
-1.0554541 0.69514662 2.1065574 10197915
-1.0449777 0.6953845 2.1061268 10197915
-1.0345057 0.69562119 2.1056926 10197915
-1.02505 0.69514763 2.1065602 10197915
-1.0155079 0.69561988 2.1056888 10197915
-1.0050811 0.69538492 2.1061285 10197915
-0.99464542 0.69514835 2.1065624 10197915
-0.98511708 0.69562137 2.1056933 10197915
-0.97563952 0.69514674 2.1065574 10197915
-0.96517873 0.69538403 2.1061258 10197915
-0.95472497 0.69562215 2.1056957 10197915
-0.94523507 0.69514763 2.1065602 10197915
-0.93477923 0.69538409 2.1061256 10197915
-0.92432946 0.69562042 2.1056905 10197915
-0.91483068 0.69514859 2.1065631 10197915
-0.90533417 0.69562072 2.1056914 10197915
-0.89488244 0.69538444 2.1061265 10197915
-0.88442391 0.69514769 2.1065605 10197915
-0.87494314 0.69562232 2.1056962 10197915
-0.86541891 0.6951465 2.1065569 10197915
-0.85498136 0.6953845 2.1061265 10197915
-0.84454858 0.69562125 2.1056931 10197915
-0.83501577 0.69514859 2.1065631 10197915
-0.82555181 0.6956203 2.1056902 10197915
-0.81508476 0.69538504 2.1061285 10197915
-0.80460978 0.69514835 2.1065626 10197915
-0.79516006 0.69562155 2.1056938 10197915
-0.78468442 0.6953842 2.1061261 10197915
-0.7742036 0.69514787 2.1065612 10197915
-0.76476753 0.69562215 2.1056955 10197915
-0.75519997 0.69514787 2.1065609 10197915
-0.74577075 0.69562113 2.1056926 10197915
-0.7352857 0.69538456 2.106127 10197915
-0.72479606 0.69514954 2.1065662 10197915
-0.71537721 0.69562072 2.1056914 10197915
-0.70488626 0.6953845 2.1061265 10197915
-0.69438869 0.69514787 2.1065612 10197915
-0.68498552 0.69562232 2.1056962 10197915
-0.67538512 0.69514781 2.1065609 10197915
-0.66598952 0.69562197 2.105695 10197915
-0.65548772 0.69538492 2.1061285 10197915
-0.64498013 0.69514859 2.1065631 10197915
-0.63559473 0.69562018 2.1056895 10197915
-0.62508869 0.69538546 2.1061296 10197915
-0.61457312 0.69514716 2.106559 10197915
-0.60520232 0.69562101 2.1056921 10197915
-0.5946883 0.69538444 2.1061265 10197915
-0.58416808 0.69514781 2.1065609 10197915
-0.57480812 0.6956197 2.1056883 10197915
-0.56516469 0.69514799 2.1065612 10197915
-0.55581349 0.69562107 2.1056924 10197915
-0.54528928 0.69538444 2.1061265 10197915
-0.53468049 0.69504547 2.1062508 7372942
-0.52505016 0.69513023 2.1042066 4674399
-0.51473308 0.69327325 2.1054924 4872036
-0.5053674 0.69254005 2.1049159 4674656
-0.49541444 0.69186974 2.1041038 4674400
-0.48537654 0.69204044 2.1017351 3817800
-0.47756556 0.69171166 2.1007366 3422269
0.5172264 0.69152975 2.1001842 3356476
0.52505547 0.69185925 2.1011848 3356475
0.53588659 0.69152445 2.1040165 3356475
0.54524088 0.6915223 2.1059372 3356475
0.55515182 0.693461 2.1044185 3356475
0.56461442 0.6944707 2.1045089 3356475
0.57459813 0.69536495 2.104917 3356475
0.58416229 0.69514102 2.1065402 3618616
0.59468681 0.69538265 2.1061211 3684408
0.60520107 0.69561958 2.1056876 3684408
0.61457187 0.69514573 2.1065545 3684408
0.62508613 0.69538265 2.1061211 3684408
0.63559413 0.69561958 2.1056876 3684408
0.64497745 0.69514573 2.1065545 3684408
0.65548545 0.6953826 2.1061211 3684408
0.66598719 0.69561958 2.1056876 3684408
0.67538297 0.69514573 2.1065545 3684408
0.6849829 0.69561946 2.1056876 3684408
0.69438654 0.69514573 2.1065545 3684408
0.70488429 0.6953826 2.1061211 3684408
0.71537596 0.69561946 2.1056876 3684408
0.72479212 0.69514573 2.1065545 3684408
0.73528367 0.69538265 2.1061211 3684408
0.74576902 0.69561946 2.1056876 3684408
0.75519764 0.69514573 2.1065545 3684408
0.76476467 0.69561946 2.1056876 3684408
0.7742011 0.69514573 2.1065545 3684408
0.78468257 0.69538265 2.1061211 3684408
0.79515779 0.69561946 2.1056876 3684408
0.80460674 0.69514573 2.1065545 3684408
0.81508189 0.69538265 2.1061211 3684408
0.82555085 0.69561946 2.1056876 3684408
0.83501232 0.69514573 2.1065545 3684408
0.8445465 0.69561958 2.1056876 3684408
0.8549791 0.69538265 2.1061211 3684408
0.86541784 0.69514573 2.1065545 3684408
0.87493956 0.69561958 2.1056876 3684408
0.88442135 0.69514573 2.1065545 3684408
0.89488012 0.6953826 2.1061211 3684408
0.90533268 0.69561946 2.1056876 3684408
0.91482699 0.69514573 2.1065545 3684408
0.92432833 0.69561958 2.1056876 3684408
0.93477732 0.69538265 2.1061211 3684408
0.94523251 0.69514573 2.1065545 3684408
0.95472133 0.69561946 2.1056876 3684408
0.96517664 0.6953826 2.1061211 3684408
0.97563809 0.69514573 2.1065545 3684408
0.98511446 0.69561958 2.1056876 3684408
0.9946416 0.69514573 2.1065545 3684408
1.0050776 0.6953826 2.1061211 3684408
1.0155075 0.69561946 2.1056876 3684408
1.0250471 0.69514573 2.1065545 3684408
1.0345032 0.69561946 2.1056876 3684408
1.0449749 0.6953826 2.1061211 3684408
1.0554527 0.69514573 2.1065545 3684408
1.0648962 0.69561958 2.1056876 3684408
1.0753742 0.69538265 2.1061211 3684408
1.0858583 0.69514573 2.1065545 3684408
1.0952895 0.69561958 2.1056876 3684408
1.1048619 0.69514573 2.1065545 3684408
1.1142851 0.69561946 2.1056876 3684408
1.124773 0.6953826 2.1061211 3684408
1.1352674 0.69514573 2.1065545 3684408
1.1446781 0.69561946 2.1056876 3684408
1.1551723 0.6953826 2.1061211 3684408
1.165673 0.69514573 2.1065545 3684408
1.175071 0.69561958 2.1056876 3684408
1.1846764 0.69514573 2.1065545 3684408
1.1940668 0.69561958 2.1056876 3684408
1.2045714 0.69538265 2.1061211 3684408
1.2132214 0.69498777 2.1068432 3684408
-0.45510685 0.67883551 2.1197057 3422525
-0.44527939 0.67842907 2.1184366 3422525
-0.43546289 0.67802298 2.1171687 3422525
-0.42421639 0.67797947 2.1150582 3422525
-0.41459203 0.67698884 2.1154423 3356732
-0.40514523 0.67760104 2.1141624 3356475
-0.39488116 0.67720771 2.1146352 3356474
-0.38461041 0.6768139 2.1151085 3290682
-0.37525353 0.67755216 2.1142211 3290682
-0.36490637 0.67686349 2.1150489 3290682
-0.35555771 0.67760104 2.1141622 3290682
-0.34528252 0.67720771 2.1146352 3290682
-0.33437821 0.67686349 2.1150489 3290682
-0.32504231 0.67760104 2.1141624 3290682
-0.31476033 0.67720771 2.1146352 3290682
-0.30522215 0.67720771 2.1146352 3290682
-0.29568398 0.67720771 2.1146355 3290682
-0.28476995 0.67686355 2.1150489 3290682
-0.27545485 0.67760116 2.1141627 3290682
-0.26516178 0.67720777 2.1146352 3290682
-0.25486195 0.67681402 2.1151085 3290682
-0.24555954 0.67755234 2.1142211 3290682
-0.23463957 0.67720771 2.1146355 3290682
-0.22510135 0.67720771 2.1146355 3290682
-0.21556316 0.67720771 2.1146355 3290682
-0.20463344 0.67686355 2.1150491 3290682
-0.19535193 0.67760116 2.1141627 3290682
-0.18504095 0.67720771 2.1146352 3290682
-0.17472319 0.67681396 2.1151087 3290682
-0.16545442 0.67755228 2.1142211 3290682
-0.15451877 0.67720771 2.1146355 3290682
-0.14498053 0.67720777 2.1146355 3290682
-0.13544236 0.67720777 2.1146357 3290682
-0.12449694 0.67686355 2.1150494 3290682
-0.11524902 0.67760116 2.1141627 3290682
-0.10492012 0.67720771 2.1146355 3290682
-0.095381938 0.67720771 2.1146355 3290682
-0.085843742 0.67720771 2.1146355 3290682
-0.074397914 0.67720777 2.1146355 3290682
-0.064859726 0.67720777 2.1146357 3290682
-0.05532153 0.67720783 2.1146355 3290682
-0.044360444 0.67686367 2.1150491 3290682
-0.035146106 0.67760122 2.1141629 3290682
-0.024799308 0.67720777 2.1146355 3290682
-0.015261111 0.67720777 2.1146355 3290682
-0.0057229167 0.67720783 2.1146357 3290682
0.0057229167 0.67720783 2.1146355 3290682
0.015261111 0.67720789 2.1146357 3290682
0.024799304 0.67720771 2.1146357 3290682
0.035146106 0.67760122 2.1141627 3290682
0.044360444 0.67686367 2.1150491 3290682
0.055321533 0.67720783 2.1146357 3290682
0.064859726 0.67720789 2.1146357 3290681
0.074397922 0.67720789 2.1146357 3290681
0.085843764 0.67720783 2.1146359 3290681
0.095381953 0.67720789 2.1146357 3290681
0.10492015 0.67720783 2.1146357 3290681
0.11524904 0.67760122 2.1141629 3290681
0.12449697 0.67686361 2.1150494 3290681
0.13544238 0.67720783 2.1146359 3290681
0.14498058 0.67720789 2.1146357 3290681
0.15451875 0.67720789 2.1146357 3290681
0.16545445 0.67755246 2.1142218 3290681
0.17472324 0.67681414 2.1151092 3290681
0.185041 0.67720783 2.1146359 3290681
0.19535196 0.67760128 2.1141632 3290681
0.20463349 0.67686379 2.1150498 3290681
0.21556324 0.67720795 2.1146359 3290681
0.22510141 0.67720795 2.1146359 3290681
0.23463961 0.67720789 2.1146359 3290681
0.24555962 0.67755246 2.1142216 3290681
0.25486201 0.67681414 2.115109 3290681
0.26516184 0.67720795 2.1146359 3290681
0.27545494 0.67760128 2.1141629 3290681
0.28477004 0.67686379 2.1150496 3290681
0.2956841 0.67720795 2.1146359 3290681
0.3052223 0.67720795 2.1146359 3290681
0.31476054 0.67720795 2.1146359 3290681
0.32504249 0.67760134 2.1141632 3290681
0.33437833 0.67686379 2.1150496 3290681
0.34528273 0.67720795 2.1146362 3290681
0.35555786 0.67760128 2.1141632 3290681
0.36490655 0.67686379 2.1150498 3290681
0.37525371 0.67755258 2.114222 3290681
0.38461056 0.6768142 2.1151092 3290681
0.39488137 0.67720807 2.1146362 3290681
0.40514544 0.67760134 2.1141636 3290681
0.41451493 0.67686385 2.1150498 3290681
0.42540365 0.67720813 2.1146364 3290681
0.43566084 0.6776014 2.1141636 3290681
0.44504312 0.67686391 2.1150498 3290681
0.45538312 0.6775884 2.1143348 3290681
0.46435237 0.67744416 2.1153762 3290682
0.47545591 0.67785794 2.1166532 3356476
0.48529398 0.67826486 2.1179237 3356476
0.49514464 0.67867231 2.1191962 3356476
-1.2203555 0.68943405 2.1170197 10197915
-1.214627 0.68943459 2.1170213 10197915
-1.2050778 0.68943435 2.1170206 10197915
-1.1955259 0.68943262 2.1170154 10197915
-1.1859798 0.68943435 2.1170208 10197915
-1.1745214 0.68943459 2.1170213 10197915
-1.1649722 0.68943435 2.1170206 10197915
-1.1554211 0.6894331 2.1170168 10197915
-1.1439635 0.68943375 2.1170187 10197915
-1.1344171 0.68943524 2.1170235 10197915
-1.1248652 0.68943352 2.117018 10197915
-1.1153169 0.68943393 2.1170192 10197915
-1.1057673 0.68943352 2.117018 10197915
-1.0943078 0.68943304 2.1170166 10197915
-1.08476 0.68943363 2.1170185 10197915
-1.0752114 0.68943399 2.1170194 10197915
-1.065662 0.68943369 2.1170187 10197915
-1.0561117 0.6894328 2.1170158 10197915
-1.0446534 0.68943304 2.1170166 10197915
-1.0351076 0.68943512 2.117023 10197915
-1.0255551 0.6894328 2.1170158 10197915
-1.0140973 0.6894334 2.1170177 10197915
-1.0045469 0.68943232 2.1170144 10197915
-0.99500084 0.68943435 2.1170206 10197915
-0.98544991 0.68943298 2.1170163 10197915
-0.97590131 0.68943328 2.117017 10197915
-0.96444339 0.68943381 2.1170189 10197915
-0.95489556 0.68943453 2.1170213 10197915
-0.94534349 0.68943238 2.1170144 10197915
-0.93388695 0.68943387 2.1170192 10197915
-0.92433858 0.68943441 2.1170206 10197915
-0.91478914 0.68943399 2.1170194 10197915
-0.90523714 0.68943167 2.1170125 10197915
-0.89569092 0.68943375 2.1170187 10197915
-0.88423294 0.68943429 2.1170206 10197915
-0.87468284 0.6894334 2.1170177 10197915
-0.86513352 0.68943316 2.1170168 10197915
-0.85558558 0.68943393 2.1170192 10197915
-0.84603691 0.68943411 2.1170199 10197915
-0.8345769 0.6894331 2.1170168 10197915
-0.82502854 0.68943357 2.1170182 10197915
-0.81547934 0.68943334 2.1170175 10197915
-0.80402213 0.68943471 2.1170218 10197915
-0.79447174 0.68943346 2.1170177 10197915
-0.78492308 0.68943357 2.1170185 10197915
-0.7753731 0.68943274 2.1170158 10197915
-0.76582617 0.68943453 2.1170213 10197915
-0.75436562 0.6894328 2.1170158 10197915
-0.74481815 0.68943423 2.1170201 10197915
-0.73526907 0.68943411 2.1170199 10197915
-0.72572076 0.68943477 2.1170218 10197915
-0.7161696 0.68943262 2.1170151 10197915
-0.70471233 0.68943405 2.1170197 10197915
-0.69516385 0.68943453 2.1170211 10197915
-0.68561459 0.68943411 2.1170199 10197915
-0.67415494 0.68943328 2.117017 10197915
-0.66460699 0.68943429 2.1170204 10197915
-0.65505838 0.68943459 2.1170216 10197915
-0.64550841 0.68943352 2.1170182 10197915
-0.63595939 0.6894334 2.1170177 10197915
-0.62450093 0.68943363 2.1170185 10197915
-0.61495006 0.68943155 2.117012 10197915
-0.60540307 0.68943375 2.1170189 10197915
-0.59394455 0.68943405 2.1170194 10197915
-0.58439481 0.6894331 2.1170168 10197915
-0.57484537 0.68943256 2.1170151 10197915
-0.56529737 0.68943357 2.1170182 10197915
-0.55574858 0.68943381 2.1170189 10197915
-0.54428941 0.68943328 2.1170175 10197915
-0.53467822 0.68935275 2.11677 6846340
-0.52410769 0.68830878 2.1165001 5201517
-0.51444179 0.68706691 2.1167932 4872036
-0.50476998 0.68714219 2.1146741 4542555
-0.49421242 0.68566346 2.1152179 4279125
-0.48586527 0.68491548 2.1148775 3422269
-0.47524199 0.68327671 2.1157007 3422269
-0.46434087 0.68258375 2.1147358 3422525
-0.45472854 0.68266344 2.1126213 3422525
-0.44432846 0.68079418 2.1139123 3422525
-0.43453348 0.68038762 2.1126499 3422525
-0.42866209 0.68014389 2.1118932 3422525
0.47443858 0.68021828 2.1121244 3290682
0.48425496 0.6806258 2.1133895 3356476
0.49444637 0.68200701 2.1129489 3356476
0.50535262 0.68269986 2.1139147 3356476
0.51519585 0.68310916 2.1151822 3356476
0.5253728 0.68404526 2.1155534 3356475
0.53461957 0.68591291 2.1140289 3356475
0.54453564 0.68648767 2.1150084 3356475
0.55456525 0.68738478 2.1154208 3356475
0.56429195 0.68731165 2.1175473 3356475
0.57463664 0.68918139 2.1162441 3356475
0.5843935 0.68943155 2.117012 3684408
0.59394246 0.68943149 2.117012 3684408
0.6054011 0.68943149 2.117012 3684408
0.61495006 0.68943155 2.117012 3684408
0.6244989 0.68943149 2.117012 3684408
0.63595766 0.68943149 2.117012 3684408
0.64550656 0.68943155 2.117012 3684408
0.65505546 0.68943149 2.117012 3684408
0.66460437 0.68943155 2.117012 3684408
0.67415333 0.68943149 2.117012 3684408
0.68561202 0.68943149 2.117012 3684408
0.69516087 0.68943155 2.117012 3684408
0.70470983 0.68943149 2.117012 3684408
0.71616846 0.68943149 2.117012 3684408
0.72571743 0.68943155 2.117012 3684408
0.73526639 0.68943149 2.117012 3684408
0.74481523 0.68943155 2.117012 3684408
0.75436419 0.68943149 2.117012 3684408
0.76582289 0.68943149 2.117012 3684408
0.77537179 0.68943155 2.117012 3684408
0.78492069 0.68943149 2.117012 3684408
0.79446959 0.68943155 2.117012 3684408
0.8040185 0.68943149 2.117012 3684408
0.81547719 0.68943149 2.117012 3684408
0.82502615 0.68943155 2.117012 3684408
0.834575 0.68943149 2.117012 3684408
0.84603375 0.68943149 2.117012 3684408
0.85558265 0.68943155 2.117012 3684408
0.86513156 0.68943149 2.117012 3684408
0.87468046 0.68943155 2.117012 3684408
0.88422936 0.68943149 2.117012 3684408
0.89568806 0.68943149 2.117012 3684408
0.90523696 0.68943155 2.117012 3684408
0.91478586 0.68943149 2.117012 3684408
0.92433482 0.68943155 2.117012 3684408
0.93388373 0.68943149 2.117012 3684408
0.94534236 0.68943149 2.117012 3684408
0.95489132 0.68943155 2.117012 3684408
0.96444029 0.68943149 2.117012 3684408
0.97589898 0.68943149 2.117012 3684408
0.98544788 0.68943155 2.117012 3684408
0.99499679 0.68943149 2.117012 3684408
1.0045457 0.68943155 2.117012 3684408
1.0140947 0.68943149 2.117012 3684408
1.0255532 0.68943149 2.117012 3684408
1.0351021 0.68943155 2.117012 3684408
1.0446512 0.68943149 2.117012 3684408
1.0561098 0.68943149 2.117012 3684408
1.0656588 0.68943155 2.117012 3684408
1.0752077 0.68943149 2.117012 3684408
1.0847566 0.68943155 2.117012 3684408
1.0943055 0.68943149 2.117012 3684408
1.1057642 0.68943149 2.117012 3684408
1.1153131 0.68943155 2.117012 3684408
1.1248621 0.68943149 2.117012 3684408
1.1344109 0.68943155 2.117012 3684408
1.1439599 0.68943149 2.117012 3684408
1.1554185 0.68943149 2.117012 3684408
1.1649675 0.68943155 2.117012 3684408
1.1745163 0.68943149 2.117012 3684408
1.1859751 0.68943149 2.117012 3684408
1.195524 0.68943155 2.117012 3684408
1.2050729 0.68943149 2.117012 3684408
1.2146218 0.68943155 2.117012 3684408
1.2203511 0.68943155 2.117012 3684408
-1.2140235 0.69182181 2.1126473 10197915
-1.2044952 0.69182241 2.1126492 10197915
-1.1949639 0.69182128 2.1126456 10197915
-1.1854379 0.69182307 2.1126511 10197915
-1.1759065 0.69182181 2.1126473 10197915
-1.1644722 0.69182229 2.1126487 10197915
-1.1549406 0.69182086 2.1126442 10197915
-1.145414 0.69182247 2.1126492 10197915
-1.1339794 0.69182283 2.1126502 10197915
-1.124449 0.69182193 2.1126478 10197915
-1.1149193 0.69182175 2.1126471 10197915
-1.1053903 0.69182181 2.1126475 10197915
-1.0958586 0.69182032 2.1126425 10197915
-1.0844256 0.69182158 2.1126466 10197915
-1.0748974 0.69182229 2.1126487 10197915
-1.0653675 0.69182181 2.1126473 10197915
-1.0539304 0.69182044 2.1126432 10197915
-1.0444026 0.69182146 2.1126461 10197915
-1.0348748 0.69182235 2.112649 10197915
-1.0253452 0.69182211 2.1126482 10197915
-1.0158135 0.69182044 2.112643 10197915
-1.0043796 0.69182128 2.1126454 10197915
-0.99485296 0.69182301 2.1126509 10197915
-0.98532152 0.69182152 2.1126463 10197915
-0.97388583 0.69182104 2.1126449 10197915
-0.96435624 0.6918208 2.1126442 10197915
-0.95482999 0.69182283 2.1126506 10197915
-0.94529808 0.69182098 2.1126447 10197915
-0.93576884 0.69182104 2.1126449 10197915
-0.924335 0.69182187 2.1126475 10197915
-0.91480666 0.69182253 2.1126494 10197915
-0.90527457 0.69182032 2.112643 10197915
-0.89384174 0.69182205 2.1126478 10197915
-0.88431287 0.69182235 2.112649 10197915
-0.87478399 0.69182259 2.1126497 10197915
-0.86525112 0.69181973 2.1126409 10197915
-0.85572481 0.69182205 2.112648 10197915
-0.84429067 0.69182277 2.1126502 10197915
-0.83476055 0.69182211 2.1126482 10197915
-0.82522982 0.69182086 2.1126444 10197915
-0.81570137 0.69182152 2.1126463 10197915
-0.80617362 0.69182277 2.1126502 10197915
-0.79473716 0.69182158 2.1126466 10197915
-0.78520763 0.69182122 2.1126456 10197915
-0.77567846 0.69182134 2.1126459 10197915
-0.76424557 0.6918233 2.1126518 10197915
-0.75471389 0.69182104 2.1126449 10197915
-0.74518514 0.69182152 2.1126463 10197915
-0.73565543 0.69182104 2.1126449 10197915
-0.72612858 0.6918233 2.1126518 10197915
-0.71469063 0.69182044 2.1126432 10197915
-0.70516348 0.69182253 2.1126494 10197915
-0.69563359 0.69182187 2.1126475 10197915
-0.68419927 0.69182271 2.1126499 10197915
-0.67466736 0.69181991 2.1126416 10197915
-0.66514021 0.69182205 2.1126478 10197915
-0.65561134 0.69182241 2.1126492 10197915
-0.6460824 0.69182271 2.1126499 10197915
-0.6346457 0.69182092 2.1126449 10197915
-0.62511748 0.69182211 2.112648 10197915
-0.61558676 0.69182044 2.112643 10197915
-0.60415274 0.69182158 2.1126463 10197915
-0.59462321 0.69182122 2.1126456 10197915
-0.58509445 0.69182181 2.1126471 10197915
-0.57556438 0.69182074 2.112644 10197915
-0.56603581 0.69182158 2.1126463 10197915
-0.55460107 0.69182187 2.1126475 10197915
-0.5450716 0.69182169 2.1126468 10197915
-0.53547448 0.69173336 2.1123772 7635084
-0.52566171 0.69135916 2.1112347 4608605
-0.51976174 0.69111174 2.1104789 3883593
0.56551653 0.69118613 2.1107061 3356475
0.5753808 0.69159985 2.1119695 3356475
0.58509368 0.6918208 2.1126442 3618872
0.59462285 0.6918208 2.1126442 3684408
0.60415202 0.6918208 2.1126442 3684408
0.61558706 0.6918208 2.1126442 3684408
0.62511635 0.6918208 2.1126442 3684408
0.63464552 0.6918208 2.1126442 3684408
0.64608055 0.6918208 2.1126442 3684408
0.65560979 0.6918208 2.1126442 3684408
0.66513902 0.6918208 2.1126442 3684408
0.67466819 0.6918208 2.1126442 3684408
0.68419743 0.6918208 2.1126442 3684408
0.69563246 0.6918208 2.1126442 3684408
0.70516169 0.6918208 2.1126442 3684408
0.71469092 0.6918208 2.1126442 3684408
0.72612596 0.6918208 2.1126442 3684408
0.73565519 0.6918208 2.1126442 3684408
0.74518442 0.6918208 2.1126442 3684408
0.75471359 0.6918208 2.1126442 3684408
0.76424283 0.6918208 2.1126442 3684408
0.77567786 0.6918208 2.1126442 3684408
0.78520703 0.6918208 2.1126442 3684408
0.79473621 0.6918208 2.1126442 3684408
0.80617136 0.6918208 2.1126442 3684408
0.81570053 0.6918208 2.1126442 3684408
0.82522982 0.6918208 2.1126442 3684408
0.834759 0.6918208 2.1126442 3684408
0.84428817 0.6918208 2.1126442 3684408
0.8557232 0.6918208 2.1126442 3684408
0.86525249 0.6918208 2.1126442 3684408
0.87478161 0.6918208 2.1126442 3684408
0.88431084 0.6918208 2.1126442 3684408
0.89384013 0.6918208 2.1126442 3684408
0.90527511 0.6918208 2.1126442 3684408
0.91480434 0.6918208 2.1126442 3684408
0.92433357 0.6918208 2.1126442 3684408
0.9357686 0.6918208 2.1126442 3684408
0.94529784 0.6918208 2.1126442 3684408
0.95482707 0.6918208 2.1126442 3684408
0.9643563 0.6918208 2.1126442 3684408
0.97388548 0.6918208 2.1126442 3684408
0.98532051 0.6918208 2.1126442 3684408
0.99484974 0.6918208 2.1126442 3684408
1.0043789 0.6918208 2.1126442 3684408
1.0158139 0.6918208 2.1126442 3684408
1.0253432 0.6918208 2.1126442 3684408
1.0348724 0.6918208 2.1126442 3684408
1.0444016 0.6918208 2.1126442 3684408
1.0539309 0.6918208 2.1126442 3684408
1.0653659 0.6918208 2.1126442 3684408
1.0748951 0.6918208 2.1126442 3684408
1.0844244 0.6918208 2.1126442 3684408
1.0958594 0.6918208 2.1126442 3684408
1.1053886 0.6918208 2.1126442 3684408
1.1149178 0.6918208 2.1126442 3684408
1.1244471 0.6918208 2.1126442 3684408
1.1339762 0.6918208 2.1126442 3684408
1.1454113 0.6918208 2.1126442 3684408
1.1549405 0.6918208 2.1126442 3684408
1.1644697 0.6918208 2.1126442 3684408
1.1759048 0.6918208 2.1126442 3684408
1.185434 0.6918208 2.1126442 3684408
1.1949632 0.6918208 2.1126442 3684408
1.2044923 0.6918208 2.1126442 3684408
1.2140216 0.6918208 2.1126442 3684408
-0.41460872 0.66989982 2.1277657 3422525
-0.40476832 0.66949725 2.126487 3422526
-0.39456582 0.66826731 2.1266484 3422526
-0.38559723 0.66759896 2.1265566 3422269
-0.37486455 0.66723573 2.1266208 3356732
-0.36554086 0.6677928 2.1259511 3290682
-0.35485747 0.66751426 2.1262856 3290681
-0.34526673 0.6675142 2.1262856 3290681
-0.33567598 0.66751415 2.1262856 3290681
-0.3241671 0.66751426 2.1262858 3290681
-0.31457642 0.66751426 2.1262858 3290681
-0.30498561 0.66751415 2.126286 3290681
-0.2953949 0.6675142 2.1262858 3290681
-0.28580412 0.66751415 2.1262858 3290681
-0.27429524 0.66751426 2.1262858 3290681
-0.26470453 0.66751426 2.1262858 3290681
-0.25511381 0.66751426 2.1262858 3290681
-0.24552304 0.66751426 2.1262858 3290681
-0.23593231 0.66751426 2.1262858 3290681
-0.22442341 0.66751426 2.1262858 3290681
-0.21483266 0.6675142 2.126286 3290681
-0.20524192 0.66751426 2.1262858 3290681
-0.1945302 0.66723573 2.1266208 3290425
-0.18526328 0.66779274 2.1259513 3290425
-0.17455155 0.66751432 2.1262863 3290425
-0.16496079 0.66751432 2.126286 3290425
-0.15537006 0.66751432 2.1262863 3290425
-0.14465047 0.66723579 2.1266208 3290425
-0.13539927 0.6677928 2.1259513 3290425
-0.12467968 0.66751426 2.1262858 3290425
-0.11508894 0.66751432 2.126286 3290425
-0.10549819 0.66751432 2.1262863 3290425
-0.093989305 0.66751432 2.1262863 3290425
-0.084398553 0.66751432 2.1262863 3290425
-0.074807815 0.66751432 2.1262863 3290425
-0.065217063 0.66751432 2.1262863 3290425
-0.055626318 0.66751432 2.1262863 3290425
-0.044117425 0.66751432 2.1262863 3290425
-0.034526683 0.66751432 2.1262863 3290425
-0.024935938 0.66751432 2.1262865 3290425
-0.015345193 0.66751432 2.1262863 3290425
-0.0057544471 0.66751432 2.1262863 3290425
0.0057544471 0.66751432 2.1262863 3290425
0.015345193 0.66751432 2.126286 3290425
0.024935938 0.66751438 2.1262863 3290425
0.034526687 0.66751444 2.1262865 3290425
0.044117432 0.6675145 2.1262865 3290425
0.055626322 0.66751432 2.1262863 3290425
0.065217063 0.66751432 2.1262863 3290425
0.074807815 0.66751432 2.1262865 3290425
0.08439856 0.66751432 2.1262863 3290425
0.093989313 0.66751438 2.1262865 3290425
0.10549822 0.6675145 2.1262865 3290425
0.11508895 0.66751438 2.1262865 3290425
0.12467969 0.66751438 2.1262865 3290425
0.13539928 0.66779298 2.1259518 3290425
0.14465049 0.66723591 2.1266212 3290425
0.1553701 0.6675145 2.1262865 3290425
0.16496083 0.66751444 2.1262865 3290425
0.17455159 0.6675145 2.1262865 3290425
0.18526334 0.66779292 2.1259515 3290425
0.19453025 0.66723591 2.1266212 3290425
0.20524196 0.6675145 2.1262865 3290425
0.21483271 0.66751444 2.1262865 3290425
0.22442345 0.66751438 2.1262865 3290425
0.23593235 0.6675145 2.1262865 3290424
0.24552312 0.66751444 2.1262865 3290424
0.25511387 0.6675145 2.1262867 3290424
0.26470461 0.66751444 2.1262865 3290424
0.27429536 0.6675145 2.1262865 3290424
0.28580427 0.6675145 2.1262865 3290424
0.29539499 0.66751444 2.1262865 3290424
0.30498576 0.6675145 2.1262867 3290424
0.31457651 0.66751456 2.1262867 3224888
0.32416728 0.66751456 2.1262867 3224888
0.33567616 0.6675145 2.1262865 3224888
0.34526688 0.66751444 2.1262865 3224888
0.35485765 0.6675145 2.1262865 3224888
0.36554098 0.66779298 2.1259518 3224888
0.37486473 0.66723597 2.1266217 3224888
0.38554808 0.66751456 2.1262867 3224888
0.39513883 0.66751456 2.126287 3224888
0.40472952 0.66751456 2.1262867 3224888
0.41540504 0.6677931 2.125952 3224888
0.42475682 0.66725528 2.126683 3224888
0.43558136 0.66776067 2.1270726 3290682
0.44494939 0.66934156 2.1259928 3356475
0.45481324 0.66974521 2.1272745 3356475
-0.4956001 0.67808819 2.1293688 4344661
-0.48445621 0.67823392 2.1268191 3619906
-0.475308 0.67846143 2.1245284 3422269
-0.46509558 0.67752033 2.1241591 3422525
-0.45460132 0.67518544 2.1262834 3422525
-0.44474289 0.67477989 2.1250062 3422525
-0.43489709 0.67437488 2.1237307 3422525
-0.4251653 0.67195147 2.126173 3422525
-0.41568506 0.67237443 2.1234567 3422525
-0.40586308 0.67197108 2.1221828 3422526
-0.39613011 0.67169881 2.1213229 3422269
-0.38463926 0.67168349 2.1212747 3356475
-0.37507111 0.67168349 2.1212747 3290682
-0.36550295 0.67168349 2.1212747 3290682
-0.35402122 0.67168349 2.1212747 3290682
-0.34445304 0.67168349 2.1212747 3290682
-0.33488497 0.67168355 2.1212749 3290682
-0.32531679 0.67168349 2.1212747 3290682
-0.31574866 0.67168349 2.1212747 3290682
-0.30426684 0.67168349 2.1212747 3290682
-0.29469872 0.67168349 2.1212747 3290682
-0.28513059 0.67168349 2.1212747 3290682
-0.27556247 0.67168349 2.1212747 3290682
-0.26599434 0.67168355 2.1212749 3290682
-0.25451258 0.67168355 2.1212749 3290682
-0.24494442 0.67168355 2.1212749 3290682
-0.23537628 0.67168355 2.1212749 3290682
-0.22389452 0.67168355 2.1212749 3290682
-0.21432638 0.67168355 2.1212749 3290682
-0.20475821 0.67168349 2.1212747 3290682
-0.1951901 0.67168355 2.1212749 3290682
-0.18562196 0.67168355 2.1212749 3290682
-0.17414017 0.67168355 2.1212749 3290682
-0.16457203 0.67168355 2.1212749 3290682
-0.15500389 0.67168355 2.1212749 3290682
-0.14543575 0.67168355 2.1212749 3290681
-0.13586761 0.67168355 2.1212749 3290681
-0.12438586 0.67168361 2.1212752 3290681
-0.11481771 0.67168361 2.1212752 3290681
-0.10524956 0.67168361 2.1212752 3290681
-0.095681414 0.67168355 2.1212749 3290681
-0.086113274 0.67168355 2.1212749 3290681
-0.074631505 0.67168355 2.1212749 3290681
-0.065063365 0.67168355 2.1212749 3290681
-0.055495229 0.67168361 2.1212752 3290681
-0.044013456 0.67168361 2.1212752 3290681
-0.034445316 0.67168361 2.1212752 3290681
-0.02487717 0.67168361 2.1212752 3290681
-0.015309028 0.67168361 2.1212752 3290681
-0.0057408861 0.67168361 2.1212752 3290681
0.0057408861 0.67168361 2.1212752 3290681
0.01530903 0.67168367 2.1212754 3290681
0.02487717 0.67168361 2.1212752 3290681
0.034445316 0.67168361 2.1212752 3290681
0.044013456 0.67168361 2.1212752 3290681
0.055495229 0.67168361 2.1212752 3290681
0.065063372 0.67168361 2.1212752 3290681
0.074631512 0.67168361 2.1212752 3290681
0.086113296 0.67168361 2.1212754 3290681
0.095681436 0.67168367 2.1212754 3290681
0.10524958 0.67168361 2.1212754 3290681
0.11481772 0.67168367 2.1212754 3290681
0.12438587 0.67168361 2.1212754 3290681
0.13586764 0.67168361 2.1212752 3290681
0.14543578 0.67168367 2.1212754 3290681
0.15500392 0.67168361 2.1212754 3290681
0.16457206 0.67168367 2.1212754 3290681
0.17414021 0.67168361 2.1212754 3290681
0.18562199 0.67168361 2.1212754 3290681
0.19519013 0.67168367 2.1212754 3290681
0.20475829 0.67168361 2.1212754 3290681
0.21432641 0.67168367 2.1212754 3290681
0.2238946 0.67168379 2.1212757 3290681
0.23537636 0.67168379 2.1212757 3290681
0.24494451 0.67168379 2.1212757 3290681
0.25451264 0.67168379 2.1212757 3290681
0.2659944 0.67168361 2.1212754 3290425
0.27556252 0.67168367 2.1212754 3290425
0.28513071 0.67168373 2.1212757 3290425
0.29469886 0.67168379 2.1212757 3290425
0.30426702 0.67168379 2.1212757 3290425
0.31574878 0.67168379 2.1212757 3290425
0.32531691 0.67168379 2.1212757 3290425
0.33488509 0.67168379 2.1212757 3290425
0.34445322 0.67168379 2.1212757 3290425
0.3540214 0.67168379 2.1212759 3290425
0.36550316 0.67168385 2.1212759 3290425
0.37507129 0.67168379 2.1212757 3290425
0.38463941 0.67168379 2.1212757 3290425
0.39612117 0.67168379 2.1212757 3290425
0.40568936 0.67168379 2.1212757 3290425
0.41525748 0.67168379 2.1212757 3290425
0.42482567 0.67168379 2.1212759 3290425
0.43439379 0.67168385 2.1212759 3290425
0.44596836 0.67182279 2.1217146 3290682
0.45580459 0.67221564 2.1229553 3356475
0.46582606 0.67222047 2.125 3356475
0.47421065 0.67296821 2.1253486 3356476
0.48488662 0.67462188 2.1245086 3356476
0.49476689 0.67502844 2.1257887 3356732
0.5047465 0.6763466 2.1254201 3356476
0.51543528 0.67830229 2.1240304 3356476
0.52533162 0.67871082 2.1253095 3356476
0.53581738 0.67793304 2.1288815 3356475
0.54376119 0.67826045 2.1299095 3356475
-1.2233042 0.68543226 2.1243527 10197915
-1.2145808 0.68583488 2.1236219 10197915
-1.2049997 0.68583363 2.1236179 10197915
-1.1954209 0.68583363 2.1236176 10197915
-1.1848304 0.68607408 2.1231761 10197915
-1.1753621 0.68559462 2.1240642 10197915
-1.1647688 0.68583345 2.1236174 10197915
-1.1541868 0.68607515 2.1231794 10197915
-1.1447014 0.68559325 2.1240599 10197915
-1.1350338 0.68607545 2.1231804 10197915
-1.1255391 0.68559259 2.1240582 10197915
-1.1149606 0.68583399 2.1236191 10197915
-1.1043855 0.68607372 2.1231751 10197915
-1.0948808 0.68559253 2.1240578 10197915
-1.0852323 0.68607384 2.1231754 10197915
-1.075722 0.68559408 2.1240628 10197915
-1.0651489 0.68583256 2.1236148 10197915
-1.0545877 0.6860745 2.1231773 10197915
-1.0450609 0.68559247 2.1240573 10197915
-1.0354356 0.68607533 2.1231799 10197915
-1.0249206 0.68583268 2.1236148 10197915
-1.0144041 0.68559343 2.1240604 10197915
-1.0047889 0.68607455 2.1231778 10197915
-0.99524289 0.68559343 2.1240606 10197915
-0.98563308 0.68607289 2.1231725 10197915
-0.97511321 0.68583399 2.1236191 10197915
-0.96458471 0.68559355 2.1240609 10197915
-0.95499027 0.68607485 2.1231785 10197915
-0.94542134 0.68559211 2.1240566 10197915
-0.93488008 0.68583363 2.1236181 10197915
-0.92434537 0.68607533 2.1231799 10197915
-0.91476375 0.68559259 2.124058 10197915
-0.90519029 0.68607414 2.1231761 10197915
-0.89560282 0.68559289 2.124059 10197915
-0.88507199 0.68583459 2.1236207 10197915
-0.87454498 0.6860742 2.1231766 10197915
-0.86494398 0.68559247 2.1240575 10197915
-0.85539114 0.6860739 2.1231754 10197915
-0.84484404 0.68583506 2.1236224 10197915
-0.83428538 0.68559217 2.1240566 10197915
-0.82474679 0.68607485 2.1231785 10197915
-0.81512511 0.68559307 2.1240592 10197915
-0.80559367 0.68607509 2.1231794 10197915
-0.79503202 0.68583292 2.1236155 10197915
-0.78446752 0.68559366 2.1240611 10197915
-0.77494806 0.68607503 2.123179 10197915
-0.76530588 0.68559343 2.1240604 10197915
-0.75579292 0.68607348 2.1231742 10197915
-0.745224 0.68583399 2.1236191 10197915
-0.73464781 0.68559355 2.1240609 10197915
-0.72514892 0.68607491 2.123179 10197915
-0.71457165 0.68583351 2.1236176 10197915
-0.70499313 0.68583375 2.1236184 10197915
-0.69541502 0.68583435 2.1236203 10197915
-0.68482721 0.68559277 2.1240585 10197915
-0.67534912 0.68607414 2.1231763 10197915
-0.66476244 0.68583363 2.1236179 10197915
-0.65417093 0.6855948 2.1240647 10197915
-0.64470398 0.68607444 2.1231773 10197915
-0.63500786 0.68559301 2.1240592 10197915
-0.62555063 0.68607455 2.1231773 10197915
-0.61495227 0.68583268 2.123615 10197915
-0.60434932 0.68559265 2.1240582 10197915
-0.5949055 0.68607497 2.123179 10197915
-0.58518779 0.68559247 2.1240575 10197915
-0.57575095 0.68607372 2.1231749 10197915
-0.56514335 0.68583298 2.123616 10197915
-0.55453062 0.68559378 2.1240616 10197915
-0.54510534 0.68607348 2.1231742 10197915
-0.53477919 0.68492556 2.124768 6516344
-0.52552879 0.68381655 2.1250141 4674399
-0.51484668 0.68275517 2.1247687 4806242
-0.50478083 0.68185532 2.1243539 4937830
-0.49597895 0.68173206 2.1227765 4344918
-0.48663524 0.68013942 2.1237774 3422269
0.53536552 0.68093872 2.123287 3356475
0.54505908 0.68218446 2.1229928 3356475
0.55481112 0.68210584 2.1251342 3356475
0.56489074 0.68300641 2.1255505 3356475
0.57512325 0.6843937 2.1251075 3356474
0.58518362 0.68558758 2.1240425 3618872
0.59490055 0.68606931 2.1231613 3684408
0.60434484 0.68558758 2.1240425 3684408
0.61494857 0.68582845 2.1236019 3684408
0.62554586 0.68606931 2.1231613 3684408
0.63500291 0.68558758 2.1240425 3684408
0.64469916 0.68606931 2.1231613 3684408
0.65416408 0.68558758 2.1240425 3684408
0.66475749 0.68582845 2.1236019 3684408
0.67534441 0.68606931 2.1231613 3684408
0.68482208 0.68558758 2.1240425 3684408
0.69540912 0.68582845 2.1236019 3684408
0.70598972 0.68606931 2.1231613 3684408
0.71548015 0.68558758 2.1240425 3684408
0.72514296 0.68606931 2.1231613 3684408
0.73464137 0.68558758 2.1240425 3684408
0.74521804 0.68582845 2.1236019 3684408
0.75578827 0.68606931 2.1231613 3684408
0.76529938 0.68558758 2.1240425 3684408
0.77494156 0.68606931 2.1231613 3684408
0.78446066 0.68558758 2.1240425 3684408
0.79502684 0.68582845 2.1236019 3684408
0.80558681 0.68606931 2.1231613 3684408
0.81511861 0.68558758 2.1240425 3684408
0.82474011 0.68606931 2.1231613 3684408
0.83427984 0.68558758 2.1240425 3684408
0.84483582 0.68582845 2.1236019 3684408
0.85538542 0.68606931 2.1231613 3684408
0.86493778 0.68558758 2.1240425 3684408
0.87453878 0.68606931 2.1231613 3684408
0.88506413 0.68582845 2.1236019 3684408
0.89559585 0.68558758 2.1240425 3684408
0.90518397 0.68606931 2.1231613 3684408
0.91475707 0.68558758 2.1240425 3684408
0.92433727 0.68606931 2.1231613 3684408
0.93487304 0.68582845 2.1236019 3684408
0.94541514 0.68558758 2.1240425 3684408
0.95498258 0.68606931 2.1231613 3684408
0.96457636 0.68558758 2.1240425 3684408
0.97510529 0.68582845 2.1236019 3684408
0.98562783 0.68606931 2.1231613 3684408
0.99523437 0.68558758 2.1240425 3684408
1.0047811 0.68606931 2.1231613 3684408
1.0143956 0.68558758 2.1240425 3684408
1.0249141 0.68582845 2.1236019 3684408
1.0354264 0.68606931 2.1231613 3684408
1.0450536 0.68558758 2.1240425 3684408
1.0545797 0.68606931 2.1231613 3684408
1.0651425 0.68582845 2.1236019 3684408
1.0757116 0.68558758 2.1240425 3684408
1.085225 0.68606931 2.1231613 3684408
1.0948728 0.68558758 2.1240425 3684408
1.1043783 0.68606931 2.1231613 3684408
1.1149514 0.68582845 2.1236019 3684408
1.1255308 0.68558758 2.1240425 3684408
1.1350236 0.68606931 2.1231613 3684408
1.1446921 0.68558758 2.1240425 3684408
1.154177 0.68606931 2.1231613 3684408
1.1647604 0.68582845 2.1236019 3684408
1.1753501 0.68558758 2.1240425 3684408
1.1848222 0.68606931 2.1231613 3684408
1.1954119 0.68582845 2.1236019 3684408
1.2049906 0.68582845 2.1236019 3684408
1.2145692 0.68582845 2.1236019 3684408
1.2232947 0.68542701 2.1243362 3684408
-0.36473465 0.65806508 2.1392121 3488062
-0.35490412 0.6577298 2.1381221 3422526
-0.34525093 0.6577127 2.1380665 3356732
-0.33560705 0.6577127 2.1380665 3290682
-0.32596314 0.65771264 2.1380663 3224888
-0.31439048 0.65771264 2.1380663 3224888
-0.3047466 0.65771264 2.1380663 3224888
-0.29510275 0.6577127 2.1380663 3224888
-0.28545889 0.6577127 2.1380665 3224888
-0.27581501 0.6577127 2.1380665 3224888
-0.26424232 0.6577127 2.1380665 3224888
-0.25459844 0.65771264 2.1380663 3224888
-0.24495454 0.65771264 2.1380663 3224888
-0.23531067 0.65771264 2.1380663 3224888
-0.22566681 0.65771264 2.1380663 3224888
-0.21409416 0.6577127 2.1380665 3224888
-0.20445028 0.6577127 2.1380665 3224888
-0.1948064 0.6577127 2.1380665 3224888
-0.18516251 0.6577127 2.1380665 3224888
-0.17551863 0.6577127 2.1380665 3224888
-0.16394597 0.6577127 2.1380665 3224888
-0.15430209 0.6577127 2.1380665 3224888
-0.14465824 0.65771276 2.1380668 3224888
-0.13501434 0.6577127 2.1380665 3224888
-0.12537046 0.6577127 2.1380665 3224888
-0.11572658 0.6577127 2.1380665 3224888
-0.1060827 0.6577127 2.1380665 3224888
-0.094510041 0.6577127 2.1380665 3224888
-0.084866151 0.6577127 2.1380665 3224888
-0.075222284 0.65771276 2.1380668 3224888
-0.065578401 0.65771276 2.1380668 3224888
-0.055934515 0.65771276 2.1380668 3224888
-0.04436186 0.65771276 2.1380668 3224888
-0.034717977 0.65771276 2.1380668 3224888
-0.025074093 0.6577127 2.1380665 3224888
-0.01543021 0.6577127 2.1380665 3224888
-0.0057863295 0.65771276 2.1380668 3224888
0.0057863295 0.65771276 2.1380668 3224888
0.015430212 0.65771276 2.1380668 3224888
0.025074095 0.65771276 2.1380668 3224888
0.034717977 0.65771276 2.1380668 3224888
0.04436186 0.65771276 2.1380668 3224888
0.055934519 0.65771276 2.138067 3224888
0.065578409 0.65771282 2.138067 3224888
0.075222291 0.65771282 2.138067 3224888
0.084866174 0.65771282 2.138067 3224632
0.094510049 0.65771276 2.138067 3224632
0.1060827 0.65771276 2.1380668 3224632
0.11572659 0.65771276 2.1380668 3224632
0.12537049 0.65771276 2.138067 3224632
0.13501437 0.65771282 2.138067 3224632
0.14465825 0.65771282 2.138067 3224632
0.15430214 0.65771282 2.138067 3224632
0.16394602 0.65771282 2.138067 3224632
0.17551868 0.65771282 2.138067 3224632
0.18516256 0.65771282 2.138067 3224632
0.19480646 0.65771288 2.138067 3224632
0.20445035 0.65771294 2.1380672 3224632
0.21409421 0.65771282 2.138067 3224632
0.22566687 0.65771282 2.138067 3224632
0.23531075 0.65771282 2.138067 3224632
0.24495463 0.65771282 2.138067 3224632
0.25459853 0.65771282 2.138067 3224632
0.26424244 0.65771288 2.1380672 3224632
0.2758151 0.65771294 2.1380672 3224632
0.28545898 0.65771294 2.1380672 3224632
0.29510286 0.65771294 2.1380672 3224631
0.30474675 0.65771294 2.1380672 3224631
0.31439063 0.65771294 2.1380672 3224631
0.32596329 0.65771288 2.1380672 3224631
0.33560717 0.65771288 2.1380672 3224631
0.34525105 0.65771294 2.1380672 3224631
0.35489494 0.65771294 2.1380672 3224631
0.36453882 0.65771294 2.1380672 3224631
0.37611148 0.65771294 2.1380672 3224631
0.38575536 0.65771294 2.1380672 3224631
0.39539924 0.65771294 2.1380672 3224631
0.40517217 0.65792203 2.1387472 3290425
0.41110966 0.65816146 2.1395254 3356475
-0.47293991 0.66983736 2.1398299 3422525
-0.46499407 0.6695134 2.1387949 3422525
-0.45507139 0.66910887 2.1375027 3422525
-0.44516149 0.66870493 2.1362123 3422525
-0.43463793 0.66680366 2.1375365 3422525
-0.42495209 0.66690016 2.1353757 3422525
-0.41485366 0.66599882 2.1349568 3422525
-0.4049052 0.66542917 2.1339614 3422526
-0.39547601 0.66352761 2.1355107 3422526
-0.38522625 0.66258669 2.1351333 3422526
-0.37537777 0.66220194 2.1338933 3422526
-0.36451656 0.66167217 2.133425 3422269
-0.35515192 0.66220623 2.1326654 3356475
-0.34443322 0.66192597 2.1330023 3290681
-0.3348121 0.66192591 2.1330023 3290425
-0.32519111 0.66192591 2.1330023 3290425
-0.31446448 0.66164559 2.1333392 3290425
-0.30513042 0.66220629 2.1326654 3290425
-0.29440379 0.66192597 2.1330025 3290425
-0.28478277 0.66192597 2.1330025 3290425
-0.27516171 0.66192585 2.1330025 3290424
-0.26554069 0.66192591 2.1330023 3290424
-0.25591961 0.66192591 2.1330025 3290424
-0.24437438 0.66192597 2.1330025 3290424
-0.23475334 0.66192597 2.1330023 3290424
-0.22513235 0.66192603 2.1330025 3290424
-0.21551129 0.66192603 2.1330025 3290424
-0.20589024 0.66192597 2.1330025 3290424
-0.194345 0.66192597 2.1330025 3224888
-0.18472396 0.66192597 2.1330025 3224888
-0.1751029 0.66192597 2.1330025 3224888
-0.16548188 0.66192603 2.1330025 3224888
-0.15586084 0.66192609 2.1330028 3224888
-0.1443156 0.66192609 2.1330028 3224888
-0.13469455 0.66192603 2.1330025 3224888
-0.12507351 0.66192597 2.1330025 3224888
-0.11545248 0.66192603 2.1330025 3224888
-0.10583144 0.66192597 2.1330025 3224888
-0.094286203 0.66192609 2.1330025 3224888
-0.084665149 0.66192609 2.1330028 3224888
-0.075044118 0.66192609 2.1330028 3224888
-0.065423079 0.66192609 2.1330028 3224888
-0.055802036 0.66192609 2.1330028 3224888
-0.04425678 0.66192603 2.1330028 3224888
-0.034635745 0.66192603 2.1330028 3224888
-0.025014708 0.66192609 2.1330028 3224888
-0.015393665 0.66192609 2.1330028 3224888
-0.0057726246 0.66192609 2.1330028 3224888
0.0057726246 0.66192609 2.1330028 3224888
0.015393665 0.66192609 2.1330028 3224888
0.025014706 0.66192609 2.1330028 3224888
0.034635745 0.66192609 2.1330028 3224888
0.044256788 0.66192615 2.133003 3224888
0.055802044 0.66192621 2.1330032 3224888
0.065423079 0.66192615 2.1330028 3224888
0.075044118 0.66192621 2.1330028 3224888
0.084665164 0.66192615 2.1330028 3224888
0.094286203 0.66192609 2.1330028 3224888
0.10583145 0.66192609 2.133003 3224888
0.11545249 0.66192615 2.133003 3224888
0.12507354 0.66192615 2.133003 3224888
0.13469458 0.66192615 2.133003 3224888
0.14431562 0.66192615 2.1330032 3224888
0.15586086 0.66192609 2.133003 3224888
0.16548193 0.66192615 2.133003 3224888
0.17510295 0.66192615 2.1330032 3224888
0.184724 0.66192615 2.133003 3224888
0.19434506 0.66192621 2.133003 3224888
0.2058903 0.66192621 2.133003 3224888
0.21551134 0.66192615 2.133003 3224888
0.22513236 0.66192615 2.133003 3224888
0.23475341 0.66192615 2.133003 3224888
0.24437445 0.66192621 2.1330032 3224888
0.25591972 0.66192621 2.1330032 3224888
0.26554078 0.66192621 2.1330032 3224888
0.27516183 0.66192627 2.133003 3224888
0.28478286 0.66192621 2.1330032 3224888
0.29440391 0.66192621 2.133003 3224888
0.30513054 0.66220647 2.1326661 3224888
0.3144646 0.66164589 2.1333401 3224888
0.32519126 0.66192627 2.1330032 3224888
0.33481231 0.66192621 2.1330032 3224888
0.34443334 0.66192621 2.1330032 3224888
0.35515204 0.66220653 2.1326663 3224632
0.36450192 0.66164589 2.1333404 3224632
0.37522066 0.66192621 2.1330032 3224632
0.38484174 0.66192621 2.1330032 3224632
0.39446279 0.66192627 2.1330032 3224632
0.40517363 0.66220659 2.1326663 3224632
0.41462436 0.66178107 2.1337771 3224889
0.42469701 0.66264933 2.1340938 3290682
0.43437797 0.66255051 2.1362581 3356475
0.4448933 0.66444921 2.1349368 3356475
0.45539704 0.66634893 2.1336112 3356475
0.46510696 0.66625386 2.1357741 3356475
0.47521934 0.66715586 2.1361949 3356476
0.48388472 0.66767246 2.1370246 3356476
0.49545678 0.66896218 2.1370342 3356732
0.50540173 0.66936761 2.1383293 3356476
0.5133667 0.66969234 2.1393666 3356476
-1.2318274 0.67856336 2.1369205 10197915
-1.2251428 0.67831981 2.137368 10197915
-1.2153808 0.67880785 2.1364763 10197915
-1.2058598 0.6783188 2.1373649 10197915
-1.1951995 0.67856401 2.1369228 10197915
-1.1845446 0.67880857 2.1364789 10197915
-1.1750104 0.67831933 2.1373665 10197915
-1.1652682 0.6788069 2.1364734 10197915
-1.1557295 0.67831975 2.1373677 10197915
-1.1450793 0.67856461 2.1369245 10197915
-1.1344311 0.67880708 2.1364741 10197915
-1.1248795 0.67831993 2.137368 10197915
-1.1151581 0.67880732 2.1364746 10197915
-1.1055954 0.6783182 2.137363 10197915
-1.0949548 0.67856288 2.1369188 10197915
-1.0843217 0.67880803 2.136477 10197915
-1.074747 0.67831945 2.1373668 10197915
-1.0650465 0.67880678 2.1364732 10197915
-1.0554646 0.67831886 2.1373649 10197915
-1.0448359 0.67856425 2.1369233 10197915
-1.0342094 0.67880696 2.1364739 10197915
-1.0246146 0.67831904 2.1373653 10197915
-1.0149353 0.67880648 2.1364722 10197915
-1.0053355 0.67832053 2.1373701 10197915
-0.99566281 0.67880714 2.1364741 10197915
-0.98507601 0.67856306 2.1369197 10197915
-0.97448266 0.67831886 2.1373649 10197915
-0.96482688 0.67880821 2.1364777 10197915
-0.95520031 0.6783182 2.1373627 10197915
-0.94555217 0.67880732 2.1364746 10197915
-0.93495542 0.67856359 2.1369214 10197915
-0.92435229 0.67831993 2.137368 10197915
-0.91471279 0.67880589 2.1364703 10197915
-0.9050709 0.67831993 2.137368 10197915
-0.89544123 0.67880726 2.1364746 10197915
-0.88483429 0.67856377 2.1369219 10197915
-0.87421876 0.67831844 2.1373634 10197915
-0.86460418 0.67880762 2.1364758 10197915
-0.85493928 0.67832005 2.1373687 10197915
-0.8453306 0.67880744 2.1364751 10197915
-0.83565557 0.67831826 2.137363 10197915
-0.82507187 0.67856342 2.1369212 10197915
-0.81449413 0.67880821 2.1364777 10197915
-0.80480653 0.67831933 2.1373661 10197915
-0.79521918 0.6788069 2.1364737 10197915
-0.78552538 0.67831957 2.137367 10197915
-0.77594739 0.67880833 2.1364779 10197915
-0.76531357 0.67856312 2.1369197 10197915
-0.75467461 0.67831916 2.1373658 10197915
-0.74510849 0.67880708 2.1364739 10197915
-0.73539495 0.67832077 2.1373711 10197915
-0.72583497 0.6788069 2.1364734 10197915
-0.71519285 0.67856377 2.1369216 10197915
-0.70454329 0.67831957 2.1373672 10197915
-0.69499874 0.67880809 2.1364775 10197915
-0.68526089 0.67831862 2.1373641 10197915
-0.67572498 0.67880774 2.136476 10197915
-0.66507155 0.67856383 2.1369221 10197915
-0.65441215 0.67832023 2.1373692 10197915
-0.64488614 0.67880625 2.1364715 10197915
-0.63513082 0.67832035 2.1373696 10197915
-0.62561327 0.67880684 2.1364734 10197915
-0.61494929 0.67856282 2.1369188 10197915
-0.60427898 0.67831868 2.1373644 10197915
-0.59477681 0.67880797 2.136477 10197915
-0.58499718 0.67831832 2.137363 10197915
-0.57550275 0.67880714 2.1364744 10197915
-0.56482822 0.67856294 2.1369193 10197915
-0.55518997 0.67856354 2.1369214 10197915
-0.54554999 0.67856193 2.1369162 10197915
-0.5347901 0.67822218 2.1370599 7043204
-0.52502 0.67832613 2.1349599 4608862
-0.5149039 0.67742282 2.1345413 4608606
-0.50530845 0.67639953 2.1344488 4740193
-0.49521852 0.67441922 2.1360066 4674399
-0.48529059 0.6740123 2.1347177 3554370
-0.47537538 0.67360586 2.1334305 3422269
-0.46473044 0.6725601 2.1331639 3422525
-0.45409083 0.67151535 2.1328969 3422525
-0.44420287 0.67111069 2.1316118 3422525
-0.43432602 0.67070663 2.1303284 3422525
0.47853363 0.67071581 2.1303575 3356476
0.48447484 0.67095888 2.1311297 3356476
0.49438643 0.67136437 2.1324177 3356476
0.5043093 0.67177045 2.1337075 3356476
0.51459444 0.67316675 2.1332583 3356476
0.52470464 0.67406905 2.133678 3356476
0.53448516 0.67398185 2.1358414 3356475
0.54513246 0.67547518 2.135289 3356475
0.55449861 0.67707855 2.1342726 3356475
0.56518543 0.67768186 2.1353576 3356475
0.57531559 0.67858595 2.135778 3356474
0.58499479 0.67831552 2.1373544 3618872
0.5947724 0.67880285 2.1364608 3684408
0.60427612 0.67831552 2.1373544 3684408
0.61494613 0.67855912 2.1369076 3684408
0.62560958 0.67880291 2.1364608 3684408
0.63512629 0.67831552 2.1373544 3684408
0.64488292 0.67880285 2.1364608 3684408
0.65440762 0.67831552 2.1373544 3684408
0.66506708 0.67855912 2.1369076 3684408
0.6757201 0.67880285 2.1364608 3684408
0.68525779 0.67831552 2.1373544 3684408
0.69499338 0.67880285 2.1364608 3684408
0.70453912 0.67831552 2.1373544 3684408
0.71518809 0.67855924 2.1369076 3684408
0.72583067 0.67880285 2.1364608 3684408
0.73538917 0.67831546 2.1373544 3684408
0.74510396 0.67880285 2.1364608 3684408
0.7546705 0.67831552 2.1373544 3684408
0.7653091 0.67855924 2.1369076 3684408
0.77594119 0.67880285 2.1364608 3684408
0.78552067 0.67831552 2.1373544 3684408
0.79521441 0.67880285 2.1364608 3684408
0.80480206 0.67831546 2.1373544 3684408
0.81448776 0.67880285 2.1364608 3684408
0.82506675 0.67855912 2.1369076 3684408
0.83565217 0.67831552 2.1373544 3684408
0.84532499 0.67880291 2.1364608 3684408
0.85493356 0.67831552 2.1373544 3684408
0.86459827 0.67880285 2.1364608 3684408
0.87421483 0.67831546 2.1373544 3684408
0.88482839 0.67855924 2.1369076 3684408
0.89543545 0.67880285 2.1364608 3684408
0.90506494 0.67831546 2.1373544 3684408
0.91470879 0.67880285 2.1364608 3684408
0.92434633 0.67831552 2.1373544 3684408
0.9349494 0.67855924 2.1369076 3684408
0.94554597 0.67880291 2.1364608 3684408
0.9551965 0.67831552 2.1373544 3684408
0.96481931 0.67880291 2.1364608 3684408
0.97447789 0.67831552 2.1373544 3684408
0.98507041 0.67855924 2.1369076 3684408
0.99565661 0.67880291 2.1364608 3684408
1.0053279 0.67831552 2.1373544 3684408
1.0149298 0.67880285 2.1364608 3684408
1.0246093 0.67831552 2.1373544 3684408
1.0342032 0.67880285 2.1364608 3684408
1.0448281 0.67855924 2.1369076 3684408
1.0554594 0.67831546 2.1373544 3684408
1.0650403 0.67880291 2.1364608 3684408
1.0747406 0.67831552 2.1373544 3684408
1.0843136 0.67880291 2.1364608 3684408
1.094949 0.67855924 2.1369076 3684408
1.1055908 0.67831546 2.1373544 3684408
1.1151508 0.67880291 2.1364608 3684408
1.1248722 0.67831546 2.1373544 3684408
1.1344241 0.67880291 2.1364608 3684408
1.14507 0.67855924 2.1369076 3684408
1.1557224 0.67831546 2.1373544 3684408
1.1652614 0.67880285 2.1364608 3684408
1.1750038 0.67831552 2.1373544 3684408
1.1845347 0.67880285 2.1364608 3684408
1.195191 0.67855924 2.1369076 3684408
1.2058538 0.67831546 2.1373544 3684408
1.2153718 0.67880291 2.1364608 3684408
1.2251352 0.67831552 2.1373544 3684408
1.2318199 0.67855918 2.1369076 3684408
-1.2241378 0.68221188 2.1302483 10197915
-1.2145294 0.68221188 2.1302488 10197915
-1.2049185 0.68221062 2.1302447 10197915
-1.1953132 0.68221247 2.1302505 10197915
-1.1857024 0.6822114 2.1302469 10197915
-1.1741732 0.68221194 2.1302488 10197915
-1.164561 0.68220985 2.1302423 10197915
-1.1549557 0.68221188 2.1302488 10197915
-1.1453478 0.68221223 2.1302497 10197915
-1.135738 0.68221146 2.1302474 10197915
-1.124207 0.6822111 2.1302462 10197915
-1.1145999 0.68221211 2.1302493 10197915
-1.1049877 0.68220979 2.1302421 10197915
-1.0953829 0.68221217 2.1302495 10197915
-1.0857718 0.68221062 2.1302447 10197915
-1.0742425 0.68221122 2.1302469 10197915
-1.0646312 0.68220949 2.1302412 10197915
-1.0550251 0.68221116 2.1302464 10197915
-1.0454168 0.68221128 2.1302469 10197915
-1.0358087 0.68221158 2.1302478 10197915
-1.0242764 0.68221039 2.130244 10197915
-1.0146689 0.68221116 2.1302464 10197915
-1.0050615 0.68221194 2.130249 10197915
-0.99545097 0.68221062 2.1302447 10197915
-0.98584253 0.68221074 2.130245 10197915
-0.97431165 0.68221039 2.130244 10197915
-0.96470571 0.68221217 2.1302495 10197915
-0.95509577 0.68221122 2.1302466 10197915
-0.94548595 0.68221045 2.130244 10197915
-0.93587798 0.68221086 2.1302454 10197915
-0.92434931 0.68221205 2.1302493 10197915
-0.91473818 0.68221021 2.1302433 10197915
-0.90513092 0.68221122 2.1302469 10197915
-0.89552116 0.68221033 2.1302438 10197915
-0.8859148 0.68221205 2.130249 10197915
-0.87438184 0.68221003 2.1302428 10197915
-0.86477566 0.68221188 2.1302485 10197915
-0.85516626 0.68221134 2.1302469 10197915
-0.84555769 0.68221128 2.1302469 10197915
-0.83594745 0.68220997 2.1302428 10197915
-0.82441932 0.6822117 2.1302483 10197915
-0.81480992 0.68221116 2.1302462 10197915
-0.80520201 0.6822117 2.1302483 10197915
-0.7955907 0.68220937 2.1302409 10197915
-0.78598481 0.68221182 2.1302483 10197915
-0.77445441 0.6822117 2.1302483 10197915
-0.76484501 0.68221098 2.1302457 10197915
-0.75523597 0.68221062 2.130245 10197915
-0.74562848 0.68221164 2.1302478 10197915
-0.73602003 0.6822117 2.1302481 10197915
-0.72448897 0.6822111 2.1302462 10197915
-0.7148807 0.6822114 2.1302471 10197915
-0.70527124 0.68221062 2.1302447 10197915
-0.69566524 0.68221319 2.1302528 10197915
-0.68605447 0.68221098 2.1302459 10197915
-0.67452425 0.6822111 2.1302462 10197915
-0.6649158 0.68221128 2.1302466 10197915
-0.65530825 0.68221235 2.1302502 10197915
-0.64569801 0.68221068 2.130245 10197915
-0.63609004 0.6822114 2.1302474 10197915
-0.62455887 0.68221039 2.130244 10197915
-0.6149503 0.68221051 2.1302443 10197915
-0.60534161 0.68221039 2.130244 10197915
-0.59573412 0.68221164 2.1302481 10197915
-0.58612472 0.68221074 2.130245 10197915
-0.57459408 0.68221039 2.130244 10197915
-0.56498498 0.68220973 2.1302419 10197915
-0.5553785 0.68221235 2.13025 10197915
-0.54384607 0.68220967 2.1302416 10197915
-0.53614134 0.68218702 2.1301711 8226963
0.58612162 0.68220711 2.1302338 3618872
0.59573019 0.68220711 2.1302338 3684408
0.60533869 0.68220711 2.1302338 3684408
0.61494726 0.68220711 2.1302338 3684408
0.62455583 0.68220711 2.1302338 3684408
0.63608605 0.68220711 2.1302338 3684408
0.64569461 0.68220711 2.1302338 3684408
0.65530318 0.68220711 2.1302338 3684408
0.66491175 0.68220711 2.1302338 3684408
0.67452025 0.68220711 2.1302338 3684408
0.68605059 0.68220711 2.1302338 3684408
0.6956591 0.68220711 2.1302338 3684408
0.70526767 0.68220711 2.1302338 3684408
0.71487617 0.68220711 2.1302338 3684408
0.72448474 0.68220711 2.1302338 3684408
0.73601502 0.68220711 2.1302338 3684408
0.74562353 0.68220711 2.1302338 3684408
0.7552321 0.68220711 2.1302338 3684408
0.76484066 0.68220711 2.1302338 3684408
0.77444917 0.68220711 2.1302338 3684408
0.78597945 0.68220711 2.1302338 3684408
0.79558802 0.68220711 2.1302338 3684408
0.80519658 0.68220711 2.1302338 3684408
0.81480509 0.68220711 2.1302338 3684408
0.8244136 0.68220711 2.1302338 3684408
0.83594394 0.68220711 2.1302338 3684408
0.8455525 0.68220711 2.1302338 3684408
0.85516101 0.68220711 2.1302338 3684408
0.86476958 0.68220711 2.1302338 3684408
0.87437814 0.68220711 2.1302338 3684408
0.88590842 0.68220711 2.1302338 3684408
0.89551693 0.68220711 2.1302338 3684408
0.90512544 0.68220711 2.1302338 3684408
0.91473407 0.68220711 2.1302338 3684408
0.92434257 0.68220711 2.1302338 3684408
0.93587285 0.68220711 2.1302338 3684408
0.94548142 0.68220711 2.1302338 3684408
0.95508999 0.68220711 2.1302338 3684408
0.96469849 0.68220711 2.1302338 3684408
0.97430706 0.68220711 2.1302338 3684408
0.98583728 0.68220711 2.1302338 3684408
0.99544585 0.68220711 2.1302338 3684408
1.0050545 0.68220711 2.1302338 3684408
1.014663 0.68220711 2.1302338 3684408
1.0242715 0.68220711 2.1302338 3684408
1.0358018 0.68220711 2.1302338 3684408
1.0454104 0.68220711 2.1302338 3684408
1.0550189 0.68220711 2.1302338 3684408
1.0646274 0.68220711 2.1302338 3684408
1.074236 0.68220711 2.1302338 3684408
1.0857662 0.68220711 2.1302338 3684408
1.0953748 0.68220711 2.1302338 3684408
1.1049833 0.68220711 2.1302338 3684408
1.1145918 0.68220711 2.1302338 3684408
1.1242005 0.68220711 2.1302338 3684408
1.1357307 0.68220711 2.1302338 3684408
1.1453393 0.68220711 2.1302338 3684408
1.1549479 0.68220711 2.1302338 3684408
1.1645563 0.68220711 2.1302338 3684408
1.1741649 0.68220711 2.1302338 3684408
1.1856952 0.68220711 2.1302338 3684408
1.1953037 0.68220711 2.1302338 3684408
1.2049123 0.68220711 2.1302338 3684408
1.2145209 0.68220711 2.1302338 3684408
1.2241293 0.68220711 2.1302338 3684408
-0.33538327 0.64944029 2.1489871 3488318
-0.32558078 0.64922357 2.1482697 3422525
-0.31589088 0.64922351 2.1482697 3356476
-0.30426294 0.64922351 2.1482697 3224889
-0.29457301 0.64922345 2.1482694 3224631
-0.28488311 0.64922345 2.1482694 3224631
-0.27519321 0.64922345 2.1482694 3224631
-0.26550332 0.64922345 2.1482697 3224631
-0.25581342 0.64922351 2.1482697 3224631
-0.24612354 0.64922351 2.1482697 3224631
-0.23449564 0.64922351 2.1482697 3224631
-0.22480574 0.64922351 2.1482697 3224631
-0.21511585 0.64922351 2.1482697 3224631
-0.20542595 0.64922351 2.1482697 3224631
-0.19573605 0.64922351 2.1482697 3224631
-0.18410814 0.64922351 2.1482697 3224631
-0.17441824 0.64922351 2.1482697 3224631
-0.16472834 0.64922351 2.1482697 3224631
-0.15503845 0.64922351 2.1482697 3224631
-0.14534855 0.64922351 2.1482697 3224631
-0.13565865 0.64922351 2.1482697 3224631
-0.12596874 0.64922351 2.1482697 3224631
-0.11434086 0.64922357 2.1482699 3224631
-0.10465096 0.64922357 2.1482699 3224631
-0.094961055 0.64922357 2.1482699 3224631
-0.08527115 0.64922357 2.1482699 3224631
-0.075581245 0.64922357 2.1482697 3224631
-0.063953362 0.64922351 2.1482697 3224631
-0.054263458 0.64922351 2.1482697 3224631
-0.044573557 0.64922357 2.1482699 3224631
-0.034883656 0.64922357 2.1482699 3224631
-0.025193751 0.64922357 2.1482699 3224631
-0.015503846 0.64922357 2.1482699 3224631
-0.0058139428 0.64922357 2.1482699 3224631
0.0058139428 0.64922357 2.1482699 3224631
0.015503846 0.64922357 2.1482699 3224631
0.025193753 0.64922363 2.1482701 3224631
0.034883656 0.64922363 2.1482701 3224631
0.04457356 0.64922357 2.1482699 3224631
0.054263461 0.64922357 2.1482699 3224631
0.063953362 0.64922357 2.1482699 3224631
0.075581253 0.64922357 2.1482699 3224631
0.08527115 0.64922357 2.1482699 3159095
0.09496107 0.64922363 2.1482701 3159095
0.10465097 0.64922363 2.1482701 3159095
0.11434088 0.64922363 2.1482701 3159095
0.12596877 0.64922363 2.1482701 3159095
0.13565868 0.64922363 2.1482701 3159095
0.14534856 0.64922363 2.1482701 3159095
0.15503848 0.64922363 2.1482701 3159095
0.16472839 0.64922363 2.1482701 3159095
0.1744183 0.64922363 2.1482701 3159095
0.1841082 0.64922363 2.1482701 3159095
0.1957361 0.64922363 2.1482701 3159095
0.20542598 0.64922363 2.1482701 3159094
0.2151159 0.64922363 2.1482701 3158838
0.2248058 0.64922363 2.1482701 3158838
0.23449571 0.64922369 2.1482704 3158838
0.24612361 0.64922369 2.1482704 3158838
0.25581354 0.64922369 2.1482704 3158838
0.26550344 0.64922369 2.1482704 3158838
0.27519333 0.64922369 2.1482701 3158838
0.28488323 0.64922363 2.1482701 3158838
0.29457313 0.64922363 2.1482701 3158838
0.30426306 0.64922369 2.1482704 3158838
0.31589094 0.64922369 2.1482704 3158838
0.32558084 0.64922369 2.1482704 3158838
0.33527076 0.64922369 2.1482704 3158838
0.34496066 0.64922369 2.1482704 3158838
0.35465059 0.64922369 2.1482704 3158838
0.36434048 0.64922369 2.1482704 3158838
0.37406254 0.64927906 2.1484535 3158838
0.38395655 0.64962304 2.1495919 3290682
-0.41224593 0.6599806 2.1454389 3422526
-0.40474764 0.65843797 2.1467264 3422526
-0.39482474 0.65803868 2.1454248 3422526
-0.38491461 0.65763992 2.1441247 3422526
-0.37409982 0.65596342 2.1449778 3488062
-0.36504883 0.65460932 2.1456025 3488062
-0.35491386 0.65370619 2.1451793 3488062
-0.3453041 0.65387332 2.1431892 3422525
-0.33447278 0.65347707 2.1431572 3356732
-0.32480592 0.65347707 2.1431572 3356218
-0.31513909 0.65347701 2.1431572 3224889
-0.30547222 0.65347701 2.143157 3224632
-0.29580536 0.65347701 2.143157 3224631
-0.28420517 0.65347701 2.143157 3224631
-0.27453834 0.65347707 2.1431572 3224631
-0.26487151 0.65347701 2.1431572 3224631
-0.25520465 0.65347701 2.1431572 3224631
-0.2455378 0.65347701 2.1431572 3224631
-0.23474745 0.65319407 2.1434972 3224631
-0.22539425 0.65375996 2.142817 3224631
-0.21460392 0.65347701 2.1431572 3224631
-0.20493709 0.65347707 2.1431572 3224631
-0.19527024 0.65347707 2.1431572 3224631
-0.1856034 0.65347707 2.1431575 3224631
-0.17593656 0.65347707 2.1431572 3224631
-0.16433632 0.65347707 2.1431572 3224631
-0.15466949 0.65347707 2.1431575 3224631
-0.14500265 0.65347707 2.1431572 3224631
-0.1353358 0.65347707 2.1431572 3224631
-0.12566896 0.65347713 2.1431572 3224631
-0.11406875 0.65347707 2.1431572 3224631
-0.10440191 0.65347707 2.1431575 3224631
-0.094735064 0.65347707 2.1431572 3224631
-0.085068218 0.65347707 2.1431575 3224631
-0.075401381 0.65347707 2.1431572 3224631
-0.065734535 0.65347713 2.1431575 3224631
-0.056067694 0.65347713 2.1431572 3224631
-0.044467483 0.65347719 2.1431577 3224631
-0.034800641 0.65347719 2.1431575 3224631
-0.025133796 0.65347713 2.1431572 3224631
-0.015466949 0.65347707 2.1431575 3224631
-0.0058001061 0.65347713 2.1431572 3224631
0.0058001056 0.65347713 2.1431572 3224631
0.015466952 0.65347719 2.1431575 3224631
0.025133796 0.65347713 2.1431572 3224631
0.034800641 0.65347719 2.1431575 3224631
0.044467483 0.65347713 2.1431577 3224631
0.056067701 0.65347713 2.1431572 3224631
0.06573455 0.65347719 2.1431577 3224631
0.075401388 0.65347719 2.1431577 3224631
0.085068241 0.65347725 2.1431577 3224631
0.094735086 0.65347725 2.1431577 3224631
0.10440192 0.65347719 2.1431577 3224631
0.11406877 0.65347713 2.1431577 3224631
0.12566897 0.65347713 2.1431575 3224631
0.13533583 0.65347719 2.1431577 3224631
0.14500268 0.65347719 2.143158 3224631
0.15466952 0.65347719 2.143158 3224631
0.16433638 0.65347719 2.143158 3224631
0.17593659 0.65347719 2.143158 3224631
0.18560344 0.65347719 2.143158 3224631
0.19527029 0.65347719 2.143158 3224631
0.20493712 0.65347719 2.143158 3224631
0.21460398 0.65347719 2.143158 3224631
0.22539432 0.65376014 2.142818 3224631
0.23474753 0.65319431 2.1434979 3224631
0.24553788 0.65347719 2.143158 3224631
0.25520471 0.65347719 2.143158 3224631
0.26487157 0.65347719 2.143158 3224631
0.27453843 0.65347719 2.143158 3224631
0.28420529 0.65347731 2.143158 3224631
0.29580548 0.65347731 2.143158 3224631
0.30547234 0.65347731 2.143158 3224631
0.3151392 0.65347731 2.143158 3224631
0.32480603 0.65347731 2.143158 3224631
0.33447289 0.65347725 2.143158 3224631
0.34524423 0.65376025 2.142818 3224631
0.35463548 0.65319431 2.1434979 3224631
0.36540684 0.65347731 2.143158 3224631
0.37507364 0.65347731 2.143158 3224631
0.38477573 0.6535365 2.1433527 3224631
0.39459166 0.65378177 2.1441584 3290425
0.40450928 0.65417939 2.1454625 3356475
0.41597152 0.65587902 2.1446993 3356475
0.42452639 0.65671903 2.1449146 3356475
0.43537745 0.65790063 2.1449745 3356475
0.44532281 0.65830082 2.1462793 3356475
0.45328814 0.65862137 2.1473243 3356475
-0.51390141 0.66904145 2.1496775 5333618
-0.50589919 0.66871643 2.1486332 4279124
-0.49590605 0.66831064 2.1473293 4213331
-0.48592588 0.66790527 2.1460268 3751749
-0.47563544 0.66666216 2.1461942 3422269
-0.46560758 0.66609246 2.1451826 3422525
-0.45456156 0.6653977 2.1441915 3422525
-0.44377407 0.66372424 2.145045 3422525
-0.43474311 0.66237235 2.1456695 3422525
-0.42459407 0.66146767 2.1452465 3422525
-0.41554296 0.66196728 2.1424778 3422525
-0.40739325 0.66225535 2.1402807 3422526
0.44982767 0.66219264 2.1400781 3356475
0.45677948 0.66165012 2.1424954 3356475
0.46533275 0.66183114 2.1439164 3356475
0.47509974 0.66173106 2.1461005 3356476
0.48563811 0.66363895 2.144767 3356476
0.49420029 0.66447967 2.1449821 3356476
0.50505358 0.66566157 2.1450422 3356476
0.5159024 0.66684043 2.1451068 3356476
0.52412701 0.66668206 2.1470814 3356476
0.5344727 0.66809058 2.1466222 3356475
0.54448694 0.66849738 2.1479294 3356475
0.5545125 0.66890466 2.1492379 3356475
-1.2341539 0.67341983 2.146332 10197915
-1.2243483 0.67391276 2.1454358 10197915
-1.2147902 0.67341912 2.1463301 10197915
-1.2049935 0.67391235 2.1454346 10197915
-1.1954291 0.67341977 2.1463323 10197915
-1.1847259 0.67366672 2.1458857 10197915
-1.1750433 0.67366481 2.1458795 10197915
-1.1653662 0.673666 2.1458831 10197915
-1.1546719 0.67391205 2.1454334 10197915
-1.1450887 0.67342079 2.1463351 10197915
-1.1353154 0.67391074 2.1454291 10197915
-1.1257267 0.67342097 2.1463361 10197915
-1.1150326 0.67366475 2.145879 10197915
-1.1043502 0.67391169 2.1454322 10197915
-1.0947441 0.67341918 2.1463304 10197915
-1.0849969 0.67391217 2.1454339 10197915
-1.075381 0.67341882 2.1463287 10197915
-1.064702 0.67366534 2.1458809 10197915
-1.0540292 0.67391157 2.1454322 10197915
-1.0444033 0.67341995 2.1463325 10197915
-1.0346733 0.6739105 2.1454287 10197915
-1.0250416 0.67342037 2.1463342 10197915
-1.015321 0.67391169 2.1454325 10197915
-1.0056792 0.67342043 2.1463342 10197915
-0.99501151 0.67366475 2.145879 10197915
-0.98435414 0.67391163 2.1454322 10197915
-0.9746992 0.67342025 2.1463337 10197915
-0.9649995 0.67391133 2.1454313 10197915
-0.95533448 0.67341852 2.1463284 10197915
-0.94564569 0.67391169 2.1454322 10197915
-0.93500501 0.67366618 2.1458838 10197915
-0.92435658 0.67341977 2.1463323 10197915
-0.9146781 0.67391098 2.1454301 10197915
-0.90499389 0.67341959 2.1463313 10197915
-0.89532632 0.67391282 2.1454358 10197915
-0.88563186 0.67341983 2.1463323 10197915
-0.87499088 0.67366511 2.1458802 10197915
-0.86435699 0.67391092 2.1454298 10197915
-0.85465348 0.67342091 2.1463356 10197915
-0.84500283 0.67391086 2.1454301 10197915
-0.83528966 0.67341965 2.1463318 10197915
-0.82564908 0.67391121 2.1454308 10197915
-0.81498456 0.67366689 2.1458859 10197915
-0.80430973 0.67341948 2.1463311 10197915
-0.79468316 0.67391187 2.1454329 10197915
-0.78494793 0.67341989 2.1463323 10197915
-0.77533007 0.67391288 2.145436 10197915
-0.76558483 0.67341918 2.1463304 10197915
-0.75597435 0.67391145 2.145432 10197915
-0.74529362 0.673666 2.1458831 10197915
-0.73460627 0.67342025 2.1463337 10197915
-0.72500688 0.6739108 2.1454296 10197915
-0.71524411 0.67342049 2.1463342 10197915
-0.70565385 0.67391205 2.1454334 10197915
-0.69496244 0.67366624 2.145884 10197915
-0.68426275 0.67341888 2.1463292 10197915
-0.67468733 0.67391217 2.1454341 10197915
-0.66490233 0.67342079 2.1463354 10197915
-0.65533268 0.67391175 2.1454327 10197915
-0.64462996 0.67366529 2.1458809 10197915
-0.63495141 0.67366588 2.1458831 10197915
-0.62527066 0.67366427 2.1458776 10197915
-0.61455941 0.67341989 2.1463325 10197915
-0.60501134 0.67391133 2.1454313 10197915
-0.59519708 0.67341983 2.1463325 10197915
-0.58565599 0.67391002 2.1454272 10197915
-0.57494044 0.67366552 2.1458817 10197915
-0.56421727 0.67341983 2.1463325 10197915
-0.55469042 0.67391121 2.145431 10197915
-0.54485428 0.67341894 2.1463294 10197915
-0.53527236 0.67383051 2.145174 7635600
-0.52512455 0.67294753 2.1448269 4608862
-0.51531392 0.67303813 2.1426513 4740449
-0.50480342 0.67113632 2.1439795 4872036
-0.49483263 0.67072982 2.1426811 4740193
-0.4848747 0.67032385 2.1413841 3752007
0.52532864 0.67017996 2.1409245 3356476
0.53531069 0.670587 2.1422246 3356475
0.54530406 0.6709944 2.1435261 3356475
0.55562788 0.67239732 2.1430728 3356475
0.56471479 0.67301387 2.143806 3356475
0.57473415 0.67342305 2.1451094 3356474
0.58565408 0.67390782 2.1454201 3618872
0.59519368 0.67341608 2.1463203 3684408
0.60500818 0.67390782 2.1454201 3684408
0.61455595 0.67341608 2.1463203 3684408
0.62526852 0.67366189 2.1458702 3684408
0.63494766 0.67366189 2.1458702 3684408
0.6446268 0.67366189 2.1458702 3684408
0.65532887 0.67390776 2.1454201 3684408
0.66489768 0.67341608 2.1463203 3684408
0.67468292 0.67390782 2.1454201 3684408
0.68425989 0.67341608 2.1463203 3684408
0.69495797 0.67366189 2.1458702 3684408
0.7056495 0.67390776 2.1454201 3684408
0.71523941 0.67341608 2.1463203 3684408
0.7250036 0.67390776 2.1454201 3684408
0.73460168 0.67341602 2.1463203 3684408
0.74528915 0.67366195 2.1458702 3684408
0.75597018 0.67390776 2.1454201 3684408
0.76558119 0.67341608 2.1463203 3684408
0.77532423 0.67390782 2.1454201 3684408
0.78494346 0.67341608 2.1463203 3684408
0.79467839 0.67390776 2.1454201 3684408
0.80430573 0.67341602 2.1463203 3684408
0.81497854 0.67366189 2.1458702 3684408
0.82564485 0.67390776 2.1454201 3684408
0.83528519 0.67341608 2.1463203 3684408
0.84499902 0.67390776 2.1454201 3684408
0.85464746 0.67341608 2.1463203 3684408
0.86435306 0.67390776 2.1454201 3684408
0.87498671 0.67366189 2.1458702 3684408
0.88562709 0.67341602 2.1463203 3684408
0.89531964 0.67390782 2.1454201 3684408
0.90498924 0.67341602 2.1463203 3684408
0.91467369 0.67390782 2.1454201 3684408
0.92435139 0.67341602 2.1463203 3684408
0.93499923 0.67366195 2.1458702 3684408
0.94564039 0.67390776 2.1454201 3684408
0.95533103 0.67341608 2.1463203 3684408
0.96499443 0.67390782 2.1454201 3684408
0.97469318 0.67341608 2.1463203 3684408
0.98434848 0.67390776 2.1454201 3684408
0.99500746 0.67366195 2.1458702 3684408
1.0056727 0.67341602 2.1463203 3684408
1.0153151 0.67390776 2.1454201 3684408
1.025035 0.67341608 2.1463203 3684408
1.0346692 0.67390776 2.1454201 3684408
1.0443971 0.67341608 2.1463203 3684408
1.0540233 0.67390776 2.1454201 3684408
1.0646968 0.67366195 2.1458702 3684408
1.0753767 0.67341608 2.1463203 3684408
1.0849898 0.67390782 2.1454201 3684408
1.094739 0.67341608 2.1463203 3684408
1.104344 0.67390782 2.1454201 3684408
1.1150279 0.67366195 2.1458702 3684408
1.1257186 0.67341608 2.1463203 3684408
1.1353104 0.67390782 2.1454201 3684408
1.1450808 0.67341608 2.1463203 3684408
1.1546645 0.67390782 2.1454201 3684408
1.1653593 0.67366195 2.1458702 3684408
1.1750383 0.67366195 2.1458702 3684408
1.1847174 0.67366189 2.1458702 3684408
1.1954224 0.67341608 2.1463203 3684408
1.2049853 0.67390776 2.1454201 3684408
1.2147849 0.67341608 2.1463203 3684408
1.2243394 0.67390782 2.1454201 3684408
1.234147 0.67341608 2.1463203 3684408
-0.38386226 0.64886361 2.1599741 3488062
-0.37588513 0.64854687 2.1589196 3488062
-0.36592349 0.64815128 2.157603 3488062
-0.35597479 0.64775628 2.1562879 3488062
-0.3446418 0.64698935 2.1553698 3488062
-0.33449328 0.64564717 2.1557479 3488318
-0.32457533 0.64526033 2.1544564 3488318
-0.31452411 0.64420831 2.1548445 3422525
-0.30525184 0.64355177 2.1552508 3422268
-0.29474661 0.64310688 2.1556213 3356475
-0.28524897 0.64387375 2.1546996 3224888
-0.27466774 0.64315838 2.1555593 3159095
-0.26517862 0.64392436 2.1546385 3158838
-0.25468612 0.64351583 2.1551294 3158838
-0.2449653 0.64351583 2.1551294 3158838
-0.23524445 0.64351583 2.1551297 3158838
-0.22474051 0.64310688 2.1556213 3158838
-0.21527287 0.64387375 2.1546998 3158838
-0.20466372 0.64315838 2.1555595 3158838
-0.1952045 0.64392436 2.1546385 3158838
-0.18469606 0.64351577 2.1551294 3158838
-0.17497522 0.64351577 2.1551294 3158838
-0.16525437 0.64351577 2.1551297 3158838
-0.15553354 0.64351583 2.1551297 3158838
-0.14581269 0.64351583 2.1551297 3158838
-0.13414767 0.64351583 2.1551299 3158838
-0.12442683 0.64351588 2.1551297 3158838
-0.11470599 0.64351583 2.1551297 3158838
-0.10498514 0.64351588 2.1551297 3158838
-0.095264293 0.64351588 2.1551299 3158838
-0.085543446 0.64351588 2.1551301 3158838
-0.075822607 0.64351588 2.1551299 3158838
-0.064157583 0.64351588 2.1551297 3158838
-0.05443674 0.64351583 2.1551297 3158838
-0.044715893 0.64351588 2.1551299 3158838
-0.034995046 0.64351588 2.1551297 3158838
-0.0252742 0.64351588 2.1551301 3158838
-0.015553355 0.64351594 2.1551301 3158837
-0.0058325082 0.64351594 2.1551301 3158837
0.0058325077 0.64351588 2.1551301 3158837
0.015553355 0.643516 2.1551301 3158837
0.025274204 0.64351594 2.1551301 3158837
0.034995049 0.643516 2.1551301 3158837
0.0447159 0.64351588 2.1551301 3158837
0.054436743 0.643516 2.1551301 3158837
0.064157583 0.64351588 2.1551301 3158837
0.075822607 0.64351594 2.1551299 3158837
0.085543454 0.64351588 2.1551301 3158837
0.095264293 0.64351594 2.1551299 3158837
0.10498515 0.643516 2.1551301 3158837
0.114706 0.64351594 2.1551304 3158837
0.12442685 0.643516 2.1551304 3158837
0.1341477 0.643516 2.1551304 3158837
0.14581272 0.643516 2.1551304 3158837
0.15553357 0.64351594 2.1551304 3158837
0.16525441 0.643516 2.1551304 3158837
0.17497526 0.643516 2.1551301 3158837
0.18469611 0.64351594 2.1551301 3158837
0.19520454 0.64392459 2.154639 3158837
0.20466378 0.64315856 2.15556 3158837
0.21527293 0.64387381 2.1547 3158581
0.22474055 0.643107 2.155622 3158581
0.23524451 0.643516 2.1551304 3158581
0.24496537 0.643516 2.1551304 3158581
0.25468624 0.643516 2.1551304 3158581
0.26517874 0.64392465 2.1546395 3158581
0.27466783 0.64315856 2.15556 3158581
0.28524908 0.64387387 2.1547003 3158581
0.29474664 0.643107 2.155622 3158581
0.30523461 0.643516 2.1551304 3158581
0.31495547 0.643516 2.1551304 3158581
0.32467639 0.643516 2.1551304 3158581
0.33515289 0.64392459 2.1546395 3158581
0.34467447 0.6431632 2.1555758 3158581
0.35527211 0.64395845 2.1549847 3158838
0.36532605 0.64514792 2.1540809 3224632
0.37525868 0.64551955 2.1553218 3290682
0.38615558 0.64670342 2.1553874 3356475
0.39397046 0.64688987 2.156647 3356474
0.40472287 0.6479454 2.1569176 3356475
0.41470575 0.64834172 2.1582372 3356475
0.42469999 0.64873862 2.1595581 3356475
-0.47305524 0.65994126 2.1579678 3422525
-0.46504211 0.65961951 2.1569154 3422525
-0.45336249 0.65831774 2.1569059 3422525
-0.44462901 0.65780079 2.1560626 3422525
-0.43442887 0.6568926 2.1556358 3422525
-0.42466131 0.65699995 2.1534381 3422525
-0.41403988 0.65507561 2.1547849 3422526
-0.40451616 0.65344667 2.1558156 3422526
-0.39455214 0.65304869 2.1545026 3422526
-0.38459957 0.65265125 2.1531918 3488062
-0.37585583 0.65167785 2.153182 3488062
-0.36512759 0.65062588 2.1529102 3488062
-0.35520104 0.65023023 2.1516011 3488062
0.39588109 0.65009844 2.151165 3356475
0.40583193 0.65049511 2.1524775 3356475
0.41579407 0.65089226 2.1537914 3356475
0.42619482 0.65230614 2.1533341 3356475
0.4352808 0.6529187 2.154074 3356475
0.44526911 0.65331763 2.15539 3356475
0.45616847 0.6545018 2.1554551 3356475
0.46460202 0.6557557 2.1548877 3356475
0.47536498 0.6572696 2.1543217 3356476
0.48518968 0.65716422 2.156527 3356476
0.49540433 0.65807319 2.1569557 3356476
0.50580382 0.65949011 2.1564927 3356476
0.51383668 0.65981269 2.1575475 3356476
-1.2422066 0.66872883 2.1549258 10197915
-1.2354691 0.66848183 2.1553826 10197915
-1.2247089 0.66872901 2.1549263 10197915
-1.2149875 0.66872817 2.1549239 10197915
-1.2052692 0.66872907 2.1549265 10197915
-1.1945215 0.6689772 2.1544735 10197915
-1.1849135 0.66848117 2.1553805 10197915
-1.1750838 0.66897619 2.15447 10197915
-1.1654704 0.66848153 2.1553817 10197915
-1.154727 0.66872996 2.1549289 10197915
-1.1450052 0.66872883 2.1549258 10197915
-1.1352849 0.66872865 2.1549253 10197915
-1.1245512 0.66897643 2.1544709 10197915
-1.1149136 0.6684801 2.1553771 10197915
-1.1051152 0.66897613 2.15447 10197915
-1.0954716 0.66848135 2.155381 10197915
-1.0847409 0.66872835 2.1549244 10197915
-1.0740172 0.66897565 2.1544681 10197915
-1.06436 0.66848052 2.1553786 10197915
-1.0545838 0.66897714 2.1544731 10197915
-1.0449163 0.66848063 2.1553788 10197915
-1.0351461 0.66897589 2.154469 10197915
-1.0254726 0.66848075 2.1553793 10197915
-1.0157124 0.66897714 2.1544731 10197915
-1.0050396 0.66872829 2.1549242 10197915
-0.99436283 0.66848117 2.1553807 10197915
-0.98461235 0.66897541 2.1544673 10197915
-0.97492039 0.66848218 2.1553838 10197915
-0.96517706 0.66897565 2.1544681 10197915
-0.95547438 0.66848075 2.1553793 10197915
-0.94574153 0.66897583 2.1544688 10197915
-0.93505794 0.6687296 2.1549282 10197915
-0.92436326 0.66848022 2.1553776 10197915
-0.91464508 0.66897631 2.1544704 10197915
-0.90492076 0.66848135 2.155381 10197915
-0.89521062 0.6689772 2.1544733 10197915
-0.88547516 0.66848004 2.1553769 10197915
-0.87577403 0.66897666 2.1544712 10197915
-0.86507338 0.66872889 2.1549258 10197915
-0.85436696 0.66848171 2.1553822 10197915
-0.84467518 0.66897529 2.1544671 10197915
-0.83492297 0.66848171 2.1553822 10197915
-0.82524109 0.66897666 2.1544716 10197915
-0.8154791 0.66848171 2.1553822 10197915
-0.80580395 0.66897547 2.1544678 10197915
-0.79509026 0.66872913 2.1549265 10197915
-0.78436863 0.66848165 2.1553817 10197915
-0.77470845 0.66897696 2.1544726 10197915
-0.76492316 0.66848028 2.1553779 10197915
-0.75527239 0.6689766 2.1544714 10197915
-0.74548101 0.66848189 2.1553829 10197915
-0.73583651 0.66897655 2.1544712 10197915
-0.72510624 0.66872859 2.1549249 10197915
-0.71437013 0.66848141 2.1553812 10197915
-0.70474017 0.66897738 2.1544738 10197915
-0.69492596 0.66848123 2.1553807 10197915
-0.68530315 0.66897613 2.15447 10197915
-0.67548221 0.66848141 2.1553814 10197915
-0.66586882 0.66897756 2.1544743 10197915
-0.65512288 0.66872865 2.1549253 10197915
-0.64437157 0.66848105 2.1553802 10197915
-0.63476986 0.66897571 2.1544683 10197915
-0.62492663 0.66848004 2.1553769 10197915
-0.61533439 0.66897613 2.1544697 10197915
-0.60457963 0.66872913 2.1549265 10197915
-0.59485877 0.66872799 2.154923 10197915
-0.58513874 0.66872793 2.1549227 10197915
-0.57437313 0.66848087 2.1553795 10197915
-0.56480205 0.66897678 2.1544719 10197915
-0.55492926 0.66848087 2.1553798 10197915
-0.54536515 0.66897535 2.1544673 10197915
-0.53542036 0.66839945 2.1551168 7372170
-0.52467394 0.66782576 2.15411 5135724
-0.51520562 0.66620213 2.1551423 4674399
-0.50445127 0.66469204 2.1557035 4542813
-0.49461204 0.66479146 2.153506 4147537
-0.484034 0.6628719 2.1548526 3422269
-0.47503948 0.66168165 2.1551886 3422525
-0.46403098 0.66206837 2.1522257 3422525
-0.45404661 0.66166586 2.1509173 3422525
-0.44806179 0.66142458 2.1501329 3422525
0.4966943 0.66161203 2.1507423 3356732
0.50470126 0.66193479 2.1517916 3356476
0.5160076 0.66176784 2.1544135 3356476
0.52618575 0.66230053 2.1555233 3356476
0.53460121 0.66355246 2.1549556 3356475
0.54534602 0.66506428 2.1543896 3356475
0.55524272 0.66496694 2.1565952 3356475
0.56512642 0.66716558 2.1545954 3356475
0.57522875 0.66850668 2.1542101 3356475
0.58513522 0.668724 2.1549101 3618616
0.59485483 0.6687237 2.1549091 3684408
0.60457474 0.66872376 2.1549091 3684408
0.6153304 0.66897178 2.1544557 3684408
0.62492251 0.66847569 2.1553626 3684408
0.63476598 0.66897172 2.1544557 3684408
0.64436638 0.66847563 2.1553626 3684408
0.65511793 0.66872364 2.1549091 3684408
0.66586298 0.66897172 2.1544557 3684408
0.67547637 0.66847569 2.1553626 3684408
0.68529862 0.66897178 2.1544557 3684408
0.69492018 0.66847569 2.1553626 3684408
0.70473421 0.66897178 2.1544557 3684408
0.71436399 0.66847569 2.1553626 3684408
0.72510082 0.66872364 2.1549091 3684408
0.7358312 0.66897172 2.1544557 3684408
0.74547398 0.66847569 2.1553626 3684408
0.75526679 0.66897172 2.1544557 3684408
0.76491779 0.66847563 2.1553626 3684408
0.77470243 0.66897172 2.1544557 3684408
0.78436166 0.66847569 2.1553626 3684408
0.79508382 0.66872376 2.1549091 3684408
0.80579937 0.66897178 2.1544557 3684408
0.81547177 0.66847569 2.1553626 3684408
0.82523507 0.66897178 2.1544557 3684408
0.83491552 0.66847569 2.1553626 3684408
0.84467059 0.66897172 2.1544557 3684408
0.85435927 0.66847563 2.1553626 3684408
0.86506671 0.66872364 2.1549091 3684408
0.87576759 0.66897172 2.1544557 3684408
0.88546932 0.66847563 2.1553626 3684408
0.89520311 0.66897172 2.1544557 3684408
0.90491313 0.66847569 2.1553626 3684408
0.91463882 0.66897172 2.1544557 3684408
0.92435694 0.66847569 2.1553626 3684408
0.93504953 0.66872376 2.1549091 3684408
0.94573581 0.66897172 2.1544557 3684408
0.95546705 0.66847569 2.1553626 3684408
0.96517134 0.66897172 2.1544557 3684408
0.97491074 0.66847569 2.1553626 3684408
0.98460692 0.66897178 2.1544557 3684408
0.99435461 0.66847569 2.1553626 3684408
1.0050327 0.66872364 2.1549091 3684408
1.0157039 0.66897172 2.1544557 3684408
1.0254647 0.66847569 2.1553626 3684408
1.0351397 0.66897172 2.1544557 3684408
1.0449084 0.66847569 2.1553626 3684408
1.0545752 0.66897172 2.1544557 3684408
1.0643523 0.66847569 2.1553626 3684408
1.0740107 0.66897172 2.1544557 3684408
1.0847332 0.66872376 2.1549091 3684408
1.0954623 0.66847563 2.1553626 3684408
1.1051079 0.66897172 2.1544557 3684408
1.1149061 0.66847563 2.1553626 3684408
1.1245434 0.66897172 2.1544557 3684408
1.1352764 0.66872376 2.1549091 3684408
1.1449964 0.6687237 2.1549091 3684408
1.1547163 0.66872364 2.1549091 3684408
1.16546 0.66847569 2.1553626 3684408
1.175076 0.66897172 2.1544557 3684408
1.1849039 0.66847563 2.1553626 3684408
1.1945117 0.66897172 2.1544557 3684408
1.2052594 0.66872376 2.1549091 3684408
1.2149793 0.6687237 2.1549091 3684408
1.2246991 0.66872364 2.1549091 3684408
1.2354577 0.66847569 2.1553626 3684408
1.2421969 0.6687237 2.1549091 3684408
-0.35031185 0.63995516 2.1694076 3488318
-0.34431428 0.63971984 2.1686099 3488318
-0.33432809 0.63932794 2.1672814 3488318
-0.32435334 0.63893652 2.1659546 3488318
-0.3147361 0.63728827 2.1670015 3488318
-0.30477464 0.63689822 2.1656747 3488318
-0.29483995 0.6365388 2.1644523 3488062
-0.28475913 0.63553035 2.1650145 3422525
-0.27545181 0.63490224 2.1655376 3356732
-0.26490122 0.63447732 2.1659932 3290682
-0.25537083 0.63525164 2.1650624 3224631
-0.24472669 0.63452935 2.1659307 3158837
-0.23520474 0.63530272 2.1650009 3093044
-0.22465494 0.63489032 2.1654968 3093044
-0.21488734 0.63489026 2.1654968 3093044
-0.20511974 0.63489026 2.1654966 3093044
-0.19535214 0.63489026 2.1654968 3093044
-0.18558455 0.63489032 2.1654968 3093044
-0.17501865 0.63447732 2.1659932 3093044
-0.16552685 0.63525164 2.1650624 3093044
-0.1543282 0.63489032 2.1654966 3093044
-0.14456058 0.63489026 2.1654968 3093044
-0.13479298 0.63489032 2.1654968 3093044
-0.12502538 0.63489032 2.1654968 3093044
-0.11525777 0.63489032 2.1654968 3093044
-0.10549016 0.63489032 2.1654968 3093044
-0.095722549 0.63489032 2.1654968 3093044
-0.084505849 0.63452935 2.1659307 3093044
-0.075052701 0.63530284 2.1650012 3093044
-0.064466208 0.63489032 2.1654968 3093044
-0.054698605 0.63489032 2.1654968 3093044
-0.044930995 0.63489032 2.1654968 3093044
-0.035163388 0.63489032 2.1654968 3093044
-0.025395779 0.63489032 2.1654968 3093044
-0.015628172 0.63489032 2.1654968 3093044
-0.0058605652 0.63489032 2.1654968 3093044
0.0058605652 0.63489032 2.1654968 3093044
0.015628172 0.63489032 2.1654971 3093044
0.025395783 0.63489032 2.1654971 3093044
0.035163388 0.63489032 2.1654971 3093044
0.044930998 0.63489032 2.1654971 3093044
0.054698605 0.63489032 2.1654971 3093044
0.064466216 0.63489038 2.1654973 3093044
0.075052701 0.63530284 2.1650012 3093044
0.084505863 0.63452947 2.165931 3093044
0.095722564 0.63489032 2.1654971 3093044
0.10549017 0.63489032 2.1654971 3092788
0.11525778 0.63489032 2.1654971 3092788
0.12502539 0.63489032 2.1654971 3092788
0.13479298 0.63489038 2.1654975 3092788
0.14456062 0.63489038 2.1654971 3092788
0.15432823 0.63489038 2.1654973 3092788
0.1655269 0.63525176 2.1650629 3092788
0.1750187 0.6344775 2.1659935 3092788
0.18558456 0.63489038 2.1654973 3092788
0.19535215 0.63489032 2.1654971 3092788
0.20511979 0.63489032 2.1654973 3092788
0.2148874 0.63489038 2.1654971 3092788
0.22465502 0.63489038 2.1654975 3092788
0.23520485 0.63530296 2.1650016 3092788
0.24472675 0.63452947 2.1659312 3092788
0.25537086 0.63525176 2.1650631 3092788
0.26490131 0.63447756 2.1659935 3092788
0.27544659 0.63489044 2.1654975 3092788
0.28521422 0.6348905 2.1654975 3092788
0.29498184 0.63489044 2.1654975 3092788
0.30474946 0.6348905 2.1654975 3092788
0.31451702 0.63489038 2.1654975 3092788
0.32506803 0.6353451 2.1651466 3093044
0.33466977 0.63614511 2.1644409 3093045
0.344863 0.63699955 2.1646907 3224889
0.35460079 0.63687289 2.1669176 3290683
0.36451799 0.63815105 2.1666095 3290682
0.37531644 0.63921034 2.166883 3290682
0.38532734 0.6396032 2.1682146 3356218
0.39334399 0.63991779 2.169281 3356475
-0.42077899 0.6478039 2.1694765 3422525
-0.41378543 0.6483686 2.1670096 3422526
-0.40517196 0.64819586 2.1655617 3422526
-0.39538944 0.64831263 2.1633439 3422526
-0.38551393 0.64568454 2.1661315 3488062
-0.37511903 0.64473325 2.1657434 3488062
-0.36512721 0.64433891 2.1644185 3488062
-0.35498002 0.64317834 2.164464 3488062
-0.34555629 0.642304 2.1641338 3488318
-0.33558917 0.64191139 2.1628108 3488318
-0.32563499 0.64151919 2.1614895 3488318
-0.31767946 0.64120579 2.1604335 3488318
0.36451888 0.6413182 2.1608124 3356475
0.37449431 0.64171124 2.1621366 3290682
0.38448277 0.64210469 2.1634624 3356218
0.39630985 0.64307374 2.1641116 3356475
0.40494114 0.64392161 2.1643276 3356475
0.41517678 0.64483118 2.1647594 3356475
0.42498723 0.64471257 2.1669865 3356475
0.43481439 0.64733809 2.1641939 3356475
0.44521421 0.64829189 2.1645784 3356475
0.45455417 0.64840955 2.1662765 3356475
0.46582288 0.64784575 2.1696167 3356475
-0.52446663 0.65949696 2.1693132 4806243
-0.51436687 0.65909284 2.167984 4872036
-0.50427866 0.6586892 2.1666563 4476762
-0.4934653 0.65762782 2.166384 4213331
-0.48467034 0.65664762 2.1663764 3422269
-0.47460854 0.65624589 2.1650507 3422525
-0.46455824 0.65584445 2.1637263 3422525
-0.45501611 0.6542058 2.1647713 3422525
-0.44546789 0.65256888 2.1658115 3422525
-0.4354327 0.65216964 2.1644866 3422525
-0.42540896 0.65177089 2.1631632 3422525
-0.41821751 0.65106583 2.1629808 3422525
0.45877331 0.65009153 2.1640618 3356475
0.46629867 0.65164793 2.1627543 3356475
0.475245 0.65175211 2.1643963 3356476
0.485495 0.65266335 2.1648283 3356476
0.49537811 0.65255278 2.1670551 3356476
0.5042941 0.6552549 2.1639357 3356476
0.51442993 0.6558286 2.1649621 3356476
0.52469051 0.65674078 2.1653943 3356476
0.53461653 0.65663445 2.1676223 3356476
0.54522437 0.65856773 2.1662567 3356475
0.55533588 0.65897226 2.1675873 3356475
0.56546074 0.6593774 2.1689203 3356475
0.57356864 0.65970182 2.1699872 3356475
-1.2446027 0.66350031 2.1645041 10197915
-1.2347105 0.66400194 2.1635938 10197915
-1.2250746 0.6634993 2.164501 10197915
-1.2151906 0.66400087 2.1635902 10197915
-1.2055502 0.66350025 2.1645041 10197915
-1.1947534 0.66375107 2.1640484 10197915
-1.1849899 0.66374969 2.1640441 10197915
-1.1752313 0.66375095 2.1640487 10197915
-1.164444 0.66400093 2.1635904 10197915
-1.1547832 0.66350102 2.1645064 10197915
-1.1449234 0.66399956 2.1635861 10197915
-1.135258 0.66350156 2.1645083 10197915
-1.1254056 0.66399956 2.1635857 10197915
-1.1157281 0.66349953 2.1645017 10197915
-1.1049501 0.66374999 2.1640453 10197915
-1.0941794 0.66400111 2.1635909 10197915
-1.0844857 0.66349918 2.1645005 10197915
-1.0746601 0.66400039 2.1635888 10197915
-1.0649602 0.66349971 2.1645021 10197915
-1.055143 0.66400087 2.1635902 10197915
-1.0454332 0.66349918 2.1645005 10197915
-1.0356245 0.66400063 2.1635895 10197915
-1.0259085 0.66350013 2.1645036 10197915
-1.0151496 0.66375095 2.1640484 10197915
-1.0043933 0.66399914 2.1635845 10197915
-0.99466693 0.66350049 2.1645045 10197915
-0.98487729 0.66400039 2.1635888 10197915
-0.97514117 0.66350091 2.1645057 10197915
-0.96535766 0.66399926 2.1635849 10197915
-0.95561409 0.66350025 2.1645041 10197915
-0.94486934 0.66375053 2.1640472 10197915
-0.93413115 0.66400087 2.1635902 10197915
-0.92437065 0.6634993 2.1645007 10197915
-0.91461289 0.66400069 2.1635895 10197915
-0.90484667 0.66350091 2.1645062 10197915
-0.89509487 0.66400063 2.1635895 10197915
-0.88531828 0.6634993 2.1645007 10197915
-0.8755765 0.66400039 2.1635888 10197915
-0.86483097 0.66375083 2.1640482 10197915
-0.85407734 0.66350013 2.1645036 10197915
-0.84434736 0.66400015 2.1635878 10197915
-0.83455163 0.66350049 2.1645048 10197915
-0.82483065 0.66400111 2.1635909 10197915
-0.81502497 0.66350019 2.1645036 10197915
-0.80531156 0.66400027 2.1635883 10197915
-0.79549873 0.66350031 2.1645041 10197915
-0.78579462 0.66400111 2.1635909 10197915
-0.77502829 0.66375017 2.1640458 10197915
-0.76425654 0.66350007 2.1645033 10197915
-0.75456464 0.66400015 2.163588 10197915
-0.74473214 0.66350174 2.1645088 10197915
-0.73504657 0.66400015 2.163588 10197915
-0.72520429 0.66350031 2.1645043 10197915
-0.71552837 0.66399992 2.1635871 10197915
-0.70475024 0.66375166 2.1640508 10197915
-0.69498754 0.66375005 2.1640453 10197915
-0.68522692 0.66375059 2.164047 10197915
-0.67443597 0.66350019 2.1645041 10197915
-0.66478336 0.66400164 2.1635928 10197915
-0.6549089 0.66349947 2.1645014 10197915
-0.6452648 0.66400111 2.1635909 10197915
-0.63538325 0.66350001 2.1645033 10197915
-0.6257453 0.66399956 2.1635859 10197915
-0.61494631 0.66374946 2.1640434 10197915
-0.60518694 0.66375142 2.1640501 10197915
-0.59542453 0.66374987 2.1640451 10197915
-0.58461487 0.66349995 2.1645029 10197915
-0.57499844 0.66399938 2.1635852 10197915
-0.56508988 0.66350138 2.1645076 10197915
-0.55548042 0.66399938 2.1635852 10197915
-0.54466701 0.66374987 2.1640446 10197915
-0.53483862 0.66366595 2.1637714 6451066
-0.52568358 0.66305465 2.1630502 4740192
-0.51525682 0.66163635 2.1635106 4477018
-0.50518966 0.66123199 2.1621883 5135724
-0.49513394 0.66082805 2.1608677 4608606
-0.48910642 0.66058594 2.1600759 3422269
0.53798246 0.66078258 2.1607189 3356475
0.54604685 0.66110647 2.161778 3356475
0.55411917 0.66143072 2.1628382 3356475
0.56422108 0.66183645 2.1641648 3356475
0.57479227 0.66376084 2.1628079 3356474
0.58460724 0.66349125 2.1644747 3618616
0.5954178 0.66374242 2.1640205 3684408
0.60517877 0.66374242 2.1640205 3684408
0.61493975 0.66374242 2.1640205 3684408
0.62573868 0.66399246 2.1635628 3684408
0.63537586 0.66349238 2.1644783 3684408
0.6452564 0.66399246 2.1635628 3684408
0.65490186 0.66349238 2.1644783 3684408
0.66477412 0.66399246 2.1635628 3684408
0.67442799 0.66349238 2.1644783 3684408
0.68521857 0.66374242 2.1640205 3684408
0.69497955 0.66374242 2.1640205 3684408
0.70474052 0.66374242 2.1640205 3684408
0.71552032 0.66399246 2.1635628 3684408
0.72519559 0.66349238 2.1644783 3684408
0.7350381 0.66399246 2.1635628 3684408
0.74472159 0.66349238 2.1644783 3684408
0.75455588 0.66399246 2.1635628 3684408
0.76424772 0.66349238 2.1644783 3684408
0.77501935 0.66374242 2.1640205 3684408
0.78578436 0.66399246 2.1635628 3684408
0.79548931 0.66349238 2.1644783 3684408
0.80530202 0.66399246 2.1635628 3684408
0.81501532 0.66349238 2.1644783 3684408
0.82481986 0.66399246 2.1635628 3684408
0.83454132 0.66349238 2.1644783 3684408
0.84433758 0.66399246 2.1635628 3684408
0.85406744 0.66349238 2.1644783 3684408
0.86482006 0.66374242 2.1640205 3684408
0.87556601 0.66399246 2.1635628 3684408
0.88530904 0.66349238 2.1644783 3684408
0.89508379 0.66399246 2.1635628 3684408
0.90483505 0.66349238 2.1644783 3684408
0.91460162 0.66399246 2.1635628 3684408
0.92436105 0.66349238 2.1644783 3684408
0.93509883 0.66374242 2.1640205 3684408
0.94582999 0.66399246 2.1635628 3684408
0.95560277 0.66349238 2.1644783 3684408
0.96534777 0.66399246 2.1635628 3684408
0.97512877 0.66349238 2.1644783 3684408
0.98486549 0.66399246 2.1635628 3684408
0.99465483 0.66349238 2.1644783 3684408
1.0043833 0.66399246 2.1635628 3684408
1.0151366 0.66374242 2.1640205 3684408
1.0258964 0.66349238 2.1644783 3684408
1.0356117 0.66399246 2.1635628 3684408
1.0454224 0.66349238 2.1644783 3684408
1.0551296 0.66399246 2.1635628 3684408
1.0649484 0.66349238 2.1644783 3684408
1.0746472 0.66399246 2.1635628 3684408
1.0844746 0.66349238 2.1644783 3684408
1.0941651 0.66399246 2.1635628 3684408
1.1049372 0.66374242 2.1640205 3684408
1.1157162 0.66349238 2.1644783 3684408
1.1253935 0.66399246 2.1635628 3684408
1.1352421 0.66349238 2.1644783 3684408
1.1449112 0.66399246 2.1635628 3684408
1.1547682 0.66349238 2.1644783 3684408
1.1644289 0.66399246 2.1635628 3684408
1.1752161 0.66374242 2.1640205 3684408
1.1849771 0.66374242 2.1640205 3684408
1.194738 0.66374242 2.1640205 3684408
1.205536 0.66349238 2.1644783 3684408
1.2151752 0.66399246 2.1635628 3684408
1.2250619 0.66349238 2.1644783 3684408
1.2346929 0.66399246 2.1635628 3684408
1.2445879 0.66349238 2.1644783 3684408
-0.28477022 0.62845474 2.1770322 3488319
-0.27478108 0.62806833 2.1756935 3488319
-0.26483551 0.62775546 2.1746092 3422526
-0.25472051 0.6267913 2.175354 3422525
-0.24537055 0.62618136 2.1759644 3356475
-0.23476732 0.62576443 2.1764655 3290425
-0.22520384 0.62654608 2.1755257 3158838
-0.21449609 0.62581688 2.1764021 3092788
-0.2049412 0.62659782 2.1754634 3027251
-0.19433343 0.62618124 2.1759641 3027251
-0.18451864 0.6261813 2.1759641 3027251
-0.17470379 0.62618136 2.1759641 3027251
-0.16488898 0.62618136 2.1759641 3027251
-0.15507416 0.62618136 2.1759641 3027251
-0.14525934 0.6261813 2.1759641 3027251
-0.13544452 0.62618136 2.1759641 3027251
-0.12562969 0.6261813 2.1759641 3027251
-0.11581489 0.62618142 2.1759641 3027251
-0.10454799 0.62581694 2.1764023 3027251
-0.095040523 0.62659788 2.1754634 3027251
-0.084407471 0.62618136 2.1759641 3026995
-0.074592642 0.62618136 2.1759644 3026995
-0.064777821 0.62618136 2.1759644 3026995
-0.054962993 0.6261813 2.1759644 3026995
-0.045148179 0.62618136 2.1759644 3026995
-0.035333354 0.62618142 2.1759644 3026995
-0.025518537 0.62618142 2.1759644 3026995
-0.015703714 0.62618142 2.1759644 3026995
-0.0058888933 0.62618136 2.1759644 3026995
0.0058888928 0.62618136 2.1759641 3026995
0.015703714 0.62618136 2.1759644 3026995
0.025518535 0.62618136 2.1759644 3026995
0.035333361 0.62618142 2.1759644 3026995
0.045148179 0.62618142 2.1759644 3026995
0.054963004 0.62618142 2.1759644 3026994
0.064777821 0.62618142 2.1759644 3026994
0.074592642 0.62618142 2.1759644 3026994
0.084407471 0.62618142 2.1759644 3026994
0.095040523 0.62659794 2.1754639 3026994
0.10454801 0.625817 2.1764026 3026994
0.11581489 0.62618142 2.1759644 3026994
0.12562974 0.62618142 2.1759644 3026994
0.13544454 0.62618142 2.1759646 3026994
0.14525938 0.62618142 2.1759644 3026994
0.15507419 0.62618148 2.1759646 3026994
0.16488902 0.62618142 2.1759646 3026994
0.17470385 0.62618148 2.1759644 3026994
0.18451865 0.62618148 2.1759646 3026994
0.19433349 0.62618142 2.1759646 3026994
0.20494124 0.62659794 2.1754642 3026994
0.21449614 0.62581706 2.1764026 3026994
0.22520392 0.62654626 2.1755261 3026994
0.23476736 0.62576455 2.1764657 3026994
0.24537057 0.62618148 2.1759646 3026994
0.2551854 0.62618148 2.1759648 3026994
0.26500022 0.62618148 2.1759646 3026994
0.27481505 0.62618154 2.1759646 3026994
0.28462991 0.62618142 2.1759646 3026994
0.29522386 0.6266126 2.1755149 3026994
0.30487016 0.6273964 2.1747236 3092787
0.31507468 0.62818658 2.1747437 3158838
0.32482463 0.62804568 2.1769755 3290938
0.33196944 0.62857902 2.1774631 3290683
-0.39127007 0.63900894 2.1795304 3488062
-0.38522938 0.63877279 2.178725 3488062
-0.37517151 0.63837975 2.1773844 3488062
-0.36512512 0.63798702 2.1760449 3488062
-0.35460061 0.63655221 2.1765151 3488062
-0.34544992 0.6359393 2.1757627 3488318
-0.33543015 0.63554847 2.1744254 3488318
-0.32444242 0.63383937 2.1753032 3488318
-0.31524882 0.63245964 2.1759453 3488318
-0.30498049 0.63154811 2.1755099 3488318
-0.29525614 0.63168257 2.1732719 3488318
-0.28781834 0.6324172 2.1704037 3488319
0.33596975 0.6315552 2.1728349 3290682
0.34525666 0.6316601 2.1745453 3290682
0.35528445 0.63204974 2.1758864 3290681
0.36548331 0.63321316 2.1758461 3290682
0.37454978 0.63535875 2.1737761 3290682
0.38459128 0.63575041 2.1751161 3356218
0.39464596 0.63614255 2.1764581 3356474
0.40389118 0.63692993 2.1769109 3356475
0.41433403 0.63819128 2.1767414 3356475
0.4244138 0.63858521 2.1780853 3356475
0.4345068 0.63897967 2.1794307 3356475
-0.47317263 0.64987612 2.1764162 3422525
-0.46433502 0.64889085 2.176409 3422525
-0.4554995 0.64790624 2.1764016 3422525
-0.44540909 0.64750791 2.1750634 3422525
-0.43533027 0.6471101 2.173727 3422525
-0.42572981 0.64545959 2.1747816 3422525
-0.41500539 0.64351237 2.1761489 3422526
-0.40516502 0.6436345 2.1739094 3422526
-0.39488828 0.64272177 2.1734753 3422526
-0.38438332 0.64129215 2.1739399 3488062
-0.37434801 0.64089829 2.172605 3488062
-0.36432421 0.64050508 2.1712718 3488062
-0.35831583 0.64026922 2.1704724 3488062
0.40538535 0.64039034 2.1708827 3356475
0.41543245 0.64078456 2.1722193 3356475
0.42549276 0.64117938 2.1735575 3356475
0.43591583 0.64243597 2.1733925 3356475
0.44515964 0.64322317 2.1738455 3356475
0.45524496 0.64361966 2.1751857 3356475
0.46534356 0.6440168 2.1765273 3356475
0.47551304 0.64721394 2.1727586 3356476
0.48542207 0.64709729 2.1750019 3356476
0.49462008 0.64771432 2.1757569 3356476
0.50382286 0.64833188 2.1765118 3356476
0.51431477 0.64976382 2.1760402 3356476
-1.2518958 0.65830618 2.1740038 10197915
-1.2449191 0.65872782 2.173239 10197915
-1.2351149 0.65872699 2.1732361 10197915
-1.2242689 0.65897906 2.1727743 10197915
-1.214592 0.6584745 2.173697 10197915
-1.2046701 0.65898013 2.1727777 10197915
-1.1949835 0.6584748 2.1736979 10197915
-1.1850666 0.65897864 2.1727729 10197915
-1.1753737 0.65847456 2.173697 10197915
-1.1654688 0.65898043 2.1727786 10197915
-1.1557643 0.65847445 2.1736965 10197915
-1.144931 0.65872645 2.1732342 10197915
-1.1341048 0.65897894 2.1727738 10197915
-1.1243874 0.65847313 2.1736922 10197915
-1.1145036 0.6589787 2.1727729 10197915
-1.1047809 0.65847474 2.1736975 10197915
-1.0949032 0.65897894 2.1727738 10197915
-1.0851696 0.65847337 2.1736927 10197915
-1.0753024 0.65897906 2.1727741 10197915
-1.0655626 0.65847474 2.1736972 10197915
-1.0557015 0.658979 2.1727741 10197915
-1.0459516 0.65847361 2.1736937 10197915
-1.0351427 0.65872639 2.173234 10197915
-1.0243409 0.65897954 2.1727757 10197915
-1.0145781 0.65847427 2.173696 10197915
-1.0047382 0.65897834 2.1727719 10197915
-0.9949683 0.65847397 2.1736951 10197915
-0.98513967 0.65897983 2.1727767 10197915
-0.97535962 0.65847427 2.173696 10197915
-0.96553648 0.65897834 2.1727719 10197915
-0.95575076 0.6584745 2.173697 10197915
-0.94496113 0.65872747 2.1732378 10197915
-0.93417561 0.65897864 2.1727726 10197915
-0.92437613 0.65847456 2.173697 10197915
-0.91457474 0.65897864 2.1727729 10197915
-0.90476859 0.65847576 2.1737008 10197915
-0.89497435 0.65897894 2.1727738 10197915
-0.88515776 0.65847462 2.173697 10197915
-0.87537336 0.65897888 2.1727738 10197915
-0.86555052 0.658476 2.1737018 10197915
-0.85577238 0.65897876 2.1727731 10197915
-0.84497643 0.65872663 2.1732349 10197915
-0.83417356 0.65847433 2.1736963 10197915
-0.82441294 0.65898031 2.1727784 10197915
-0.81456363 0.65847367 2.1736941 10197915
-0.80481052 0.65897912 2.1727743 10197915
-0.79495555 0.65847462 2.173697 10197915
-0.78521091 0.65898007 2.1727777 10197915
-0.77534539 0.65847367 2.1736941 10197915
-0.76560915 0.65897936 2.1727753 10197915
-0.75479382 0.65872699 2.1732361 10197915
-0.74499166 0.65872741 2.1732376 10197915
-0.73518759 0.65872598 2.1732328 10197915
-0.72436309 0.65847516 2.1736989 10197915
-0.714647 0.65897948 2.1727757 10197915
-0.70475411 0.6584754 2.1736999 10197915
-0.6950444 0.65897787 2.1727705 10197915
-0.68514496 0.6584754 2.1736999 10197915
-0.67544544 0.65897965 2.1727762 10197915
-0.66553533 0.65847504 2.1736984 10197915
-0.65584308 0.65897816 2.1727712 10197915
-0.645006 0.65872741 2.1732376 10197915
-0.63520157 0.65872544 2.1732311 10197915
-0.62539977 0.65872627 2.1732337 10197915
-0.61455041 0.65847403 2.1736951 10197915
-0.60488188 0.6589793 2.1727753 10197915
-0.59494066 0.65847337 2.1736932 10197915
-0.58528084 0.65897906 2.1727741 10197915
-0.57533193 0.65847379 2.1736944 10197915
-0.56568021 0.65897942 2.1727753 10197915
-0.55482131 0.65872574 2.1732321 10197915
-0.54501969 0.65872675 2.1732352 10197915
-0.53481537 0.6580807 2.1738834 6977154
-0.52509487 0.6554836 2.1767883 4674656
-0.51513827 0.65559351 2.1745474 4806242
-0.50483662 0.65467799 2.1741128 4872036
-0.49569926 0.65330058 2.1747622 4674399
-0.484779 0.6516028 2.1756332 3751750
-0.47517362 0.65164441 2.1735892 3422525
-0.46407104 0.65204829 2.1705754 3422525
0.50711983 0.65201122 2.1704521 3356476
0.51520604 0.65233231 2.1715209 3356476
0.52480179 0.65119249 2.1755729 3356476
0.53511465 0.65210831 2.1760094 3356475
0.54413825 0.65398443 2.1744239 3356475
0.55514199 0.65518224 2.1744854 3356475
0.56529802 0.6555863 2.1758263 3356475
0.57504243 0.65681624 2.1755712 3356475
0.58527738 0.65897518 2.1727614 3618872
0.59493959 0.65847218 2.1736894 3684408
0.60487813 0.65897524 2.1727614 3684408
0.6145488 0.65847224 2.1736894 3684408
0.62539744 0.65872365 2.1732254 3684408
0.6351999 0.65872371 2.1732254 3684408
0.64500242 0.65872371 2.1732254 3684408
0.6558401 0.65897524 2.1727614 3684408
0.66553247 0.65847218 2.1736894 3684408
0.67544091 0.65897524 2.1727614 3684408
0.68514162 0.65847218 2.1736894 3684408
0.6950416 0.65897518 2.1727614 3684408
0.70475066 0.65847218 2.1736894 3684408
0.71464235 0.65897518 2.1727614 3684408
0.72435987 0.65847218 2.1736894 3684408
0.73518509 0.65872371 2.1732254 3684408
0.74498749 0.65872371 2.1732254 3684408
0.75479001 0.65872371 2.1732254 3684408
0.76560432 0.65897524 2.1727614 3684408
0.77534354 0.65847218 2.1736894 3684408
0.78520501 0.65897518 2.1727614 3684408
0.79495269 0.65847224 2.1736894 3684408
0.80480576 0.65897524 2.1727614 3684408
0.81456184 0.65847224 2.1736894 3684408
0.8244065 0.65897524 2.1727614 3684408
0.83417094 0.65847224 2.1736894 3684408
0.84497267 0.65872371 2.1732254 3684408
0.85576773 0.65897524 2.1727614 3684408
0.86554545 0.65847224 2.1736894 3684408
0.87536848 0.65897524 2.1727614 3684408
0.8851546 0.65847218 2.1736894 3684408
0.89496917 0.65897524 2.1727614 3684408
0.9047637 0.65847218 2.1736894 3684408
0.91457003 0.65897524 2.1727614 3684408
0.92437297 0.65847224 2.1736894 3684408
0.93417072 0.65897524 2.1727614 3684408
0.94495577 0.65872371 2.1732254 3684408
0.95574749 0.65847218 2.1736894 3684408
0.96553195 0.65897524 2.1727614 3684408
0.97535658 0.65847224 2.1736894 3684408
0.98513269 0.65897524 2.1727614 3684408
0.99496573 0.65847218 2.1736894 3684408
1.0047334 0.65897524 2.1727614 3684408
1.0145748 0.65847218 2.1736894 3684408
1.0243342 0.65897524 2.1727614 3684408
1.0351384 0.65872371 2.1732254 3684408
1.0459493 0.65847218 2.1736894 3684408
1.0556953 0.65897524 2.1727614 3684408
1.0655586 0.65847218 2.1736894 3684408
1.0752962 0.65897518 2.1727614 3684408
1.0851676 0.65847218 2.1736894 3684408
1.0948969 0.65897524 2.1727614 3684408
1.1047767 0.65847218 2.1736894 3684408
1.1144977 0.65897524 2.1727614 3684408
1.1253211 0.65872371 2.1732254 3684408
1.1351236 0.65872371 2.1732254 3684408
1.1449261 0.65872365 2.1732254 3684408
1.1557605 0.65847218 2.1736894 3684408
1.1654596 0.65897524 2.1727614 3684408
1.1753696 0.65847218 2.1736894 3684408
1.1850603 0.65897524 2.1727614 3684408
1.1949787 0.65847218 2.1736894 3684408
1.2046611 0.65897524 2.1727614 3684408
1.2145879 0.65847218 2.1736894 3684408
1.2242619 0.65897524 2.1727614 3684408
1.2351087 0.65872371 2.1732254 3684408
1.2449112 0.65872371 2.1732254 3684408
1.2518926 0.65830451 2.1739986 3684408
-0.25279981 0.61817384 2.189302 3488318
-0.2447786 0.61786795 2.1882186 3488318
-0.23477091 0.61750531 2.1869342 3488318
-0.22486447 0.61739105 2.1865296 3422525
-0.21500199 0.61739099 2.1865294 3356475
-0.2051395 0.61739099 2.1865294 3224632
-0.19527702 0.61739099 2.1865294 3093045
-0.18541452 0.61739093 2.1865292 3026994
-0.17555206 0.61739093 2.1865292 3026994
-0.16568957 0.61739093 2.1865292 3026994
-0.15582711 0.61739093 2.1865292 3026994
-0.14399214 0.61739099 2.1865294 3026994
-0.13412967 0.61739099 2.1865294 3026994
-0.1242672 0.61739099 2.1865294 3026994
-0.11440472 0.61739099 2.1865294 3026994
-0.10454223 0.61739093 2.1865294 3026994
-0.094679758 0.61739093 2.1865292 3026994
-0.084817283 0.61739093 2.1865292 3026994
-0.074954815 0.61739099 2.1865294 3026994
-0.06509234 0.61739099 2.1865294 3026994
-0.055229865 0.61739099 2.1865294 3026994
-0.04536739 0.61739099 2.1865294 3026994
-0.035504915 0.61739099 2.1865294 3026994
-0.025642438 0.61739099 2.1865294 3026994
-0.015779961 0.61739099 2.1865294 3026994
-0.0059174858 0.61739105 2.1865294 3026993
0.0059174858 0.61739105 2.1865296 3026993
0.015779963 0.61739099 2.1865296 3026993
0.025642438 0.61739099 2.1865294 3026993
0.035504915 0.61739099 2.1865294 3026993
0.04536739 0.61739099 2.1865294 3026993
0.055229865 0.61739099 2.1865294 3026993
0.065092348 0.61739105 2.1865296 3026993
0.074954823 0.61739105 2.1865296 3026993
0.084817298 0.61739105 2.1865296 3026993
0.09467978 0.61739105 2.1865296 3026993
0.10454226 0.61739105 2.1865296 3026993
0.11440472 0.61739105 2.1865296 3026993
0.12426721 0.61739105 2.1865296 3026737
0.13412969 0.61739105 2.1865296 3026737
0.14399216 0.61739105 2.1865296 3026737
0.15582713 0.61739105 2.1865296 3026737
0.16568962 0.61739105 2.1865296 3026737
0.17555209 0.61739105 2.1865296 3026737
0.18541457 0.61739105 2.1865296 3026737
0.19527704 0.61739105 2.1865296 3026737
0.20513955 0.61739111 2.1865299 3026737
0.21500202 0.61739111 2.1865299 2961201
0.2248645 0.61739111 2.1865299 2961201
0.23472698 0.61739111 2.1865299 2961201
0.24458945 0.61739111 2.1865299 2961201
0.2544519 0.61739111 2.1865296 2961201
0.26431438 0.61739105 2.1865296 2961201
0.27418771 0.61741513 2.186615 2961201
0.2841785 0.61769301 2.1875992 3093045
0.29422867 0.61807632 2.1889565 3290682
-0.35542864 0.62989813 2.1888652 3488062
-0.3453424 0.62950867 2.1875117 3488318
-0.33526778 0.62911969 2.1861601 3488318
-0.32468787 0.62767619 2.1866348 3488318
-0.31550503 0.62706357 2.1858752 3488318
-0.3054572 0.62667638 2.1845255 3488318
-0.29440975 0.62547392 2.1844635 3488319
-0.28516099 0.62356693 2.1860595 3488319
-0.27485102 0.62265307 2.1856205 3488319
-0.26511267 0.62279731 2.1833615 3488319
-0.25510335 0.62150747 2.183672 3488318
-0.2442387 0.62044448 2.183392 3488318
-0.23434751 0.62033165 2.1829951 3422269
-0.224501 0.6203317 2.1829953 3356475
-0.21465445 0.62033165 2.1829951 3224888
-0.20480791 0.62033165 2.1829948 3093045
-0.19496135 0.62033159 2.1829948 3026995
-0.18511482 0.62033159 2.1829948 3026994
-0.17526829 0.62033159 2.1829948 3026994
-0.16542175 0.62033159 2.1829948 3026994
-0.15557523 0.62033159 2.1829951 3026994
-0.14572871 0.62033165 2.1829951 3026994
-0.13588215 0.62033159 2.1829951 3026994
-0.12406632 0.62033159 2.1829948 3026994
-0.11421978 0.62033159 2.1829948 3026994
-0.10437325 0.62033159 2.1829948 3026994
-0.094526716 0.62033159 2.1829948 3026994
-0.084680192 0.62033165 2.1829951 3026994
-0.074833661 0.62033165 2.1829951 3026994
-0.064987123 0.62033165 2.1829951 3026994
-0.055140592 0.62033165 2.1829951 3026994
-0.045294058 0.62033165 2.1829951 3026994
-0.035447523 0.62033165 2.1829951 3026994
-0.02560099 0.62033165 2.1829951 3026994
-0.015754456 0.62033165 2.1829953 3026994
-0.0059079207 0.62033165 2.1829951 3026994
0.0059079207 0.62033165 2.1829951 3026994
0.015754454 0.62033165 2.1829951 3026994
0.025600987 0.62033165 2.1829951 3026994
0.035447523 0.62033165 2.1829951 3026994
0.045294058 0.62033165 2.1829951 3026994
0.055140596 0.6203317 2.1829953 3026994
0.06498713 0.6203317 2.1829953 3026994
0.074833669 0.6203317 2.1829953 3026994
0.0846802 0.6203317 2.1829953 3026994
0.094526738 0.6203317 2.1829953 3026994
0.10437328 0.6203317 2.1829953 3026994
0.1142198 0.62033165 2.1829951 3026994
0.12406635 0.6203317 2.1829953 3026994
0.13588218 0.6203317 2.1829953 3026994
0.14572872 0.6203317 2.1829953 3026994
0.15557526 0.6203317 2.1829953 3026994
0.16542178 0.6203317 2.1829953 3026994
0.17526834 0.6203317 2.1829953 3026994
0.18511486 0.6203317 2.1829953 3026994
0.19496141 0.62033176 2.1829956 3026994
0.20480795 0.62033176 2.1829956 3026994
0.21465449 0.62033176 2.1829956 3026994
0.224501 0.6203317 2.1829953 3026994
0.23434754 0.6203317 2.1829953 3026994
0.24419408 0.6203317 2.1829953 3026994
0.2540406 0.6203317 2.1829953 3026994
0.26585647 0.62033176 2.1829956 3026994
0.27570301 0.62033176 2.1829956 3026994
0.28557667 0.62038988 2.1832001 3026994
0.29558414 0.62072623 2.1843836 3159095
0.305289 0.62239206 2.1833224 3290425
0.3153317 0.62277746 2.1846743 3290682
0.32538772 0.62316334 2.1860282 3224888
0.33508229 0.62482941 2.1849647 3290424
0.34477189 0.62649643 2.183898 3290425
0.35484174 0.62688446 2.1852508 3290681
0.36492491 0.62727302 2.1866052 3290682
0.37460411 0.62894017 2.1855364 3290682
0.3847008 0.62932998 2.1868908 3290682
0.39480925 0.62972033 2.1882472 3356474
0.40088034 0.62995481 2.1890621 3356475
-0.43261227 0.63805372 2.1897478 3422525
-0.42450118 0.63773799 2.1886642 3422525
-0.41391546 0.63860995 2.1848996 3422526
-0.40470734 0.63799417 2.1841404 3422526
-0.3954978 0.63660538 2.1847961 3422526
-0.38448682 0.634893 2.1856749 3488062
-0.37439653 0.63450098 2.1843255 3488062
-0.36458483 0.63326102 2.1845851 3488062
-0.35639432 0.6333735 2.1827013 3488062
-0.34458089 0.63205862 2.1826885 3488318
-0.33452892 0.63166887 2.1813421 3488318
-0.32850373 0.63143533 2.1805358 3488318
0.37579069 0.63156331 2.1809778 3290682
0.38586622 0.63195395 2.1823268 3356218
0.39595509 0.63234514 2.1836777 3356474
0.40605432 0.63273394 2.1850348 3356475
0.41480798 0.63461953 2.1833766 3356475
0.42470247 0.6344893 2.1856418 3356475
0.43504295 0.63540596 2.1860824 3356475
0.44418144 0.63730299 2.1844819 3356475
0.45523331 0.63850594 2.1845438 3356475
0.46588981 0.63763702 2.1883175 3356475
0.47402143 0.63795352 2.189404 3356475
-1.26214 0.64983422 2.1895056 10197915
-1.2542402 0.64983469 2.1895072 10197915
-1.2443645 0.64983481 2.1895075 10197915
-1.2344861 0.6498335 2.1895032 10197915
-1.2246125 0.64983469 2.189507 10197915
-1.2147373 0.64983505 2.1895084 10197915
-1.2048597 0.64983428 2.1895056 10197915
-1.1949826 0.64983356 2.1895034 10197915
-1.1851089 0.64983469 2.189507 10197915
-1.1752329 0.64983463 2.189507 10197915
-1.1653571 0.64983475 2.1895075 10197915
-1.1554798 0.64983392 2.1895044 10197915
-1.1456041 0.64983416 2.1895051 10197915
-1.1357251 0.64983231 2.1894994 10197915
-1.1258535 0.64983475 2.1895075 10197915
-1.1159755 0.6498335 2.1895032 10197915
-1.1041257 0.64983433 2.1895058 10197915
-1.0942469 0.64983249 2.1894999 10197915
-1.0843731 0.64983386 2.1895044 10197915
-1.074497 0.64983362 2.1895037 10197915
-1.064622 0.64983422 2.1895056 10197915
-1.0547433 0.64983249 2.1894999 10197915
-1.0448703 0.64983422 2.1895053 10197915
-1.0349951 0.64983475 2.1895072 10197915
-1.0251185 0.64983428 2.1895056 10197915
-1.0152397 0.64983243 2.1894994 10197915
-1.0053667 0.64983422 2.1895053 10197915
-0.99549061 0.64983416 2.1895053 10197915
-0.98561484 0.64983422 2.1895056 10197915
-0.97573626 0.64983243 2.1894994 10197915
-0.96586299 0.64983422 2.1895056 10197915
-0.95401174 0.64983416 2.1895053 10197915
-0.94413537 0.6498338 2.1895041 10197915
-0.93425876 0.64983326 2.1895025 10197915
-0.92438364 0.6498338 2.1895041 10197915
-0.91450924 0.64983481 2.1895077 10197915
-0.90463257 0.64983433 2.1895061 10197915
-0.8947553 0.64983326 2.1895025 10197915
-0.88488001 0.6498338 2.1895041 10197915
-0.87500566 0.64983487 2.1895077 10197915
-0.86512828 0.6498338 2.1895041 10197915
-0.85525209 0.64983362 2.1895037 10197915
-0.84537721 0.64983433 2.1895061 10197915
-0.83550143 0.64983445 2.1895063 10197915
-0.82562459 0.64983374 2.1895039 10197915
-0.81574887 0.64983374 2.1895039 10197915
-0.8058728 0.64983374 2.1895039 10197915
-0.79599828 0.64983481 2.1895075 10197915
-0.78414577 0.64983368 2.1895037 10197915
-0.77427006 0.6498338 2.1895041 10197915
-0.76439399 0.64983368 2.1895034 10197915
-0.75452018 0.64983547 2.1895099 10197915
-0.7446422 0.64983362 2.1895034 10197915
-0.73476648 0.6498338 2.1895041 10197915
-0.72489041 0.64983362 2.1895034 10197915
-0.71501648 0.64983535 2.1895094 10197915
-0.70513898 0.64983398 2.1895049 10197915
-0.69526297 0.6498338 2.1895041 10197915
-0.68538719 0.64983398 2.1895046 10197915
-0.67551303 0.64983559 2.1895103 10197915
-0.66563541 0.64983398 2.1895049 10197915
-0.65575933 0.6498338 2.1895041 10197915
-0.64588362 0.64983398 2.1895046 10197915
-0.63403147 0.6498329 2.189501 10197915
-0.62415659 0.64983392 2.1895046 10197915
-0.61428064 0.64983386 2.1895044 10197915
-0.60440481 0.64983392 2.1895046 10197915
-0.5945282 0.64983314 2.189502 10197915
-0.58465242 0.64983332 2.1895025 10197915
-0.57477707 0.64983386 2.1895044 10197915
-0.56490123 0.64983392 2.1895046 10197915
-0.55502433 0.64983279 2.1895006 10197915
-0.54514939 0.64983386 2.1895044 10197915
-0.53519779 0.64974147 2.189193 7570064
-0.5250265 0.6493746 2.1879568 5003880
-0.51483959 0.64897323 2.1866045 4410712
-0.50435716 0.64770693 2.1867752 4872293
-0.49504945 0.64691418 2.1863196 4410968
-0.48488787 0.64651465 2.1849694 3620163
-0.47473958 0.6461156 2.1836209 3422525
-0.46478009 0.64359033 2.186203 3422525
-0.45457068 0.64302099 2.1851535 3422525
-0.44534898 0.64240354 2.1843948 3422525
-0.43522784 0.64200705 2.1830471 3422525
-0.42558682 0.64035022 2.1841052 3422525
-0.41952026 0.64011306 2.1832964 3422526
0.46485925 0.64016604 2.1834769 3356475
0.47539276 0.64160168 2.183007 3356475
0.48462117 0.64221901 2.1837676 3356476
0.49477783 0.64261681 2.1851203 3356476
0.50582892 0.64381689 2.1851871 3356476
0.51436561 0.645091 2.1846039 3356476
0.52526367 0.64662856 2.1840219 3356476
0.53527576 0.64651072 2.1862888 3356476
0.54453892 0.64713073 2.1870515 3356475
0.55413312 0.64878851 2.1859822 3356475
0.56434238 0.64919072 2.1873374 3356475
0.57456511 0.64959353 2.1886947 3356475
0.58465356 0.64983451 2.1895065 3684408
0.59452945 0.64983451 2.1895065 3684408
0.60440534 0.64983451 2.1895065 3684408
0.61428124 0.64983451 2.1895065 3684408
0.62415713 0.64983451 2.1895065 3684408
0.63403308 0.64983451 2.1895065 3684408
0.64588416 0.64983451 2.1895065 3684408
0.65576005 0.64983451 2.1895065 3684408
0.66563594 0.64983451 2.1895065 3684408
0.67551184 0.64983451 2.1895065 3684408
0.68538779 0.64983451 2.1895065 3684408
0.69526368 0.64983451 2.1895065 3684408
0.70513958 0.64983451 2.1895065 3684408
0.71501547 0.64983451 2.1895065 3684408
0.72489136 0.64983451 2.1895065 3684408
0.73476726 0.64983451 2.1895065 3684408
0.74464321 0.64983451 2.1895065 3684408
0.7545191 0.64983451 2.1895065 3684408
0.764395 0.64983451 2.1895065 3684408
0.77427089 0.64983451 2.1895065 3684408
0.78414679 0.64983451 2.1895065 3684408
0.79599792 0.64983451 2.1895065 3684408
0.80587381 0.64983451 2.1895065 3684408
0.8157497 0.64983451 2.1895065 3684408
0.8256256 0.64983451 2.1895065 3684408
0.83550149 0.64983451 2.1895065 3684408
0.84537745 0.64983451 2.1895065 3684408
0.8552534 0.64983451 2.1895065 3684408
0.86512923 0.64983451 2.1895065 3684408
0.87500507 0.64983451 2.1895065 3684408
0.88488102 0.64983451 2.1895065 3684408
0.89475697 0.64983451 2.1895065 3684408
0.90463287 0.64983451 2.1895065 3684408
0.91450876 0.64983451 2.1895065 3684408
0.92438465 0.64983451 2.1895065 3684408
0.93426055 0.64983451 2.1895065 3684408
0.94413644 0.64983451 2.1895065 3684408
0.95401239 0.64983451 2.1895065 3684408
0.96586347 0.64983451 2.1895065 3684408
0.97573936 0.64983451 2.1895065 3684408
0.98561525 0.64983451 2.1895065 3684408
0.99549115 0.64983451 2.1895065 3684408
1.005367 0.64983451 2.1895065 3684408
1.0152429 0.64983451 2.1895065 3684408
1.0251188 0.64983451 2.1895065 3684408
1.0349947 0.64983451 2.1895065 3684408
1.0448707 0.64983451 2.1895065 3684408
1.0547466 0.64983451 2.1895065 3684408
1.0646225 0.64983451 2.1895065 3684408
1.0744984 0.64983451 2.1895065 3684408
1.0843743 0.64983451 2.1895065 3684408
1.0942502 0.64983451 2.1895065 3684408
1.1041261 0.64983451 2.1895065 3684408
1.1159772 0.64983451 2.1895065 3684408
1.1258531 0.64983451 2.1895065 3684408
1.135729 0.64983451 2.1895065 3684408
1.1456048 0.64983451 2.1895065 3684408
1.1554809 0.64983451 2.1895065 3684408
1.1653568 0.64983451 2.1895065 3684408
1.1752326 0.64983451 2.1895065 3684408
1.1851085 0.64983451 2.1895065 3684408
1.1949844 0.64983451 2.1895065 3684408
1.2048603 0.64983451 2.1895065 3684408
1.2147362 0.64983451 2.1895065 3684408
1.2246121 0.64983451 2.1895065 3684408
1.234488 0.64983451 2.1895065 3684408
1.2443639 0.64983451 2.1895065 3684408
1.2542399 0.64983451 2.1895065 3684408
1.2621406 0.64983451 2.1895065 3684408
-1.2552214 0.65340686 2.1829715 10197915
-1.2452394 0.65391648 2.1820433 10197915
-1.2355273 0.65340614 2.1829693 10197915
-1.2246329 0.65366161 2.182507 10197915
-1.2147872 0.65366089 2.1825047 10197915
-1.2049451 0.65366197 2.1825082 10197915
-1.1950977 0.65366042 2.1825032 10197915
-1.1852552 0.65366143 2.1825066 10197915
-1.1743745 0.65391612 2.1820419 10197915
-1.1646353 0.65340739 2.1829731 10197915
-1.1546874 0.65391463 2.1820374 10197915
-1.1449431 0.65340775 2.1829743 10197915
-1.1350029 0.65391457 2.1820369 10197915
-1.1252474 0.65340608 2.1829689 10197915
-1.115319 0.65391487 2.1820378 10197915
-1.1055572 0.65340775 2.1829741 10197915
-1.0956341 0.65391463 2.1820371 10197915
-1.085862 0.65340632 2.1829696 10197915
-1.0749974 0.6536606 2.1825037 10197915
-1.064142 0.65391648 2.1820433 10197915
-1.0543522 0.65340555 2.1829667 10197915
-1.0444558 0.65391535 2.1820397 10197915
-1.0346606 0.65340626 2.1829693 10197915
-1.024773 0.65391648 2.1820431 10197915
-1.0149672 0.65340585 2.1829679 10197915
-1.005087 0.65391535 2.1820397 10197915
-0.99527442 0.65340596 2.1829684 10197915
-0.98540437 0.65391666 2.1820438 10197915
-0.97558165 0.65340602 2.1829686 10197915
-0.96571839 0.65391552 2.1820405 10197915
-0.95588988 0.65340674 2.1829708 10197915
-0.94505382 0.65366167 2.182507 10197915
-0.93422091 0.65391386 2.182035 10197915
-0.92438173 0.65340698 2.1829715 10197915
-0.91453898 0.6539157 2.1820407 10197915
-0.90468913 0.65340716 2.1829724 10197915
-0.89485234 0.65391409 2.1820354 10197915
-0.88499653 0.65340739 2.1829731 10197915
-0.87517005 0.6539157 2.1820407 10197915
-0.86530334 0.6534071 2.182972 10197915
-0.85548371 0.65391433 2.1820359 10197915
-0.84561002 0.6534068 2.1829712 10197915
-0.8358013 0.65391588 2.1820416 10197915
-0.82495517 0.65366167 2.182507 10197915
-0.81410062 0.65340608 2.1829689 10197915
-0.80430591 0.6539157 2.1820405 10197915
-0.79440928 0.65340734 2.1829729 10197915
-0.78462183 0.653916 2.1820416 10197915
-0.77471507 0.6534062 2.1829691 10197915
-0.76493692 0.65391564 2.1820407 10197915
-0.75502342 0.65340728 2.1829724 10197915
-0.74525291 0.65391594 2.1820416 10197915
-0.73532933 0.65340614 2.1829686 10197915
-0.72556829 0.65391588 2.1820412 10197915
-0.71469873 0.65366173 2.1825075 10197915
-0.70485383 0.65366125 2.1825061 10197915
-0.69500941 0.65366107 2.1825054 10197915
-0.68516523 0.65366125 2.1825058 10197915
-0.67532134 0.65366179 2.1825075 10197915
-0.66443574 0.6534068 2.1829712 10197915
-0.6547038 0.65391541 2.1820397 10197915
-0.64474297 0.65340674 2.182971 10197915
-0.63501817 0.65391427 2.1820359 10197915
-0.62505019 0.65340698 2.1829715 10197915
-0.61533481 0.65391535 2.1820397 10197915
-0.60535705 0.65340662 2.1829705 10197915
-0.59564936 0.65391415 2.1820357 10197915
-0.58475286 0.65366107 2.1825051 10197915
-0.57490897 0.65366155 2.1825068 10197915
-0.56506401 0.65366083 2.1825044 10197915
-0.5552187 0.65365964 2.1825006 10197915
-0.54537565 0.65366113 2.1825054 10197915
-0.53634781 0.65320116 2.1831605 7898513
-0.52590328 0.65196162 2.1834006 4542555
-0.51573622 0.65155959 2.182054 4938087
-0.50558251 0.65115803 2.1807091 4806500
0.54680252 0.65104872 2.1803432 3356475
0.55494452 0.65137076 2.1814218 3356475
0.56513375 0.65177375 2.1827714 3356475
0.57533479 0.65217721 2.1841226 3356475
0.58474976 0.6536575 2.1824934 3618616
0.5956502 0.65391517 2.1820388 3684408
0.60535705 0.65340662 2.1829705 3684408
0.61533463 0.65391517 2.1820388 3684408
0.62504995 0.65340662 2.1829705 3684408
0.63501906 0.65391517 2.1820388 3684408
0.64474279 0.65340662 2.1829705 3684408
0.6547035 0.65391517 2.1820388 3684408
0.66443557 0.65340662 2.1829705 3684408
0.67532045 0.65366089 2.1825047 3684408
0.68516481 0.65366089 2.1825047 3684408
0.69500917 0.65366089 2.1825047 3684408
0.70485342 0.65366089 2.1825047 3684408
0.71469778 0.65366089 2.1825047 3684408
0.72556752 0.65391517 2.1820388 3684408
0.73532987 0.65340662 2.1829705 3684408
0.74525201 0.65391517 2.1820388 3684408
0.7550227 0.65340662 2.1829705 3684408
0.76493639 0.65391517 2.1820388 3684408
0.77471554 0.65340662 2.1829705 3684408
0.78462088 0.65391517 2.1820388 3684408
0.79440844 0.65340662 2.1829705 3684408
0.80430526 0.65391517 2.1820388 3684408
0.81410122 0.65340662 2.1829705 3684408
0.82495421 0.65366089 2.1825047 3684408
0.83580047 0.65391517 2.1820388 3684408
0.84560978 0.65340662 2.1829705 3684408
0.85548484 0.65391517 2.1820388 3684408
0.86530268 0.65340662 2.1829705 3684408
0.87516928 0.65391517 2.1820388 3684408
0.88499546 0.65340662 2.1829705 3684408
0.89485377 0.65391517 2.1820388 3684408
0.90468824 0.65340662 2.1829705 3684408
0.9145382 0.65391517 2.1820388 3684408
0.92438114 0.65340662 2.1829705 3684408
0.93422258 0.65391517 2.1820388 3684408
0.9450528 0.65366089 2.1825047 3684408
0.9558897 0.65340662 2.1829705 3684408
0.96571767 0.65391517 2.1820388 3684408
0.9755826 0.65340662 2.1829705 3684408
0.98540223 0.65391517 2.1820388 3684408
0.99527538 0.65340662 2.1829705 3684408
1.0050867 0.65391517 2.1820388 3684408
1.0149682 0.65340662 2.1829705 3684408
1.024771 0.65391517 2.1820388 3684408
1.0346611 0.65340662 2.1829705 3684408
1.0444555 0.65391517 2.1820388 3684408
1.054354 0.65340662 2.1829705 3684408
1.06414 0.65391517 2.1820388 3684408
1.0749979 0.65366089 2.1825047 3684408
1.0858625 0.65340662 2.1829705 3684408
1.0956351 0.65391517 2.1820388 3684408
1.1055553 0.65340662 2.1829705 3684408
1.1153195 0.65391517 2.1820388 3684408
1.1252482 0.65340662 2.1829705 3684408
1.1350038 0.65391517 2.1820388 3684408
1.144941 0.65340662 2.1829705 3684408
1.1546884 0.65391517 2.1820388 3684408
1.164634 0.65340662 2.1829705 3684408
1.1743728 0.65391517 2.1820388 3684408
1.1852542 0.65366089 2.1825047 3684408
1.1950986 0.65366089 2.1825047 3684408
1.2049429 0.65366089 2.1825047 3684408
1.2147872 0.65366089 2.1825047 3684408
1.2246315 0.65366089 2.1825047 3684408
1.2355282 0.65340662 2.1829705 3684408
1.2452368 0.65391517 2.1820388 3684408
1.255221 0.65340662 2.1829705 3684408
-0.22223437 0.60915959 2.1995411 3488062
-0.2141909 0.6088568 2.1984477 3488062
-0.20417213 0.60855108 2.1973441 3422525
-0.19424805 0.60851169 2.1972017 3422268
-0.18433742 0.60851169 2.1972017 3290681
-0.17442681 0.60851169 2.1972017 3158838
-0.16451618 0.60851163 2.1972015 3027251
-0.15460557 0.60851163 2.1972015 2961200
-0.14469494 0.60851157 2.1972013 2960944
-0.13478433 0.60851157 2.1972013 2960944
-0.12487372 0.60851157 2.1972013 2960944
-0.1149631 0.60851157 2.1972013 2960944
-0.1050525 0.60851163 2.1972015 2960944
-0.095141888 0.60851163 2.1972015 2960944
-0.085231274 0.60851163 2.1972015 2960944
-0.075320661 0.60851163 2.1972015 2960944
-0.065410048 0.60851163 2.1972015 2960944
-0.055499434 0.60851163 2.1972015 2960944
-0.045588821 0.60851169 2.1972017 2960944
-0.035678212 0.60851169 2.1972017 2960944
-0.025767595 0.60851163 2.1972015 2960944
-0.015856981 0.60851163 2.1972015 2960944
-0.005946368 0.60851163 2.1972015 2960944
0.005946368 0.60851163 2.1972015 2960944
0.015856981 0.60851163 2.1972015 2960944
0.025767595 0.60851169 2.1972017 2960944
0.035678212 0.60851169 2.1972017 2960944
0.045588825 0.60851169 2.1972017 2960944
0.055499438 0.60851169 2.1972017 2960944
0.065410055 0.60851169 2.1972017 2960944
0.075320669 0.60851169 2.1972017 2960944
0.085231274 0.60851163 2.1972015 2960944
0.095141895 0.60851169 2.1972017 2960944
0.1050525 0.60851169 2.1972017 2960944
0.11496311 0.60851169 2.1972017 2960944
0.12487374 0.60851169 2.1972017 2960944
0.13478436 0.60851169 2.1972017 2960944
0.14469497 0.60851169 2.1972017 2960944
0.15460558 0.60851169 2.1972017 2960944
0.16451621 0.60851169 2.1972017 2960944
0.17442682 0.60851175 2.197202 2960944
0.18433744 0.60851175 2.197202 2960944
0.19424804 0.60851169 2.1972017 2960944
0.20415865 0.60851169 2.1972017 2960944
0.21406926 0.60851169 2.1972017 2960944
0.22397988 0.60851169 2.1972017 2960944
0.23587263 0.60851169 2.1972017 2960944
0.24578325 0.60851175 2.197202 2895408
0.25580189 0.60876721 2.1981242 3026995
0.2658819 0.60914671 2.1994948 3290681
-0.29449564 0.61871737 2.1968491 3488319
-0.28528047 0.61810493 2.1960821 3488319
-0.27520451 0.61772156 2.1947196 3488319
-0.26514018 0.61733854 2.1933589 3488319
-0.25610751 0.61493915 2.1959009 3488318
-0.24559331 0.61398047 2.1955018 3488318
-0.23554462 0.61359966 2.1941402 3488318
-0.22550754 0.61321938 2.1927803 3488318
-0.21554177 0.61300623 2.1920164 3422269
-0.20563906 0.61296099 2.191854 3356475
-0.19575256 0.61296099 2.191854 3224889
-0.18470888 0.612665 2.1922097 3158837
-0.17515942 0.61325693 2.191498 3026994
-0.16411576 0.61296088 2.1918535 2961201
-0.15422927 0.61296082 2.1918535 2961201
-0.14434277 0.61296088 2.1918535 2961201
-0.13445629 0.61296088 2.1918538 2961201
-0.12456978 0.61296099 2.1918538 2961201
-0.11468331 0.61296093 2.191854 2961201
-0.10479682 0.61296099 2.1918538 2961201
-0.094910324 0.61296093 2.191854 2961201
-0.085023843 0.61296099 2.1918538 2961201
-0.075137332 0.61296088 2.1918538 2961200
-0.065250851 0.61296088 2.1918538 2961200
-0.055364359 0.61296093 2.191854 2961200
-0.045477867 0.61296099 2.1918538 2961200
-0.035591371 0.61296093 2.191854 2961200
-0.025704881 0.61296099 2.1918538 2961200
-0.015818387 0.61296093 2.191854 2961200
-0.0059318952 0.61296099 2.1918538 2961200
0.0059318957 0.61296099 2.1918538 2961200
0.015818387 0.61296099 2.191854 2961200
0.025704881 0.61296099 2.191854 2961200
0.035591375 0.61296093 2.191854 2961200
0.045477863 0.61296099 2.1918538 2961200
0.055364359 0.61296093 2.191854 2961200
0.065250851 0.61296099 2.1918538 2961200
0.075137347 0.61296099 2.191854 2961200
0.085023843 0.61296099 2.1918538 2961200
0.094910339 0.61296099 2.1918542 2961200
0.10479683 0.61296099 2.1918542 2961200
0.11468332 0.61296099 2.191854 2961200
0.12456983 0.61296099 2.1918542 2961200
0.13445632 0.61296099 2.1918542 2961200
0.1443428 0.61296105 2.1918542 2961200
0.15422931 0.61296105 2.1918545 2961200
0.1641158 0.61296105 2.1918542 2961200
0.17515947 0.61325705 2.1914985 2961200
0.18470891 0.61266506 2.19221 2961200
0.19575258 0.61296099 2.191854 2961200
0.20563906 0.61296099 2.191854 2961200
0.21552557 0.61296105 2.1918542 2961200
0.22541207 0.61296105 2.1918545 2961200
0.23529856 0.61296105 2.1918545 2961200
0.24518508 0.61296105 2.1918545 2961200
0.25507459 0.61296815 2.19188 2961200
0.26501691 0.61309648 2.1923401 2961458
0.27505577 0.61343002 2.1935337 3158838
0.28512669 0.61381167 2.1948981 3290682
0.29521105 0.61419386 2.1962647 3290425
0.30442786 0.61637419 2.1941617 3224888
0.31471542 0.61755127 2.1941147 3224631
0.32481369 0.61793554 2.1954799 3224888
0.33492538 0.61832041 2.1968472 3224888
0.34264091 0.61992258 2.1954951 3290425
-0.40288177 0.62913066 2.1999912 3422526
-0.3947475 0.6288178 2.1988974 3422526
-0.38458979 0.62842727 2.1975315 3488062
-0.37444553 0.6280371 2.1961672 3488062
-0.36471778 0.62636054 2.1972435 3488062
-0.35458717 0.62597179 2.1958797 3488062
-0.3444683 0.62558347 2.1945176 3488318
-0.33460724 0.62433666 2.1947801 3488318
-0.32598239 0.62305057 2.1953673 3488318
-0.31488535 0.6218456 2.1952996 3488318
-0.30479378 0.6214599 2.1939383 3488319
-0.29640117 0.62244195 2.1904216 3488319
0.33784419 0.62234455 2.1900787 3290425
0.34611166 0.62200958 2.1923857 3290425
0.35528344 0.6214478 2.1952929 3290681
0.36452168 0.62206155 2.1960621 3290682
0.3742421 0.62373531 2.1949894 3290682
0.38508621 0.62571448 2.1935883 3290682
0.39499611 0.62557435 2.1958747 3356474
0.40537897 0.62649357 2.1963196 3356475
0.41426039 0.62700838 2.1971962 3356475
0.42412263 0.62825608 2.1969328 3356475
0.4343029 0.62864757 2.198302 3356475
0.44449502 0.62903947 2.1996722 3356475
-0.48145223 0.63995498 2.1962729 3422525
-0.47364023 0.63878828 2.1968081 3422525
-0.46473718 0.63826948 2.1959341 3422525
-0.45546645 0.63765049 2.1951675 3422525
-0.44528913 0.63725519 2.1938066 3422525
-0.43457526 0.63502699 2.1956906 3422525
-0.42500529 0.63413996 2.195354 3422525
-0.41462326 0.63322002 2.1949105 3422526
-0.40469846 0.63335389 2.1926327 3422526
-0.39590046 0.63146085 2.1942954 3422526
-0.38576409 0.63106942 2.1929352 3488062
-0.3756395 0.63067853 2.191577 3488062
-0.36754918 0.63036621 2.1904917 3488062
0.40898243 0.63026762 2.1901491 3356475
0.41506457 0.63050246 2.1909652 3356475
0.42521152 0.63089424 2.1923268 3356475
0.43537027 0.63128656 2.1936898 3356475
0.44595942 0.63273084 2.1932154 3356475
0.45522064 0.63334793 2.1939831 3356475
0.46448675 0.63396567 2.1947505 3356475
0.47448462 0.63383406 2.1970394 3356475
0.48438331 0.63651007 2.1941693 3356476
0.49493611 0.63747519 2.1945641 3356476
0.50514942 0.63787198 2.1959302 3356476
0.51450062 0.63866669 2.1963911 3356476
0.52298141 0.6398595 2.195945 3356476
-1.2642288 0.64598316 2.1965666 10197915
-1.2553861 0.64572752 2.1970451 10197915
-1.2453346 0.64624113 2.1960964 10197915
-1.2355636 0.64572614 2.1970403 10197915
-1.225523 0.64624101 2.1960959 10197915
-1.2157466 0.64572769 2.1970456 10197915
-1.2047806 0.64598334 2.1965675 10197915
-1.1948748 0.64598441 2.1965709 10197915
-1.184966 0.64598387 2.1965692 10197915
-1.1750599 0.64598477 2.1965723 10197915
-1.1651497 0.6459834 2.1965675 10197915
-1.1542041 0.64624196 2.1960993 10197915
-1.1443912 0.64572531 2.1970375 10197915
-1.1343908 0.64624077 2.196095 10197915
-1.1245718 0.64572561 2.1970384 10197915
-1.1145813 0.64624178 2.1960988 10197915
-1.1047527 0.64572585 2.1970391 10197915
-1.094768 0.64624059 2.1960945 10197915
-1.0849322 0.64572555 2.1970382 10197915
-1.0749586 0.64624166 2.1960981 10197915
-1.0651133 0.64572603 2.1970401 10197915
-1.0551456 0.64624065 2.196095 10197915
-1.0452931 0.64572567 2.1970391 10197915
-1.0353369 0.64624214 2.1960998 10197915
-1.0254734 0.64572573 2.1970391 10197915
-1.0155237 0.64624095 2.1960957 10197915
-1.0056537 0.64572591 2.1970394 10197915
-0.99571478 0.64624244 2.1961007 10197915
-0.98583376 0.64572567 2.1970389 10197915
-0.97492051 0.64598316 2.1965668 10197915
-0.96401435 0.64624089 2.1960955 10197915
-0.95412433 0.64572716 2.1970439 10197915
-0.94420302 0.64624077 2.196095 10197915
-0.93430293 0.64572608 2.1970398 10197915
-0.92439163 0.64624077 2.196095 10197915
-0.91448498 0.64572734 2.1970444 10197915
-0.90458047 0.64624083 2.1960952 10197915
-0.89466298 0.64572579 2.1970391 10197915
-0.88476962 0.64624107 2.1960962 10197915
-0.87484491 0.64572704 2.1970437 10197915
-0.86495817 0.64624089 2.1960957 10197915
-0.85502368 0.64572591 2.1970396 10197915
-0.84514713 0.64624107 2.1960964 10197915
-0.83520591 0.64572746 2.1970451 10197915
-0.82533586 0.64624107 2.1960959 10197915
-0.81538421 0.64572591 2.1970398 10197915
-0.80552453 0.64624101 2.1960957 10197915
-0.7955659 0.64572716 2.1970439 10197915
-0.78571337 0.64624113 2.1960964 10197915
-0.7757448 0.64572608 2.1970403 10197915
-0.76590204 0.64624107 2.1960962 10197915
-0.75497264 0.64598489 2.1965725 10197915
-0.74506301 0.64598334 2.1965675 10197915
-0.735156 0.64598399 2.1965697 10197915
-0.72421318 0.64572585 2.1970394 10197915
-0.71439427 0.64624244 2.1961007 10197915
-0.70439291 0.64572543 2.1970379 10197915
-0.69458216 0.64624166 2.1960983 10197915
-0.68457383 0.64572608 2.1970401 10197915
-0.67477208 0.6462428 2.1961019 10197915
-0.66475356 0.64572561 2.1970387 10197915
-0.65495968 0.64624172 2.1960983 10197915
-0.64493382 0.64572555 2.1970384 10197915
-0.63514739 0.64624059 2.1960945 10197915
-0.62511402 0.64572555 2.1970384 10197915
-0.61533701 0.64624161 2.1960979 10197915
-0.60529441 0.64572573 2.1970391 10197915
-0.59552491 0.64624071 2.196095 10197915
-0.58547461 0.64572573 2.1970389 10197915
-0.57571495 0.64624208 2.1960998 10197915
-0.56474173 0.64598316 2.1965668 10197915
-0.55483389 0.64598304 2.1965663 10197915
-0.54492617 0.64598316 2.1965666 10197915
-0.53495419 0.6459052 2.1963019 7043721
-0.52472872 0.64551228 2.1949656 5135980
-0.51450849 0.64511204 2.1936047 4872293
-0.505045 0.64302373 2.1954887 4542555
-0.49520308 0.64178061 2.1957479 4345174
-0.4857077 0.64166814 2.1940088 3488318
-0.47427961 0.64225328 2.1905963 3422525
0.5177387 0.64223289 2.1905265 3356476
0.52697682 0.64173418 2.193332 3356476
0.53467262 0.64160466 2.1951456 3356476
0.54491335 0.64200413 2.1965125 3356475
0.55503702 0.64523405 2.1926742 3356475
0.5651198 0.6451143 2.1949587 3356475
0.57553279 0.64603704 2.1954026 3356474
0.58547223 0.64572304 2.1970298 3618872
0.59552252 0.64623815 2.1960862 3684408
0.60529196 0.64572304 2.1970298 3684408
0.61533374 0.64623815 2.1960862 3684408
0.62511164 0.64572304 2.1970298 3684408
0.63514489 0.64623815 2.1960862 3684408
0.64493126 0.64572304 2.1970298 3684408
0.65495604 0.64623809 2.1960862 3684408
0.66475093 0.64572304 2.1970298 3684408
0.6747672 0.64623815 2.1960862 3684408
0.68457061 0.64572304 2.1970298 3684408
0.69457841 0.64623815 2.1960862 3684408
0.70439035 0.64572304 2.1970298 3684408
0.7143895 0.64623815 2.1960862 3684408
0.72420996 0.64572304 2.1970298 3684408
0.73515218 0.6459806 2.196558 3684408
0.74505985 0.6459806 2.196558 3684408
0.75496751 0.6459806 2.196558 3684408
0.76589859 0.64623815 2.1960862 3684408
0.77574116 0.64572304 2.1970298 3684408
0.78570974 0.64623815 2.1960862 3684408
0.79556084 0.64572304 2.1970298 3684408
0.80552089 0.64623809 2.1960862 3684408
0.81538045 0.64572304 2.1970298 3684408
0.82533205 0.64623809 2.1960862 3684408
0.83520013 0.64572304 2.1970298 3684408
0.8451432 0.64623809 2.1960862 3684408
0.85501987 0.64572304 2.1970298 3684408
0.86495435 0.64623809 2.1960862 3684408
0.87483948 0.64572304 2.1970298 3684408
0.88476551 0.64623815 2.1960862 3684408
0.89465922 0.64572304 2.1970298 3684408
0.90457666 0.64623815 2.1960862 3684408
0.9144789 0.64572304 2.1970298 3684408
0.92438781 0.64623815 2.1960862 3684408
0.93429863 0.64572304 2.1970298 3684408
0.94419909 0.64623809 2.1960862 3684408
0.95411825 0.64572304 2.1970298 3684408
0.96401024 0.64623815 2.1960862 3684408
0.97491664 0.6459806 2.196558 3684408
0.98582971 0.64572304 2.1970298 3684408
0.99570811 0.64623809 2.1960862 3684408
1.0056493 0.64572304 2.1970298 3684408
1.0155193 0.64623809 2.1960862 3684408
1.0254691 0.64572304 2.1970298 3684408
1.0353304 0.64623815 2.1960862 3684408
1.0452888 0.64572304 2.1970298 3684408
1.0551416 0.64623809 2.1960862 3684408
1.0651084 0.64572304 2.1970298 3684408
1.0749527 0.64623815 2.1960862 3684408
1.0849282 0.64572304 2.1970298 3684408
1.094764 0.64623815 2.1960862 3684408
1.1047478 0.64572304 2.1970298 3684408
1.1145751 0.64623815 2.1960862 3684408
1.1245674 0.64572304 2.1970298 3684408
1.1343863 0.64623815 2.1960862 3684408
1.1443872 0.64572304 2.1970298 3684408
1.1541975 0.64623815 2.1960862 3684408
1.1651446 0.6459806 2.196558 3684408
1.1750524 0.6459806 2.196558 3684408
1.18496 0.64598054 2.196558 3684408
1.1948677 0.6459806 2.196558 3684408
1.2047755 0.64598054 2.196558 3684408
1.2157381 0.64572304 2.1970298 3684408
1.2255175 0.64623815 2.1960862 3684408
1.2355578 0.64572304 2.1970298 3684408
1.2453287 0.64623815 2.1960862 3684408
1.2553774 0.64572304 2.1970298 3684408
1.2642238 0.6459806 2.196558 3684408
-0.185332 0.59983581 2.2090485 3422525
-0.17528236 0.5995453 2.2079787 3422269
-0.16532312 0.59954524 2.2079787 3356475
-0.15536389 0.5995453 2.2079787 3224888
-0.14540465 0.59954524 2.2079785 3093045
-0.13544543 0.59954524 2.2079782 3026994
-0.12548621 0.59954524 2.2079785 2895408
-0.11552698 0.59954518 2.2079782 2895150
-0.10556775 0.59954518 2.2079782 2895150
-0.095608525 0.59954512 2.207978 2895150
-0.085649312 0.59954518 2.207978 2895150
-0.075690091 0.59954518 2.2079782 2895150
-0.065730862 0.59954518 2.2079782 2895150
-0.055771641 0.59954518 2.2079782 2895150
-0.045812417 0.59954518 2.2079782 2895150
-0.0358532 0.59954518 2.2079782 2895150
-0.025893977 0.59954518 2.2079782 2895150
-0.015934756 0.59954524 2.2079782 2895150
-0.0059755347 0.59954524 2.2079785 2895150
0.0059755333 0.59954524 2.2079785 2895150
0.015934756 0.59954518 2.2079782 2895150
0.025893977 0.59954518 2.2079782 2895150
0.0358532 0.59954518 2.2079782 2895150
0.045812417 0.59954518 2.2079782 2895150
0.055771649 0.59954524 2.2079782 2895150
0.065730877 0.59954524 2.2079785 2895150
0.075690098 0.59954524 2.2079785 2895150
0.085649319 0.59954524 2.2079785 2895150
0.095608547 0.59954524 2.2079785 2895150
0.10556778 0.59954524 2.2079785 2895150
0.11552699 0.59954524 2.2079785 2895150
0.12548621 0.59954524 2.2079785 2895150
0.13544545 0.59954524 2.2079785 2895150
0.14540467 0.59954524 2.2079785 2895150
0.15536389 0.59954524 2.2079785 2895150
0.16532309 0.59954524 2.2079785 2895150
0.17528233 0.59954524 2.2079785 2895150
0.18524154 0.59954524 2.2079785 2895150
0.19520079 0.59954524 2.2079787 2895150
0.20516002 0.5995453 2.2079787 2895150
0.21511924 0.5995453 2.2079787 2895150
0.22513162 0.59968519 2.2084939 2895407
0.233215 0.59998047 2.2095814 3092788
-0.26113173 0.60797846 2.2096715 3488319
-0.25505629 0.60775077 2.2088439 3488319
-0.24391563 0.60839015 2.2053912 3488318
-0.23457569 0.60830361 2.2036362 3488318
-0.22482733 0.60617393 2.2055376 3488318
-0.21490712 0.60492086 2.2057991 3488062
-0.20483045 0.60454392 2.2044249 3422526
-0.19477545 0.60419881 2.2031658 3422525
-0.18479286 0.60405213 2.2026291 3356732
-0.17485362 0.60403824 2.2025783 3290682
-0.16491877 0.60403824 2.2025783 3224631
-0.15498391 0.60403824 2.2025783 3092788
-0.14504902 0.60403824 2.2025781 2961201
-0.13511416 0.60403812 2.2025781 2960944
-0.12517929 0.60403818 2.2025781 2895407
-0.11524442 0.60403812 2.2025781 2895407
-0.10530957 0.60403818 2.2025781 2895407
-0.095374703 0.60403818 2.2025781 2895407
-0.085439831 0.60403818 2.2025781 2895407
-0.075504974 0.60403818 2.2025781 2895407
-0.065570109 0.60403818 2.2025781 2895407
-0.055635244 0.60403818 2.2025781 2895407
-0.045700375 0.60403818 2.2025781 2895407
-0.035765514 0.60403818 2.2025781 2895407
-0.025830647 0.60403818 2.2025783 2895407
-0.015895784 0.60403818 2.2025781 2895407
-0.005960919 0.60403818 2.2025783 2895407
0.005960919 0.60403818 2.2025783 2895151
0.015895784 0.60403818 2.2025781 2895151
0.025830647 0.60403818 2.2025781 2895151
0.035765514 0.60403824 2.2025783 2895151
0.045700386 0.60403824 2.2025783 2895151
0.055635247 0.60403824 2.2025785 2895151
0.065570116 0.60403824 2.2025785 2895151
0.075504981 0.60403824 2.2025785 2895151
0.085439853 0.60403824 2.2025783 2895151
0.095374711 0.60403818 2.2025783 2895151
0.10530957 0.60403818 2.2025783 2895151
0.11524444 0.60403824 2.2025785 2895151
0.12517931 0.60403824 2.2025783 2895151
0.13511418 0.60403824 2.2025785 2895151
0.14504905 0.60403824 2.2025783 2895151
0.15498391 0.60403824 2.2025783 2895151
0.16491877 0.60403824 2.2025783 2895151
0.17485365 0.60403824 2.2025783 2895151
0.18478853 0.6040383 2.2025785 2895151
0.19472337 0.60403824 2.2025785 2895151
0.20465827 0.6040383 2.2025785 2895151
0.21459311 0.60403824 2.2025785 2895151
0.22452797 0.60403824 2.2025785 2895151
0.23449209 0.6041131 2.2028522 2895407
0.24453844 0.60438377 2.203841 3027251
0.25463766 0.6047616 2.2052183 3290425
0.26475033 0.60513991 2.2065976 3290425
0.27426133 0.6081419 2.2030506 3290425
0.28437632 0.60852194 2.2044275 3158839
0.29483223 0.60759288 2.2082701 3159095
0.30295235 0.60789728 2.2093763 3224631
-0.36471426 0.61981386 2.2092266 3488062
-0.35452759 0.61942697 2.2078476 3488318
-0.34435451 0.61904073 2.2064707 3488318
-0.33376345 0.61776048 2.2066448 3488318
-0.32529059 0.61673719 2.2067821 3488318
-0.3154054 0.616889 2.2044792 3488318
-0.30500239 0.6159687 2.2040324 3488319
-0.2956751 0.61403406 2.2056632 3488319
-0.28452697 0.61282367 2.205595 3488319
-0.27440703 0.6124419 2.2042208 3488319
-0.2651664 0.61182988 2.2034481 3488319
-0.25448841 0.61037385 2.2039256 3488319
-0.2484307 0.61014581 2.2031021 3488318
0.29417408 0.61021197 2.203341 3159095
0.30514458 0.6112836 2.2036269 3224631
0.31523809 0.6125865 2.2033098 3224631
0.32511878 0.612432 2.2056167 3224888
0.33438987 0.61304545 2.2063932 3224888
0.34404215 0.61516613 2.2044885 3290425
0.35508519 0.6167258 2.203896 3290681
0.36501026 0.6165756 2.2062042 3290681
0.37543583 0.61749727 2.2066529 3290682
0.38610125 0.61895573 2.2061679 3290682
0.39425933 0.61926556 2.2072721 3356474
0.40446886 0.61965322 2.2086542 3356475
0.41264459 0.61996365 2.2097604 3356475
-0.44057071 0.62796277 2.2098496 3422525
-0.43442756 0.62772751 2.2090218 3422525
-0.42396301 0.62798035 2.2064152 3422525
-0.41465312 0.62853801 2.2034869 3422526
-0.40477291 0.62606531 2.2059894 3422526
-0.39516261 0.62517548 2.2056496 3422526
-0.38473794 0.62425303 2.2052026 3488062
-0.37479785 0.62439698 2.202903 3488062
-0.3659358 0.62248814 2.2045813 3488062
-0.35577062 0.62210059 2.2032087 3488062
-0.34561723 0.62171328 2.2018371 3488318
-0.337504 0.62140399 2.2007418 3488318
0.37914073 0.62131441 2.2004244 3290682
0.38524026 0.62154698 2.2012482 3290682
0.39541626 0.62193507 2.2026227 3356474
0.40560412 0.62232363 2.2039986 3356475
0.41624945 0.62377661 2.2035198 3356475
0.42554381 0.62439346 2.2042944 3356475
0.434843 0.62501091 2.2050693 3356475
0.44485694 0.62486929 2.2073798 3356475
0.45520878 0.62814522 2.2035043 3356475
0.46543804 0.62853771 2.2048812 3356475
0.47416025 0.62756473 2.2084489 3356475
0.48237091 0.6278792 2.2095556 3356476
-1.2730324 0.63950455 2.2084012 10197915
-1.2650651 0.63950539 2.2084041 10197915
-1.2551029 0.63950479 2.2084022 10197915
-1.245141 0.63950437 2.2084005 10197915
-1.235182 0.63950551 2.2084045 10197915
-1.2252218 0.63950598 2.2084062 10197915
-1.2152596 0.63950539 2.2084041 10197915
-1.2052969 0.63950461 2.2084014 10197915
-1.1953366 0.63950503 2.2084029 10197915
-1.1853768 0.63950574 2.2084055 10197915
-1.175416 0.63950598 2.2084062 10197915
-1.1654526 0.63950485 2.2084019 10197915
-1.155493 0.63950562 2.208405 10197915
-1.1455287 0.6395039 2.2083986 10197915
-1.1355704 0.63950545 2.2084043 10197915
-1.1256078 0.63950461 2.2084017 10197915
-1.1156477 0.63950515 2.2084033 10197915
-1.1056854 0.63950443 2.208401 10197915
-1.0957249 0.63950491 2.2084024 10197915
-1.0857631 0.63950449 2.208401 10197915
-1.075804 0.63950574 2.2084055 10197915
-1.0658399 0.6395039 2.2083991 10197915
-1.0558813 0.63950551 2.2084045 10197915
-1.0459188 0.63950473 2.2084017 10197915
-1.0359585 0.63950521 2.2084036 10197915
-1.0259945 0.6395033 2.2083972 10197915
-1.0140448 0.63950568 2.2084053 10197915
-1.0040834 0.63950551 2.2084045 10197915
-0.99412221 0.63950545 2.2084043 10197915
-0.98415816 0.6395036 2.2083979 10197915
-0.97419953 0.63950521 2.2084033 10197915
-0.96423817 0.63950503 2.2084031 10197915
-0.95427793 0.63950562 2.2084048 10197915
-0.94431448 0.63950413 2.2083998 10197915
-0.93435472 0.63950503 2.2084029 10197915
-0.92439443 0.63950562 2.208405 10197915
-0.91443306 0.63950545 2.2084045 10197915
-0.90446925 0.6395036 2.2083979 10197915
-0.89451045 0.63950521 2.2084036 10197915
-0.88454914 0.63950509 2.2084031 10197915
-0.87458777 0.63950491 2.2084026 10197915
-0.86462414 0.63950312 2.2083962 10197915
-0.85466665 0.6395058 2.2084055 10197915
-0.84470522 0.63950562 2.208405 10197915
-0.83474398 0.63950551 2.2084045 10197915
-0.8247807 0.63950384 2.2083988 10197915
-0.8148213 0.63950521 2.2084036 10197915
-0.80486071 0.63950568 2.208405 10197915
-0.79490012 0.6395061 2.2084067 10197915
-0.7849369 0.63950443 2.2084007 10197915
-0.77497751 0.6395058 2.2084057 10197915
-0.7650162 0.63950574 2.2084053 10197915
-0.75505489 0.63950557 2.2084048 10197915
-0.7450918 0.63950396 2.2083991 10197915
-0.73513228 0.63950533 2.2084038 10197915
-0.72517157 0.63950574 2.2084053 10197915
-0.71520966 0.63950509 2.2084029 10197915
-0.70524728 0.63950396 2.2083991 10197915
-0.69528836 0.63950592 2.2084057 10197915
-0.68532717 0.63950586 2.2084057 10197915
-0.67536587 0.63950568 2.2084053 10197915
-0.66540283 0.63950396 2.2083991 10197915
-0.65544319 0.63950533 2.2084038 10197915
-0.64548033 0.63950372 2.2083983 10197915
-0.63552028 0.63950479 2.2084019 10197915
-0.62555838 0.63950396 2.2083993 10197915
-0.61559916 0.63950592 2.2084062 10197915
-0.60563642 0.63950419 2.2084002 10197915
-0.59567565 0.63950461 2.2084014 10197915
-0.58571398 0.63950396 2.2083993 10197915
-0.5757547 0.63950616 2.2084067 10197915
-0.56579137 0.63950372 2.2083983 10197915
-0.55583102 0.63950443 2.208401 10197915
-0.54586995 0.63950455 2.2084012 10197915
-0.53584909 0.63943273 2.2081535 7634051
-0.52559602 0.63907671 2.2069237 4740192
-0.514579 0.63799804 2.2066412 4674656
-0.50450003 0.63669604 2.20696 4872294
-0.49442706 0.63682711 2.2046564 4278867
-0.48510912 0.63620609 2.2038841 3422269
-0.47539988 0.63452733 2.2049682 3422525
-0.46455812 0.63254607 2.2063737 3422525
-0.45452946 0.63268149 2.2040715 3422525
-0.44522801 0.6320622 2.2032998 3422525
-0.43628052 0.63106626 2.20329 3422525
-0.42733517 0.63007092 2.2032793 3422525
0.47514942 0.63021827 2.2037945 3356475
0.48571369 0.63149315 2.203625 3356476
0.49509659 0.63228899 2.2040904 3356476
0.50535363 0.63268423 2.2054682 3356476
0.51523763 0.6339336 2.2052062 3356476
0.52384961 0.635221 2.2046134 3356476
0.53500569 0.63643503 2.2046769 3356476
0.54529035 0.63683295 2.2060554 3356475
0.5546391 0.63745528 2.2068315 3356475
0.56526601 0.63890952 2.2063465 3356475
0.57557821 0.63930935 2.2077272 3356474
0.58570921 0.63949889 2.2083817 3684408
0.59567028 0.63949889 2.2083817 3684408
0.60563135 0.63949889 2.2083817 3684408
0.61559242 0.63949889 2.2083817 3684408
0.62555343 0.63949889 2.2083817 3684408
0.6355145 0.63949889 2.2083817 3684408
0.64547551 0.63949889 2.2083817 3684408
0.65543652 0.63949889 2.2083817 3684408
0.66539758 0.63949889 2.2083817 3684408
0.67535859 0.63949889 2.2083817 3684408
0.68531966 0.63949889 2.2083817 3684408
0.69528073 0.63949889 2.2083817 3684408
0.7052418 0.63949889 2.2083817 3684408
0.71520281 0.63949889 2.2083817 3684408
0.72516382 0.63949889 2.2083817 3684408
0.73512489 0.63949889 2.2083817 3684408
0.74508595 0.63949889 2.2083817 3684408
0.7550469 0.63949889 2.2083817 3684408
0.76500797 0.63949889 2.2083817 3684408
0.7749691 0.63949889 2.2083817 3684408
0.78493011 0.63949889 2.2083817 3684408
0.79489112 0.63949889 2.2083817 3684408
0.80485219 0.63949889 2.2083817 3684408
0.8148132 0.63949889 2.2083817 3684408
0.82477427 0.63949889 2.2083817 3684408
0.83473533 0.63949889 2.2083817 3684408
0.84469634 0.63949889 2.2083817 3684408
0.85465741 0.63949889 2.2083817 3684408
0.86461842 0.63949889 2.2083817 3684408
0.87457943 0.63949889 2.2083817 3684408
0.8845405 0.63949889 2.2083817 3684408
0.89450151 0.63949889 2.2083817 3684408
0.90446258 0.63949889 2.2083817 3684408
0.91442364 0.63949889 2.2083817 3684408
0.92438471 0.63949889 2.2083817 3684408
0.93434572 0.63949889 2.2083817 3684408
0.94430673 0.63949889 2.2083817 3684408
0.9542678 0.63949889 2.2083817 3684408
0.96422887 0.63949889 2.2083817 3684408
0.97418994 0.63949889 2.2083817 3684408
0.98415089 0.63949889 2.2083817 3684408
0.99411201 0.63949889 2.2083817 3684408
1.004073 0.63949889 2.2083817 3684408
1.014034 0.63949889 2.2083817 3684408
1.0259873 0.63949889 2.2083817 3684408
1.0359483 0.63949889 2.2083817 3684408
1.0459094 0.63949889 2.2083817 3684408
1.0558704 0.63949889 2.2083817 3684408
1.0658315 0.63949889 2.2083817 3684408
1.0757926 0.63949889 2.2083817 3684408
1.0857536 0.63949889 2.2083817 3684408
1.0957146 0.63949889 2.2083817 3684408
1.1056757 0.63949889 2.2083817 3684408
1.1156367 0.63949889 2.2083817 3684408
1.1255977 0.63949889 2.2083817 3684408
1.1355587 0.63949889 2.2083817 3684408
1.1455197 0.63949889 2.2083817 3684408
1.1554809 0.63949889 2.2083817 3684408
1.1654419 0.63949889 2.2083817 3684408
1.1754029 0.63949889 2.2083817 3684408
1.185364 0.63949889 2.2083817 3684408
1.195325 0.63949889 2.2083817 3684408
1.205286 0.63949889 2.2083817 3684408
1.2152472 0.63949889 2.2083817 3684408
1.2252082 0.63949889 2.2083817 3684408
1.2351692 0.63949889 2.2083817 3684408
1.2451302 0.63949889 2.2083817 3684408
1.2550912 0.63949889 2.2083817 3684408
1.2650523 0.63949889 2.2083817 3684408
1.2730211 0.63949889 2.2083817 3684408
-1.2702911 0.64210331 2.2036457 10197915
-1.2643294 0.64210439 2.2036495 10197915
-1.2543907 0.64210486 2.203651 10197915
-1.2444472 0.64210296 2.2036443 10197915
-1.2345103 0.64210445 2.2036495 10197915
-1.2245712 0.64210474 2.2036505 10197915
-1.2146304 0.64210409 2.2036483 10197915
-1.204689 0.6421032 2.2036452 10197915
-1.1947521 0.64210469 2.2036505 10197915
-1.1848121 0.64210451 2.2036498 10197915
-1.174872 0.64210439 2.2036493 10197915
-1.1649308 0.64210355 2.2036464 10197915
-1.1549938 0.64210498 2.2036514 10197915
-1.1450508 0.64210314 2.203645 10197915
-1.1351119 0.64210361 2.2036464 10197915
-1.1251707 0.64210272 2.2036436 10197915
-1.1152357 0.6421054 2.2036526 10197915
-1.1052918 0.64210296 2.2036443 10197915
-1.0953537 0.64210385 2.2036476 10197915
-1.0854125 0.64210296 2.2036445 10197915
-1.0754761 0.64210492 2.2036512 10197915
-1.0655327 0.64210272 2.2036433 10197915
-1.0555948 0.64210373 2.2036474 10197915
-1.0456543 0.64210325 2.2036455 10197915
-1.0357171 0.64210486 2.203651 10197915
-1.0257744 0.64210296 2.2036443 10197915
-1.0158359 0.64210367 2.2036469 10197915
-1.0058959 0.64210355 2.2036464 10197915
-0.99595815 0.6421048 2.2036507 10197915
-0.98402762 0.6421029 2.203644 10197915
-0.97409022 0.64210439 2.2036493 10197915
-0.96415061 0.64210439 2.2036493 10197915
-0.95421183 0.6421051 2.2036517 10197915
-0.94426936 0.64210314 2.203645 10197915
-0.93433189 0.64210463 2.2036502 10197915
-0.92439103 0.64210391 2.2036476 10197915
-0.91445267 0.6421048 2.2036507 10197915
-0.90451002 0.64210272 2.2036436 10197915
-0.89457345 0.64210492 2.2036512 10197915
-0.88463277 0.64210421 2.2036486 10197915
-0.87469345 0.64210451 2.2036498 10197915
-0.86475164 0.64210296 2.2036445 10197915
-0.85481358 0.64210415 2.2036486 10197915
-0.84487438 0.64210445 2.2036498 10197915
-0.83493501 0.6421048 2.2036507 10197915
-0.82499307 0.64210308 2.2036448 10197915
-0.81505513 0.64210439 2.2036495 10197915
-0.80511546 0.64210439 2.2036495 10197915
-0.79517663 0.6421051 2.2036519 10197915
-0.78523469 0.64210331 2.2036457 10197915
-0.77529669 0.64210469 2.2036505 10197915
-0.76535612 0.64210397 2.2036479 10197915
-0.75541812 0.6421054 2.2036529 10197915
-0.74547595 0.64210325 2.2036455 10197915
-0.73553824 0.64210498 2.2036514 10197915
-0.72559768 0.64210433 2.2036488 10197915
-0.71565831 0.64210457 2.20365 10197915
-0.70571709 0.6421032 2.2036452 10197915
-0.69577855 0.64210415 2.2036486 10197915
-0.68583935 0.64210463 2.2036502 10197915
-0.67589998 0.64210498 2.2036514 10197915
-0.6659587 0.64210343 2.2036462 10197915
-0.65403211 0.64210451 2.2036495 10197915
-0.64409137 0.64210343 2.2036462 10197915
-0.634152 0.64210373 2.2036474 10197915
-0.62421161 0.64210302 2.2036448 10197915
-0.61427361 0.6421048 2.2036507 10197915
-0.60433245 0.6421032 2.2036452 10197915
-0.59439319 0.64210367 2.2036469 10197915
-0.58445269 0.64210278 2.2036438 10197915
-0.57451469 0.64210469 2.2036502 10197915
-0.56457347 0.6421029 2.2036443 10197915
-0.55463409 0.64210325 2.2036455 10197915
-0.54469383 0.64210248 2.2036428 10197915
-0.53466958 0.64200038 2.2032921 6845052
-0.52442682 0.64162791 2.202014 4410968
-0.51417488 0.64122885 2.2006445 5069930
0.55578417 0.64113647 2.2003274 3356475
0.56400537 0.64145648 2.201426 3356475
0.57429379 0.64185709 2.2028005 3356475
0.58444762 0.64209723 2.2036247 3684408
0.59438723 0.64209723 2.2036247 3684408
0.60432678 0.64209723 2.2036247 3684408
0.6142664 0.64209723 2.2036247 3684408
0.62420595 0.64209723 2.2036247 3684408
0.63414556 0.64209723 2.2036247 3684408
0.64408517 0.64209723 2.2036247 3684408
0.65402466 0.64209723 2.2036247 3684408
0.66595221 0.64209723 2.2036247 3684408
0.67589182 0.64209723 2.2036247 3684408
0.68583137 0.64209723 2.2036247 3684408
0.69577098 0.64209723 2.2036247 3684408
0.70571059 0.64209723 2.2036247 3684408
0.71565014 0.64209723 2.2036247 3684408
0.72558975 0.64209723 2.2036247 3684408
0.7355293 0.64209723 2.2036247 3684408
0.74546891 0.64209723 2.2036247 3684408
0.75540853 0.64209723 2.2036247 3684408
0.76534802 0.64209723 2.2036247 3684408
0.77528763 0.64209723 2.2036247 3684408
0.7852273 0.64209723 2.2036247 3684408
0.79516685 0.64209723 2.2036247 3684408
0.8051064 0.64209723 2.2036247 3684408
0.81504595 0.64209723 2.2036247 3684408
0.82498556 0.64209723 2.2036247 3684408
0.83492517 0.64209723 2.2036247 3684408
0.84486479 0.64209723 2.2036247 3684408
0.85480434 0.64209723 2.2036247 3684408
0.86474395 0.64209723 2.2036247 3684408
0.8746835 0.64209723 2.2036247 3684408
0.88462305 0.64209723 2.2036247 3684408
0.89456272 0.64209723 2.2036247 3684408
0.90450221 0.64209723 2.2036247 3684408
0.91444182 0.64209723 2.2036247 3684408
0.92438143 0.64209723 2.2036247 3684408
0.93432105 0.64209723 2.2036247 3684408
0.9442606 0.64209723 2.2036247 3684408
0.95420015 0.64209723 2.2036247 3684408
0.96413976 0.64209723 2.2036247 3684408
0.97407937 0.64209723 2.2036247 3684408
0.98401898 0.64209723 2.2036247 3684408
0.99594641 0.64209723 2.2036247 3684408
1.0058861 0.64209723 2.2036247 3684408
1.0158256 0.64209723 2.2036247 3684408
1.0257652 0.64209723 2.2036247 3684408
1.0357049 0.64209723 2.2036247 3684408
1.0456444 0.64209723 2.2036247 3684408
1.055584 0.64209723 2.2036247 3684408
1.0655236 0.64209723 2.2036247 3684408
1.0754632 0.64209723 2.2036247 3684408
1.0854027 0.64209723 2.2036247 3684408
1.0953423 0.64209723 2.2036247 3684408
1.1052818 0.64209723 2.2036247 3684408
1.1152215 0.64209723 2.2036247 3684408
1.1251611 0.64209723 2.2036247 3684408
1.1351006 0.64209723 2.2036247 3684408
1.1450403 0.64209723 2.2036247 3684408
1.1549798 0.64209723 2.2036247 3684408
1.1649194 0.64209723 2.2036247 3684408
1.174859 0.64209723 2.2036247 3684408
1.1847986 0.64209723 2.2036247 3684408
1.1947381 0.64209723 2.2036247 3684408
1.2046778 0.64209723 2.2036247 3684408
1.2146174 0.64209723 2.2036247 3684408
1.2245569 0.64209723 2.2036247 3684408
1.2344966 0.64209723 2.2036247 3684408
1.244436 0.64209723 2.2036247 3684408
1.2543757 0.64209723 2.2036247 3684408
1.2643152 0.64209723 2.2036247 3684408
1.270279 0.64209723 2.2036247 3684408
-0.2242274 0.59860641 2.2192669 3488318
-0.21408339 0.59823114 2.2178757 3488062
-0.20395124 0.59785634 2.2164862 3488062
-0.19397449 0.59659368 2.2167537 3422526
-0.18510297 0.59608722 2.2158635 3422525
-0.17584661 0.59547746 2.2150831 3422525
-0.16576789 0.59516317 2.2139137 3422268
-0.15454714 0.59354496 2.2153375 3356475
-0.1453516 0.59389341 2.2147717 3290682
-0.13506404 0.5930832 2.2157454 3224631
-0.12537186 0.59389335 2.2147713 3092788
-0.11507551 0.59308308 2.2157452 2961201
-0.10539213 0.59389329 2.214771 2895151
-0.095086992 0.59308302 2.2157447 2829357
-0.085412391 0.59389329 2.214771 2829357
-0.07509847 0.59308308 2.2157447 2829357
-0.065432675 0.59389335 2.214771 2829357
-0.055109974 0.59308308 2.2157452 2829357
-0.045452952 0.59389329 2.2147713 2829357
-0.035121463 0.59308308 2.2157452 2829357
-0.025473226 0.59389329 2.2147713 2829357
-0.015132953 0.59308308 2.2157452 2829357
-0.0054935017 0.59389329 2.2147713 2829357
0.0054935017 0.59389335 2.2147713 2829357
0.015132954 0.59308308 2.2157452 2829357
0.025473226 0.59389335 2.2147713 2829357
0.035121467 0.59308308 2.2157452 2829357
0.045452956 0.59389335 2.214771 2829357
0.055109974 0.59308308 2.2157452 2829357
0.065432683 0.59389341 2.2147715 2829357
0.075098492 0.59308308 2.2157452 2829357
0.085412405 0.59389341 2.2147713 2829357
0.095086999 0.59308308 2.2157454 2829357
0.10539214 0.59389341 2.2147715 2829357
0.11507552 0.59308308 2.2157454 2829357
0.12537186 0.59389335 2.2147715 2829357
0.13506402 0.5930832 2.2157452 2829357
0.14535159 0.59389341 2.2147715 2829357
0.15505254 0.59308308 2.2157454 2829357
0.16533132 0.59389341 2.2147717 2829357
0.17504106 0.5930832 2.2157454 2829357
0.18531105 0.59389341 2.2147715 2829357
0.19503824 0.59310907 2.2158427 2829357
0.2056856 0.59508771 2.2136319 2829358
0.2157571 0.5953269 2.2145233 2961201
0.22502545 0.59593695 2.2153053 3158838
0.23399921 0.59600037 2.2170277 3290682
0.2459107 0.59778136 2.2162082 3224888
0.25606748 0.59815705 2.2176008 3093044
0.26420245 0.59845799 2.2187166 3158581
0.27030876 0.59868389 2.2195542 3158837
-0.31397915 0.60995948 2.2168715 3488319
-0.30582705 0.60965389 2.2157607 3488319
-0.29482168 0.60764372 2.2171855 3488319
-0.28492194 0.60780585 2.2148609 3488319
-0.27563462 0.60719222 2.2140818 3488319
-0.2656773 0.60593206 2.2143486 3488319
-0.2547507 0.60348237 2.2165942 3488319
-0.24489555 0.60364878 2.2142708 3488318
-0.23562482 0.60303688 2.2134919 3488318
-0.22663687 0.60203648 2.2134819 3488318
-0.21562761 0.60096145 2.2131939 3488062
-0.20551674 0.60058588 2.2118108 3488062
-0.19541764 0.60021055 2.2104287 3422526
0.23726104 0.60013086 2.2101352 3224631
0.24535982 0.60043174 2.2112434 3290682
0.25549346 0.60080826 2.21263 3224888
0.26564074 0.60118538 2.2140188 3158581
0.27549106 0.60288346 2.2129285 3158837
0.28477377 0.60349572 2.2137094 3158838
0.29466909 0.60333097 2.2160382 3158838
0.30578026 0.60489929 2.2154434 3224631
0.31550154 0.6070382 2.2135198 3224632
0.32480082 0.60765219 2.2143009 3224888
0.33474094 0.60749173 2.2166312 3224888
0.34488851 0.60880351 2.2163086 3290425
0.35593212 0.60988331 2.2165945 3290681
-0.40444267 0.61867678 2.2194467 3422526
-0.39418483 0.61828887 2.218055 3488062
-0.38393903 0.61790144 2.2166653 3488062
-0.37398323 0.61664116 2.216933 3488062
-0.36503869 0.61612648 2.2160425 3488062
-0.3557182 0.61550975 2.2152624 3488318
-0.34551021 0.61512458 2.213876 3488318
-0.33461174 0.61285686 2.2157946 3488318
-0.32496959 0.61196506 2.2154515 3488318
-0.31622791 0.61181337 2.2139387 3488319
-0.30514395 0.61228108 2.2108119 3488319
0.34698012 0.61220014 2.2105198 3290425
0.35513467 0.6125071 2.2116282 3290681
0.36484933 0.6118108 2.2148929 3290681
0.37483424 0.61165464 2.2172244 3290682
0.38535562 0.61496836 2.2133141 3290682
0.39558667 0.61535436 2.2147031 3356474
0.40491924 0.61597162 2.2154853 3356475
0.41403359 0.6160506 2.2172079 3356475
0.42587948 0.6178242 2.2163882 3356475
0.43615025 0.61821258 2.2177815 3356475
0.44437644 0.6185236 2.2188973 3356475
0.4505513 0.61875713 2.2197349 3356475
-0.48576415 0.62969345 2.2159398 3818057
-0.47487363 0.62769598 2.2173653 3422525
-0.46478423 0.62783706 2.2150397 3422525
-0.45543292 0.6272164 2.2142606 3422525
-0.44549647 0.62595856 2.2145274 3422525
-0.43475136 0.62352896 2.2167735 3422525
-0.42470676 0.62367439 2.2144496 3422525
-0.41537198 0.6230554 2.2136705 3422526
-0.40638247 0.62205482 2.2136602 3422526
-0.39534903 0.62097716 2.2133727 3488062
-0.38512495 0.6205889 2.2119889 3488062
-0.3749128 0.62020111 2.2106071 3488062
0.41673592 0.62011904 2.2103143 3356475
0.42492542 0.62043005 2.2114227 3356475
0.4351725 0.62081909 2.2128096 3356475
0.44543329 0.62120873 2.2141984 3356475
0.4551959 0.62289703 2.2131081 3356475
0.46454278 0.62351644 2.2138889 3356475
0.47462806 0.62337273 2.2162182 3356475
0.48569182 0.62493587 2.2156234 3356476
0.49525762 0.62705749 2.2136993 3356476
0.50462115 0.62767857 2.2144809 3356476
0.51475126 0.62753922 2.2168112 3356476
0.5248735 0.62884814 2.2164888 3356476
0.53387415 0.62985152 2.2164962 3356476
-1.274253 0.63532573 2.2160695 10197915
-1.2651842 0.63558906 2.2155938 10197915
-1.2551874 0.63558745 2.2155883 10197915
-1.2451952 0.63558817 2.2155905 10197915
-1.2352008 0.63558769 2.2155888 10197915
-1.2252094 0.63558882 2.2155929 10197915
-1.2152125 0.63558704 2.2155869 10197915
-1.2052208 0.63558811 2.2155905 10197915
-1.1952261 0.63558739 2.2155881 10197915
-1.1852355 0.63558906 2.2155938 10197915
-1.1752396 0.63558769 2.215589 10197915
-1.1652466 0.63558811 2.2155905 10197915
-1.1552523 0.63558769 2.2155888 10197915
-1.1442118 0.63584936 2.2151077 10197915
-1.1343122 0.63532519 2.2160676 10197915
-1.1242311 0.63585055 2.215112 10197915
-1.1143206 0.63532519 2.2160676 10197915
-1.1042466 0.63584954 2.2151084 10197915
-1.0943286 0.63532495 2.2160666 10197915
-1.084265 0.63585025 2.2151108 10197915
-1.0743374 0.63532484 2.2160664 10197915
-1.0642805 0.63584924 2.2151072 10197915
-1.0543463 0.63532507 2.2160673 10197915
-1.0443 0.63585061 2.215112 10197915
-1.0343547 0.63532507 2.2160668 10197915
-1.0243149 0.63584912 2.215107 10197915
-1.0143636 0.63532525 2.2160676 10197915
-1.0043343 0.63585049 2.2151117 10197915
-0.99437249 0.63532537 2.2160683 10197915
-0.98434991 0.63584954 2.2151082 10197915
-0.97438085 0.63532531 2.2160678 10197915
-0.9643687 0.63585049 2.2151117 10197915
-0.95438921 0.63532507 2.2160673 10197915
-0.9443838 0.63584918 2.215107 10197915
-0.93439829 0.63532549 2.2160683 10197915
-0.92440355 0.63585079 2.2151127 10197915
-0.9144066 0.63532531 2.2160678 10197915
-0.90441895 0.6358496 2.2151084 10197915
-0.8944149 0.63532513 2.2160673 10197915
-0.88443792 0.63585079 2.2151124 10197915
-0.87442333 0.63532501 2.2160668 10197915
-0.86445296 0.63584924 2.2151074 10197915
-0.8544324 0.63532531 2.216068 10197915
-0.84447241 0.63585079 2.2151129 10197915
-0.83444154 0.63532585 2.2160697 10197915
-0.82448834 0.63584995 2.2151098 10197915
-0.81444997 0.63532573 2.2160692 10197915
-0.80450696 0.63585103 2.2151134 10197915
-0.79445845 0.63532555 2.2160687 10197915
-0.78452241 0.6358496 2.2151089 10197915
-0.77446681 0.63532543 2.2160683 10197915
-0.76454097 0.63585073 2.2151122 10197915
-0.75447541 0.63532549 2.2160687 10197915
-0.74455678 0.6358496 2.2151084 10197915
-0.7344836 0.63532519 2.2160673 10197915
-0.72457576 0.63585103 2.2151136 10197915
-0.71449256 0.63532549 2.2160685 10197915
-0.70459175 0.63584995 2.2151096 10197915
-0.69450146 0.63532567 2.2160692 10197915
-0.68461025 0.63585114 2.2151139 10197915
-0.67451012 0.63532579 2.2160697 10197915
-0.66462612 0.63584983 2.2151093 10197915
-0.65451854 0.63532573 2.2160692 10197915
-0.64464188 0.6358484 2.2151043 10197915
-0.63452691 0.63532555 2.2160687 10197915
-0.62466019 0.63584948 2.2151084 10197915
-0.61453533 0.63532543 2.216068 10197915
-0.60467613 0.63584816 2.2151036 10197915
-0.59454447 0.63532591 2.2160699 10197915
-0.58469516 0.63585007 2.2151103 10197915
-0.57455266 0.63532555 2.2160687 10197915
-0.56471097 0.63584846 2.2151046 10197915
-0.55456102 0.63532537 2.2160683 10197915
-0.54472941 0.63584983 2.2151096 10197915
-0.53448594 0.63522542 2.2157192 6779774
-0.52435368 0.63537312 2.2134485 4740449
-0.5145539 0.6328969 2.2159736 5003880
-0.50488317 0.632002 2.2156308 4806242
-0.4955152 0.63137972 2.2148507 4477018
-0.48467913 0.632276 2.2109902 3422526
0.5264951 0.63219273 2.2106988 3356476
0.53582972 0.6316765 2.2135563 3356476
0.54472095 0.63184291 2.2150731 3356475
0.55489606 0.63170785 2.2174046 3356475
0.56510073 0.63498652 2.2134936 3356475
0.57544541 0.6353851 2.2148833 3356475
0.58469313 0.63584781 2.2151024 3618872
0.59454215 0.63532346 2.2160614 3684408
0.60467583 0.63584787 2.2151024 3684408
0.61453342 0.63532346 2.2160614 3684408
0.62465852 0.63584787 2.2151024 3684408
0.63452482 0.63532346 2.2160614 3684408
0.64464128 0.63584787 2.2151024 3684408
0.65451622 0.63532346 2.2160614 3684408
0.66462398 0.63584787 2.2151024 3684408
0.6745075 0.63532346 2.2160614 3684408
0.68460667 0.63584787 2.2151024 3684408
0.6944989 0.63532346 2.2160614 3684408
0.70458937 0.63584787 2.2151024 3684408
0.71449029 0.63532346 2.2160614 3684408
0.72457206 0.63584787 2.2151024 3684408
0.73448169 0.63532346 2.2160614 3684408
0.74455482 0.63584787 2.2151024 3684408
0.75447309 0.63532346 2.2160614 3684408
0.76453751 0.63584781 2.2151024 3684408
0.77446443 0.63532346 2.2160614 3684408
0.78452027 0.63584787 2.2151024 3684408
0.79445583 0.63532346 2.2160614 3684408
0.80450296 0.63584787 2.2151024 3684408
0.81444705 0.63532346 2.2160614 3684408
0.8244856 0.63584787 2.2151024 3684408
0.8344385 0.63532346 2.2160614 3684408
0.8444683 0.63584781 2.2151024 3684408
0.85442984 0.63532346 2.2160614 3684408
0.86445111 0.63584781 2.2151024 3684408
0.87442124 0.63532346 2.2160614 3684408
0.88443387 0.63584787 2.2151024 3684408
0.89441252 0.63532346 2.2160614 3684408
0.90441644 0.63584787 2.2151024 3684408
0.91440392 0.63532346 2.2160614 3684408
0.9243992 0.63584787 2.2151024 3684408
0.93439531 0.63532346 2.2160614 3684408
0.94438189 0.63584787 2.2151024 3684408
0.95438659 0.63532346 2.2160614 3684408
0.96436465 0.63584787 2.2151024 3684408
0.97437799 0.63532346 2.2160614 3684408
0.98434734 0.63584781 2.2151024 3684408
0.99436939 0.63532346 2.2160614 3684408
1.00433 0.63584787 2.2151024 3684408
1.0143607 0.63532346 2.2160614 3684408
1.0243127 0.63584781 2.2151024 3684408
1.0343522 0.63532346 2.2160614 3684408
1.0442955 0.63584781 2.2151024 3684408
1.0543435 0.63532346 2.2160614 3684408
1.0642782 0.63584787 2.2151024 3684408
1.0743349 0.63532346 2.2160614 3684408
1.0842609 0.63584787 2.2151024 3684408
1.0943263 0.63532346 2.2160614 3684408
1.1042436 0.63584787 2.2151024 3684408
1.1143177 0.63532346 2.2160614 3684408
1.1242263 0.63584787 2.2151024 3684408
1.1343089 0.63532346 2.2160614 3684408
1.1442091 0.63584787 2.2151024 3684408
1.1552486 0.63558567 2.2155819 3684408
1.1652421 0.63558567 2.2155819 3684408
1.1752356 0.63558567 2.2155819 3684408
1.1852292 0.63558567 2.2155819 3684408
1.1952227 0.63558567 2.2155819 3684408
1.2052162 0.63558567 2.2155819 3684408
1.2152096 0.63558567 2.2155819 3684408
1.2252033 0.63558567 2.2155819 3684408
1.2351968 0.63558567 2.2155819 3684408
1.2451904 0.63558567 2.2155819 3684408
1.2551838 0.63558567 2.2155819 3684408
1.2651775 0.63558567 2.2155819 3684408
1.2742484 0.63532346 2.2160614 3684408
-0.1910703 0.58930105 2.2295077 3422526
-0.18496683 0.58907831 2.2286651 3422525
-0.17480461 0.58870751 2.227262 3422525
-0.16465431 0.58833706 2.2258606 3422269
-0.15384451 0.58685845 2.2263532 3422268
-0.14455537 0.58624911 2.2255654 3356732
-0.13445862 0.5859955 2.2246015 3356475
-0.12407066 0.58501935 2.2254758 3290682
-0.11447112 0.58440083 2.2261808 3224632
-0.10442979 0.58440071 2.2261808 3093045
-0.094388455 0.58440077 2.2261808 3026994
-0.084347129 0.58440065 2.2261808 2895407
-0.074305803 0.58440065 2.2261806 2829357
-0.064264476 0.58440065 2.2261803 2763564
-0.054223154 0.58440059 2.2261806 2763563
-0.044181824 0.58440065 2.2261803 2763563
-0.034140505 0.58440065 2.2261803 2763563
-0.024099179 0.58440065 2.2261803 2763563
-0.014057855 0.58440071 2.2261806 2763563
-0.0040165298 0.58440065 2.2261806 2763563
0.0040165298 0.58440065 2.2261808 2763563
0.014057855 0.58440059 2.2261808 2763563
0.024099179 0.58440065 2.2261808 2763563
0.034140505 0.58440065 2.2261806 2763563
0.044181835 0.58440071 2.2261808 2763563
0.054223157 0.58440077 2.2261808 2763563
0.064264484 0.58440071 2.2261808 2763563
0.07430581 0.58440071 2.2261808 2763563
0.084347129 0.58440071 2.2261806 2763563
0.094388455 0.58440059 2.2261806 2763563
0.10442978 0.58440071 2.2261808 2763563
0.11447112 0.58440077 2.2261808 2763563
0.12451243 0.58440071 2.2261808 2763563
0.13455378 0.58440077 2.2261808 2763563
0.1445951 0.58440071 2.2261808 2763563
0.15463641 0.58440077 2.2261808 2763563
0.16422109 0.58501166 2.2254465 2763563
0.17458189 0.58595085 2.224431 2763564
0.18467064 0.58612573 2.2250972 2829357
0.1948245 0.5864777 2.2264335 3026995
0.20476457 0.58819556 2.2253251 3224632
0.21493804 0.58856684 2.2267296 3290682
0.22512352 0.58893853 2.2281361 3093045
0.23328149 0.58923626 2.2292624 3092787
-0.26348448 0.59736556 2.2295802 3488319
-0.25502437 0.59839982 2.2259543 3488319
-0.2448296 0.59802347 2.2245541 3488318
-0.23464848 0.59764773 2.2231565 3488318
-0.22498429 0.59459847 2.2267582 3488318
-0.2148056 0.59422445 2.225358 3488062
-0.20463885 0.59385097 2.223959 3488062
-0.19534016 0.59323996 2.2231722 3422526
-0.1845513 0.59176695 2.2236586 3422525
-0.17441215 0.59139532 2.2222617 3422525
-0.1642849 0.59102404 2.2208667 3422269
-0.15821464 0.59080148 2.2200305 3422268
0.20430399 0.59087849 2.2203197 2961201
0.21445428 0.5912506 2.2217178 3224632
0.22461653 0.59162319 2.2231183 3290682
0.23567636 0.59270197 2.2234092 3158582
0.24470468 0.59370685 2.2234192 3092788
0.25489458 0.59408122 2.2248213 3093044
0.26509655 0.59445608 2.2262254 3158581
0.27489585 0.5966121 2.2242863 3158837
0.28489664 0.59787881 2.2240162 3158838
0.29511467 0.59825593 2.2254193 3158838
0.30477783 0.59816384 2.2275674 3224631
-0.37211457 0.60946333 2.2296891 3488062
-0.36594215 0.60923296 2.2288463 3488062
-0.35566512 0.60884935 2.227443 3488318
-0.34540024 0.60846627 2.2260413 3488318
-0.33462951 0.60699189 2.2265337 3488318
-0.32527569 0.6063754 2.2257462 3488318
-0.31503856 0.60599422 2.2243469 3488319
-0.30481344 0.60561341 2.222949 3488319
-0.29526469 0.60257733 2.2265506 3488319
-0.28504187 0.60219836 2.2251501 3488319
-0.27483276 0.60181987 2.2237518 3488319
-0.26541322 0.60102373 2.223279 3488319
0.30704531 0.60004282 2.2245922 3224631
0.31487778 0.60167378 2.2232115 3224631
0.32511017 0.60205311 2.2246134 3224888
0.33535632 0.60243297 2.2260172 3224888
0.34522307 0.60413963 2.2249143 3290425
0.35508481 0.60584748 2.2238083 3290681
0.36534527 0.6062296 2.2252109 3290681
0.37471136 0.60684651 2.2260003 3290682
0.38370046 0.6073603 2.2269013 3290682
0.39575884 0.60870415 2.2269118 3356218
0.40605932 0.6090886 2.2283182 3356475
0.41430944 0.60939652 2.2294447 3356475
-0.44247347 0.61745125 2.2294805 3422525
-0.43486094 0.61876202 2.2255218 3422525
-0.4254759 0.61814165 2.2247348 3422526
-0.41518047 0.61775321 2.2233367 3422526
-0.40466231 0.61442643 2.2272716 3422526
-0.39460182 0.61458206 2.2249258 3488062
-0.38523352 0.61396331 2.2241392 3488062
-0.37587023 0.61334521 2.2233524 3488062
-0.36511999 0.61187649 2.2238388 3488062
-0.35486659 0.6114921 2.2224419 3488318
-0.34462523 0.61110824 2.2210464 3488318
-0.33848658 0.61087811 2.2202103 3488318
0.38460335 0.61095804 2.2205007 3290682
0.39486799 0.61134285 2.2218993 3356218
0.40514478 0.61172807 2.2232995 3356475
0.41622913 0.6128096 2.2235904 3356475
0.42525902 0.61381465 2.2236006 3356475
0.4346396 0.61443383 2.2243888 3356475
0.44474116 0.61427975 2.2267404 3356475
0.45552304 0.61672795 2.2244678 3356475
0.46550268 0.6179924 2.2241976 3356475
0.47490007 0.61861312 2.2249863 3356475
0.48465678 0.61738348 2.2292359 3356476
-1.2821152 0.62900019 2.227644 10197915
-1.274081 0.62900209 2.2276509 10197915
-1.2640296 0.62900048 2.2276452 10197915
-1.2539814 0.62900031 2.2276444 10197915
-1.2459435 0.62900054 2.2276454 10197915
-1.2358965 0.62900096 2.2276471 10197915
-1.2258476 0.62900048 2.2276452 10197915
-1.2157983 0.62899977 2.2276425 10197915
-1.2057521 0.62900078 2.2276461 10197915
-1.1957041 0.6290006 2.2276459 10197915
-1.1856573 0.62900126 2.2276478 10197915
-1.1756066 0.62899977 2.2276428 10197915
-1.1655608 0.62900096 2.2276468 10197915
-1.1555091 0.62899894 2.2276394 10197915
-1.1454649 0.6290009 2.2276466 10197915
-1.1354156 0.62900019 2.227644 10197915
-1.1253687 0.62900072 2.2276459 10197915
-1.1153177 0.62899899 2.2276399 10197915
-1.1052725 0.62900054 2.2276454 10197915
-1.0952245 0.6290006 2.2276452 10197915
-1.0851763 0.62900037 2.2276449 10197915
-1.0751261 0.62899899 2.2276399 10197915
-1.0650811 0.62900078 2.2276461 10197915
-1.0550328 0.6290006 2.2276456 10197915
-1.0449851 0.6290006 2.2276454 10197915
-1.0349351 0.62899935 2.2276413 10197915
-1.0248897 0.6290009 2.2276468 10197915
-1.0148407 0.62900025 2.2276442 10197915
-1.0047936 0.62900078 2.2276464 10197915
-0.99474287 0.62899905 2.2276402 10197915
-0.98469746 0.62900066 2.2276456 10197915
-0.97464865 0.62900001 2.2276437 10197915
-0.96460211 0.62900096 2.2276468 10197915
-0.9545514 0.62899905 2.2276402 10197915
-0.94450605 0.62900078 2.2276464 10197915
-0.93445748 0.62900043 2.2276449 10197915
-0.92440987 0.62900066 2.2276459 10197915
-0.91436023 0.62899941 2.2276413 10197915
-0.90431452 0.62900102 2.2276471 10197915
-0.89426583 0.62900043 2.2276449 10197915
-0.88421845 0.62900078 2.2276464 10197915
-0.87416863 0.62899947 2.2276416 10197915
-0.86412233 0.62900066 2.2276459 10197915
-0.85407358 0.62900013 2.2276437 10197915
-0.8440277 0.62900162 2.2276492 10197915
-0.83598691 0.62899977 2.2276425 10197915
-0.82594031 0.62900072 2.2276461 10197915
-0.81589085 0.62899959 2.2276421 10197915
-0.8058455 0.62900156 2.227649 10197915
-0.7957955 0.62899995 2.2276435 10197915
-0.78574806 0.62900037 2.2276449 10197915
-0.77569944 0.62899983 2.2276428 10197915
-0.76565331 0.6290012 2.227648 10197915
-0.75560343 0.62899965 2.2276421 10197915
-0.74555594 0.62900007 2.2276437 10197915
-0.73550797 0.62900001 2.2276435 10197915
-0.72546196 0.62900168 2.2276492 10197915
-0.71541256 0.62900037 2.2276449 10197915
-0.70536429 0.62900007 2.2276437 10197915
-0.69531655 0.62900019 2.2276442 10197915
-0.68527031 0.6290018 2.2276497 10197915
-0.67522049 0.62900007 2.2276435 10197915
-0.66517305 0.62900048 2.2276452 10197915
-0.65512449 0.62899983 2.227643 10197915
-0.64507598 0.62899929 2.2276409 10197915
-0.63502848 0.62899971 2.2276425 10197915
-0.62498134 0.62900048 2.2276452 10197915
-0.61493301 0.62900007 2.2276437 10197915
-0.60488468 0.62899965 2.2276423 10197915
-0.59483695 0.62899989 2.227643 10197915
-0.58478957 0.62900048 2.2276452 10197915
-0.57474148 0.62900031 2.2276444 10197915
-0.56469303 0.62899971 2.2276423 10197915
-0.55464548 0.62900013 2.227644 10197915
-0.54459804 0.62900066 2.2276456 10197915
-0.53447771 0.62891525 2.2273433 7110028
-0.5261755 0.62859869 2.2262223 4872036
-0.51544392 0.62712872 2.2267146 4608349
-0.50489509 0.62619704 2.226259 4542813
-0.49473366 0.62634027 2.2239153 4213331
-0.48441845 0.62488651 2.224463 3488062
-0.47514161 0.62294424 2.2261181 3422525
-0.46460384 0.62201369 2.2256625 3422525
-0.45448756 0.62216127 2.22332 3422525
-0.44595766 0.62113065 2.2234592 3422525
0.48563203 0.62008357 2.2244933 3356476
0.49448109 0.62201005 2.2227798 3356476
0.50463849 0.62186414 2.2251277 3356476
0.5151822 0.62279487 2.225584 3356476
0.52489817 0.62369257 2.2259309 3356476
0.53472841 0.62618846 2.223376 3356476
0.54493111 0.62604696 2.2257252 3356476
0.55548602 0.62697864 2.2261822 3356475
0.56454885 0.62750071 2.227083 3356475
0.57452703 0.62876534 2.2268124 3356475
0.58478886 0.62899971 2.2276423 3618872
0.59483469 0.62899745 2.2276344 3684408
0.60488254 0.62899745 2.2276344 3684408
0.61493039 0.62899745 2.2276344 3684408
0.6249783 0.62899745 2.2276344 3684408
0.63502622 0.62899745 2.2276344 3684408
0.64507407 0.62899745 2.2276344 3684408
0.65512192 0.62899745 2.2276344 3684408
0.66516984 0.62899745 2.2276344 3684408
0.67521769 0.62899745 2.2276344 3684408
0.6852656 0.62899745 2.2276344 3684408
0.69531345 0.62899745 2.2276344 3684408
0.70536137 0.62899745 2.2276344 3684408
0.71540922 0.62899745 2.2276344 3684408
0.72545713 0.62899745 2.2276344 3684408
0.73550498 0.62899745 2.2276344 3684408
0.74555284 0.62899745 2.2276344 3684408
0.75560075 0.62899745 2.2276344 3684408
0.76564866 0.62899745 2.2276344 3684408
0.77569652 0.62899745 2.2276344 3684408
0.78574443 0.62899745 2.2276344 3684408
0.79579228 0.62899745 2.2276344 3684408
0.80584019 0.62899745 2.2276344 3684408
0.81588805 0.62899745 2.2276344 3684408
0.82593602 0.62899745 2.2276344 3684408
0.83598381 0.62899745 2.2276344 3684408
0.84402215 0.62899745 2.2276344 3684408
0.85407001 0.62899745 2.2276344 3684408
0.86411792 0.62899745 2.2276344 3684408
0.87416577 0.62899745 2.2276344 3684408
0.88421369 0.62899745 2.2276344 3684408
0.89426154 0.62899745 2.2276344 3684408
0.90430945 0.62899745 2.2276344 3684408
0.91435736 0.62899745 2.2276344 3684408
0.92440522 0.62899745 2.2276344 3684408
0.93445307 0.62899745 2.2276344 3684408
0.94450098 0.62899745 2.2276344 3684408
0.95454884 0.62899745 2.2276344 3684408
0.96459675 0.62899745 2.2276344 3684408
0.9746446 0.62899745 2.2276344 3684408
0.98469251 0.62899745 2.2276344 3684408
0.99474031 0.62899745 2.2276344 3684408
1.0047882 0.62899745 2.2276344 3684408
1.0148362 0.62899745 2.2276344 3684408
1.024884 0.62899745 2.2276344 3684408
1.0349318 0.62899745 2.2276344 3684408
1.0449798 0.62899745 2.2276344 3684408
1.0550277 0.62899745 2.2276344 3684408
1.0650756 0.62899745 2.2276344 3684408
1.0751234 0.62899745 2.2276344 3684408
1.0851712 0.62899745 2.2276344 3684408
1.0952191 0.62899745 2.2276344 3684408
1.105267 0.62899745 2.2276344 3684408
1.115315 0.62899745 2.2276344 3684408
1.1253629 0.62899745 2.2276344 3684408
1.1354108 0.62899745 2.2276344 3684408
1.1454587 0.62899745 2.2276344 3684408
1.1555065 0.62899745 2.2276344 3684408
1.1655543 0.62899745 2.2276344 3684408
1.1756023 0.62899745 2.2276344 3684408
1.1856501 0.62899745 2.2276344 3684408
1.1956981 0.62899745 2.2276344 3684408
1.2057459 0.62899745 2.2276344 3684408
1.2157938 0.62899745 2.2276344 3684408
1.2258418 0.62899745 2.2276344 3684408
1.2358896 0.62899745 2.2276344 3684408
1.2459373 0.62899745 2.2276344 3684408
1.2539757 0.62899745 2.2276344 3684408
1.2640237 0.62899745 2.2276344 3684408
1.2740715 0.62899745 2.2276344 3684408
1.2821097 0.62899745 2.2276344 3684408
-1.2813339 0.63164353 2.2228024 10197915
-1.2753208 0.63164473 2.2228067 10197915
-1.2652959 0.63164538 2.2228086 10197915
-1.255264 0.63164246 2.2227986 10197915
-1.2452434 0.63164514 2.2228081 10197915
-1.2352169 0.63164502 2.2228079 10197915
-1.2251908 0.63164502 2.2228076 10197915
-1.2151613 0.6316433 2.2228017 10197915
-1.2051383 0.6316449 2.2228072 10197915
-1.195112 0.63164473 2.2228069 10197915
-1.185086 0.63164479 2.2228069 10197915
-1.1750566 0.63164306 2.2228007 10197915
-1.1650333 0.63164467 2.2228062 10197915
-1.1550052 0.63164347 2.2228022 10197915
-1.1449798 0.63164383 2.2228036 10197915
-1.1349518 0.63164282 2.2227998 10197915
-1.1249294 0.63164479 2.2228072 10197915
-1.1149015 0.63164383 2.2228036 10197915
-1.1048751 0.63164359 2.2228029 10197915
-1.094849 0.63164365 2.2228029 10197915
-1.0848256 0.63164526 2.2228086 10197915
-1.0747967 0.63164359 2.2228026 10197915
-1.0647715 0.63164407 2.2228045 10197915
-1.0547442 0.63164341 2.2228019 10197915
-1.044721 0.63164514 2.2228079 10197915
-1.034692 0.63164335 2.2228019 10197915
-1.0246667 0.63164383 2.2228034 10197915
-1.0146395 0.63164312 2.2228012 10197915
-1.0046166 0.6316452 2.2228081 10197915
-0.99458808 0.63164365 2.2228029 10197915
-0.98456192 0.63164359 2.2228029 10197915
-0.97453594 0.63164365 2.2228029 10197915
-0.96451283 0.63164562 2.2228098 10197915
-0.95448261 0.63164294 2.2228003 10197915
-0.94445825 0.63164407 2.2228043 10197915
-0.93443191 0.63164389 2.2228038 10197915
-0.92440796 0.63164538 2.2228091 10197915
-0.91437948 0.63164371 2.2228031 10197915
-0.90435404 0.63164419 2.2228048 10197915
-0.89432716 0.63164365 2.2228029 10197915
-0.88430327 0.63164514 2.2228081 10197915
-0.87427473 0.63164341 2.2228022 10197915
-0.86424923 0.63164395 2.2228038 10197915
-0.85422325 0.63164401 2.2228041 10197915
-0.84419888 0.63164526 2.2228086 10197915
-0.83417022 0.6316433 2.2228017 10197915
-0.82414562 0.63164449 2.2228057 10197915
-0.81411856 0.63164371 2.2228031 10197915
-0.80409461 0.63164538 2.2228091 10197915
-0.79406691 0.63164413 2.2228045 10197915
-0.7840414 0.63164455 2.2228062 10197915
-0.77401394 0.63164353 2.2228024 10197915
-0.76599586 0.6316458 2.2228105 10197915
-0.75596786 0.63164419 2.2228048 10197915
-0.74594164 0.63164413 2.2228045 10197915
-0.73591548 0.63164407 2.2228045 10197915
-0.72589111 0.63164556 2.2228096 10197915
-0.71586323 0.63164401 2.2228041 10197915
-0.70583701 0.63164389 2.2228038 10197915
-0.69581079 0.63164383 2.2228034 10197915
-0.6857872 0.6316461 2.2228115 10197915
-0.6757589 0.63164407 2.2228043 10197915
-0.66573352 0.63164479 2.2228069 10197915
-0.65570664 0.63164395 2.2228041 10197915
-0.64567959 0.63164306 2.222801 10197915
-0.63565499 0.63164455 2.2228062 10197915
-0.62562835 0.63164401 2.2228041 10197915
-0.61560267 0.63164443 2.2228057 10197915
-0.60557508 0.63164288 2.2228003 10197915
-0.59555036 0.63164431 2.2228053 10197915
-0.5855242 0.63164425 2.222805 10197915
-0.57549804 0.63164419 2.2228048 10197915
-0.56547052 0.63164258 2.2227993 10197915
-0.55544609 0.63164443 2.2228057 10197915
-0.54542017 0.63164473 2.2228065 10197915
-0.5353201 0.63155681 2.2224975 7438220
-0.52499479 0.63119566 2.2212267 5267568
-0.51878768 0.63095802 2.2203901 4477018
0.56493199 0.63104081 2.2206814 3356475
0.57531118 0.63143831 2.2220802 3356474
0.58552217 0.6316421 2.2227974 3684408
0.59554821 0.6316421 2.2227974 3684408
0.60557431 0.6316421 2.2227974 3684408
0.61560041 0.6316421 2.2227974 3684408
0.62562644 0.6316421 2.2227974 3684408
0.63565254 0.6316421 2.2227974 3684408
0.64567858 0.6316421 2.2227974 3684408
0.65570462 0.6316421 2.2227974 3684408
0.66573071 0.6316421 2.2227974 3684408
0.67575675 0.6316421 2.2227974 3684408
0.68578285 0.6316421 2.2227974 3684408
0.69580889 0.6316421 2.2227974 3684408
0.70583498 0.6316421 2.2227974 3684408
0.71586102 0.6316421 2.2227974 3684408
0.72588706 0.6316421 2.2227974 3684408
0.7359131 0.6316421 2.2227974 3684408
0.74593925 0.6316421 2.2227974 3684408
0.75596529 0.6316421 2.2227974 3684408
0.76599133 0.6316421 2.2227974 3684408
0.77401221 0.6316421 2.2227974 3684408
0.78403831 0.6316421 2.2227974 3684408
0.79406434 0.6316421 2.2227974 3684408
0.80409032 0.6316421 2.2227974 3684408
0.81411648 0.6316421 2.2227974 3684408
0.82414252 0.6316421 2.2227974 3684408
0.83416861 0.6316421 2.2227974 3684408
0.84419465 0.6316421 2.2227974 3684408
0.85422075 0.6316421 2.2227974 3684408
0.86424679 0.6316421 2.2227974 3684408
0.87427282 0.6316421 2.2227974 3684408
0.88429898 0.6316421 2.2227974 3684408
0.89432502 0.6316421 2.2227974 3684408
0.90435106 0.6316421 2.2227974 3684408
0.91437709 0.6316421 2.2227974 3684408
0.92440319 0.6316421 2.2227974 3684408
0.93442923 0.6316421 2.2227974 3684408
0.94445533 0.6316421 2.2227974 3684408
0.95448136 0.6316421 2.2227974 3684408
0.9645074 0.6316421 2.2227974 3684408
0.9745335 0.6316421 2.2227974 3684408
0.98455954 0.6316421 2.2227974 3684408
0.99458563 0.6316421 2.2227974 3684408
1.0046117 0.6316421 2.2227974 3684408
1.0146377 0.6316421 2.2227974 3684408
1.0246638 0.6316421 2.2227974 3684408
1.0346899 0.6316421 2.2227974 3684408
1.044716 0.6316421 2.2227974 3684408
1.054742 0.6316421 2.2227974 3684408
1.0647681 0.6316421 2.2227974 3684408
1.0747942 0.6316421 2.2227974 3684408
1.0848203 0.6316421 2.2227974 3684408
1.0948462 0.6316421 2.2227974 3684408
1.1048723 0.6316421 2.2227974 3684408
1.1148984 0.6316421 2.2227974 3684408
1.1249245 0.6316421 2.2227974 3684408
1.1349505 0.6316421 2.2227974 3684408
1.1449766 0.6316421 2.2227974 3684408
1.1550027 0.6316421 2.2227974 3684408
1.1650287 0.6316421 2.2227974 3684408
1.1750548 0.6316421 2.2227974 3684408
1.1850809 0.6316421 2.2227974 3684408
1.195107 0.6316421 2.2227974 3684408
1.205133 0.6316421 2.2227974 3684408
1.2151591 0.6316421 2.2227974 3684408
1.2251852 0.6316421 2.2227974 3684408
1.2352111 0.6316421 2.2227974 3684408
1.2452372 0.6316421 2.2227974 3684408
1.2552633 0.6316421 2.2227974 3684408
1.2652894 0.6316421 2.2227974 3684408
1.2753154 0.6316421 2.2227974 3684408
1.2813311 0.6316421 2.2227974 3684408
-0.15352626 0.5797627 2.2392764 3422268
-0.14537233 0.5794692 2.2381432 3356732
-0.13519196 0.57910293 2.2367282 3356475
-0.12502359 0.57873702 2.2353151 3356475
-0.11500049 0.57701457 2.2364635 3290682
-0.10486898 0.57677686 2.2355404 3290681
-0.094778955 0.57673836 2.2353907 3224631
-0.084696084 0.5767383 2.2353904 3158581
-0.074613214 0.5767383 2.2353904 3026994
-0.064530343 0.5767383 2.2353904 2895407
-0.054447472 0.5767383 2.2353899 2829357
-0.044364609 0.57673824 2.2353902 2763563
-0.034281742 0.57673824 2.2353899 2763306
-0.024198875 0.57673818 2.2353899 2763306
-0.014116011 0.57673818 2.2353899 2763306
-0.0040331455 0.57673818 2.2353899 2763306
0.004033146 0.57673818 2.2353899 2763306
0.014116011 0.57673818 2.2353899 2763306
0.024198875 0.57673824 2.2353902 2763306
0.034281742 0.57673818 2.2353899 2763306
0.044364605 0.57673824 2.2353902 2763306
0.054447472 0.57673824 2.2353899 2763306
0.064530343 0.57673824 2.2353902 2763306
0.074613206 0.5767383 2.2353904 2763306
0.084696077 0.5767383 2.2353904 2763306
0.094778933 0.5767383 2.2353899 2763306
0.1048618 0.57673824 2.2353902 2763306
0.11494467 0.5767383 2.2353899 2763306
0.12502752 0.57673818 2.2353899 2763306
0.13511039 0.57673824 2.2353902 2763306
0.1451945 0.57674307 2.235409 2763306
0.1553234 0.57691163 2.236064 2763563
0.16476014 0.5776701 2.2363963 2895150
0.17550747 0.57897067 2.2362175 3092788
0.18571137 0.57933795 2.2376361 3290683
0.19388413 0.57963198 2.2387719 3158838
0.2000189 0.57985276 2.2396245 3092787
-0.2242084 0.58778781 2.2390661 3488318
-0.2139731 0.58741599 2.2376499 3488062
-0.20556256 0.58847022 2.2339973 3488062
-0.19550715 0.58719641 2.2342691 3422526
-0.18559387 0.58502108 2.2362204 3422525
-0.17539681 0.58465153 2.2348077 3422525
-0.1652118 0.5842824 2.233397 3422269
-0.15614334 0.58327317 2.2333868 3422268
-0.14504437 0.58219099 2.233094 3356732
-0.13488714 0.58182377 2.2316854 3356475
-0.12676959 0.58153027 2.2305598 3356475
0.16697459 0.58139342 2.2300348 2763563
0.17511077 0.58168763 2.231163 2895150
0.18529133 0.58205569 2.2325749 3093045
0.19548564 0.58242422 2.2339885 3290682
0.20545962 0.58414692 2.2328787 3224631
0.2148011 0.58475816 2.2336736 3092788
0.22471151 0.58457196 2.2360449 3026994
0.23594189 0.58615947 2.2354393 3092787
0.24581203 0.58833414 2.2334809 3092788
0.25341403 0.58815747 2.2353618 3093044
0.26454651 0.58765531 2.2385614 3093045
0.272762 0.58795369 2.2396982 3158837
-0.33329803 0.59993649 2.2391758 3488318
-0.32505423 0.59963292 2.2380428 3488318
-0.31475985 0.59925377 2.2366278 3488319
-0.30362189 0.59816587 2.2363377 3488319
-0.29454368 0.59715426 2.2363298 3488319
-0.28516132 0.59653872 2.2355342 3488319
-0.27518988 0.5967139 2.233171 3488319
-0.2650159 0.59417111 2.2357414 3488319
-0.25529787 0.59327424 2.2353921 3488319
-0.24476139 0.59234595 2.2349331 3488319
-0.23483534 0.59252548 2.2325711 3488318
-0.22574578 0.5905664 2.2342949 3488318
-0.21553217 0.59019375 2.2328849 3488062
0.25780499 0.59013116 2.2326481 3093044
0.26599604 0.59043002 2.233779 3158581
0.2759324 0.59214866 2.2326686 3158837
0.28501898 0.59220964 2.2344186 3158838
0.29439694 0.59282392 2.2352157 3158838
0.30467248 0.59319973 2.2366326 3224631
0.31424767 0.59626204 2.2329886 3224631
0.32452556 0.59663969 2.2344029 3224632
0.33481556 0.59701777 2.2358186 3224888
0.34421545 0.59763443 2.2366157 3290425
0.35503262 0.5991171 2.2361176 3290681
0.36535075 0.59949708 2.2375357 3290681
0.37568113 0.59987748 2.2389557 3290682
-0.41017482 0.60819024 2.239816 3422526
-0.40395996 0.60795939 2.2389655 3422526
-0.39568043 0.60765171 2.2378325 3488062
-0.38417116 0.60829961 2.2342887 3488062
-0.37501684 0.60688102 2.2350104 3488062
-0.36511958 0.60516709 2.23612 3488062
-0.35480875 0.60478491 2.2347074 3488318
-0.34451178 0.60440308 2.2332969 3488318
-0.33554363 0.60182238 2.2361836 3488318
-0.32432091 0.60230899 2.2329941 3488318
-0.3140502 0.60192907 2.2315855 3488319
-0.30584332 0.6016255 2.2304599 3488319
0.34805986 0.60156012 2.2302175 3290425
0.35423017 0.60178828 2.2310634 3290681
0.36452445 0.6021691 2.2324755 3290681
0.37483093 0.60255039 2.2338889 3290682
0.38500378 0.60337394 2.2344654 3290682
0.39503688 0.60464567 2.2341928 3356218
0.40537152 0.60502881 2.2356088 3356474
0.41571835 0.60541236 2.2370262 3356475
0.42511511 0.60845542 2.233381 3356475
0.43595713 0.60751396 2.2373252 3356475
0.44425577 0.6078223 2.238461 3356475
0.45256284 0.60813099 2.2395978 3356475
-0.50471908 0.61979473 2.2379422 4938086
-0.49431244 0.61940289 2.2365274 4213074
-0.48358908 0.61810535 2.236706 3422525
-0.47501025 0.61706799 2.2368474 3422525
-0.46483216 0.61722153 2.2344813 3422525
-0.45539874 0.6165992 2.2336879 3422525
-0.44571039 0.61444771 2.2356415 3422525
-0.43568137 0.61317855 2.2359104 3422525
-0.42532778 0.61279124 2.234498 3422526
-0.41498643 0.61240447 2.2330878 3422526
-0.40511513 0.61069489 2.2341948 3422526
-0.39478791 0.61030948 2.2327847 3488062
-0.38859788 0.61007851 2.2319398 3488062
0.43497127 0.61016762 2.2322659 3356475
0.44532225 0.61055398 2.2336791 3356475
0.45603204 0.6118477 2.233505 3356475
0.46459979 0.61288351 2.2333641 3356475
0.47477394 0.61272728 2.2357347 3356475
0.48536173 0.6136604 2.2361953 3356476
0.49467188 0.61561716 2.2345207 3356476
0.50503081 0.61707938 2.2339664 3356476
0.51525062 0.6169275 2.2363381 3356732
0.52471876 0.61755109 2.2371364 3356476
0.53454256 0.61926168 2.2360175 3356476
0.54497313 0.61965436 2.2374353 3356476
0.55123788 0.61989021 2.238287 3356476
-1.2853941 0.62474751 2.2354448 10197915
-1.2751594 0.62528205 2.2344725 10197915
-1.2652265 0.62474686 2.2354424 10197915
-1.2550013 0.62528169 2.2344711 10197915
-1.2450621 0.62474769 2.2354455 10197915
-1.2348449 0.62528229 2.2344732 10197915
-1.2248939 0.6247468 2.2354424 10197915
-1.214686 0.62528151 2.2344706 10197915
-1.2047293 0.62474763 2.2354455 10197915
-1.1945304 0.62528253 2.2344742 10197915
-1.184562 0.62474692 2.2354426 10197915
-1.1743715 0.62528169 2.2344713 10197915
-1.1643956 0.62474692 2.2354429 10197915
-1.1552676 0.62501287 2.234952 10197915
-1.1451889 0.62501407 2.2349563 10197915
-1.1351092 0.62501472 2.2349584 10197915
-1.1250266 0.62501383 2.2349551 10197915
-1.1149449 0.62501335 2.2349534 10197915
-1.1048654 0.62501413 2.2349565 10197915
-1.0947853 0.62501454 2.2349582 10197915
-1.0856779 0.62528121 2.2344697 10197915
-1.0756633 0.62474638 2.2354407 10197915
-1.0655202 0.62528104 2.2344689 10197915
-1.0554994 0.62474769 2.2354455 10197915
-1.0453627 0.62528104 2.2344689 10197915
-1.0353309 0.62474632 2.2354405 10197915
-1.0252054 0.62528104 2.2344689 10197915
-1.0151672 0.62474787 2.2354462 10197915
-1.0050479 0.6252811 2.2344689 10197915
-0.99499875 0.62474644 2.2354412 10197915
-0.98489064 0.62528116 2.2344694 10197915
-0.97483456 0.62474769 2.2354455 10197915
-0.96473312 0.6252811 2.2344689 10197915
-0.95466632 0.62474644 2.2354407 10197915
-0.94457614 0.62528145 2.2344699 10197915
-0.93450224 0.62474787 2.2354462 10197915
-0.92441857 0.62528127 2.2344697 10197915
-0.91433382 0.62474632 2.2354407 10197915
-0.90426064 0.62528098 2.2344685 10197915
-0.89417028 0.62474817 2.2354474 10197915
-0.88410366 0.62528127 2.2344697 10197915
-0.8750211 0.62501287 2.2349517 10197915
-0.86593723 0.62474793 2.2354465 10197915
-0.85588324 0.62528121 2.2344697 10197915
-0.84577101 0.62474799 2.2354465 10197915
-0.83572406 0.62528002 2.2344651 10197915
-0.82560492 0.62474811 2.2354469 10197915
-0.81556815 0.62528104 2.2344689 10197915
-0.80543834 0.62474781 2.2354457 10197915
-0.79540968 0.6252802 2.2344658 10197915
-0.78527242 0.62474811 2.2354467 10197915
-0.77525389 0.62528145 2.2344706 10197915
-0.76510602 0.62474793 2.2354462 10197915
-0.75509489 0.6252802 2.2344658 10197915
-0.74493992 0.62474799 2.2354467 10197915
-0.73493874 0.62528121 2.2344699 10197915
-0.724774 0.62474835 2.2354474 10197915
-0.71478009 0.6252802 2.2344658 10197915
-0.70460737 0.62474793 2.2354465 10197915
-0.69462442 0.62528181 2.2344716 10197915
-0.68444127 0.62474811 2.2354469 10197915
-0.6744653 0.6252802 2.2344658 10197915
-0.66427505 0.62474811 2.2354472 10197915
-0.65430802 0.62528032 2.2344661 10197915
-0.6451776 0.62501359 2.2349544 10197915
-0.63509685 0.62501377 2.2349548 10197915
-0.62501752 0.62501532 2.2349606 10197915
-0.61493492 0.62501365 2.2349546 10197915
-0.60485387 0.62501347 2.2349539 10197915
-0.59477299 0.62501347 2.2349541 10197915
-0.58469367 0.62501514 2.2349601 10197915
-0.57554263 0.62474716 2.2354436 10197915
-0.56561536 0.6252802 2.2344658 10197915
-0.55537641 0.62474716 2.2354436 10197915
-0.54545939 0.62528187 2.2344718 10197915
-0.53513777 0.6246621 2.2351391 6977154
-0.52492398 0.62483138 2.2328618 5135724
-0.51550686 0.62127101 2.2374496 4872294
-0.50565916 0.62250382 2.233176 4147537
-0.4952732 0.62211114 2.2317672 4081230
-0.48697421 0.62179732 2.2306414 3422525
0.52917469 0.62172997 2.2303996 3356476
0.53541422 0.62196589 2.231246 3356476
0.54582411 0.62235957 2.2326581 3356476
0.55687708 0.62143999 2.2366056 3356475
0.56558806 0.62363756 2.2343674 3356475
0.57535475 0.62454259 2.2347114 3356474
0.58468783 0.62500894 2.2349377 3618872
0.59476858 0.62500888 2.2349377 3684408
0.60484946 0.62500888 2.2349377 3684408
0.61493027 0.62500888 2.2349377 3684408
0.62501109 0.62500894 2.2349377 3684408
0.63509196 0.62500888 2.2349377 3684408
0.64517277 0.62500888 2.2349377 3684408
0.65430319 0.62527573 2.2344499 3684408
0.66426861 0.62474215 2.2354255 3684408
0.67446047 0.62527573 2.2344499 3684408
0.68443465 0.62474215 2.2354255 3684408
0.69461769 0.62527573 2.2344499 3684408
0.70460075 0.62474215 2.2354255 3684408
0.71477497 0.62527573 2.2344499 3684408
0.72476679 0.62474215 2.2354255 3684408
0.73493212 0.62527567 2.2344499 3684408
0.74493283 0.62474215 2.2354255 3684408
0.7550894 0.62527573 2.2344499 3684408
0.76509887 0.62474215 2.2354255 3684408
0.77524668 0.62527573 2.2344499 3684408
0.78526497 0.62474215 2.2354255 3684408
0.7954039 0.62527573 2.2344499 3684408
0.80543101 0.62474215 2.2354255 3684408
0.81556118 0.62527573 2.2344499 3684408
0.82559711 0.62474215 2.2354255 3684408
0.83571845 0.62527567 2.2344499 3684408
0.84576309 0.62474215 2.2354255 3684408
0.85587561 0.62527573 2.2344499 3684408
0.86592913 0.62474215 2.2354255 3684408
0.8750155 0.62500894 2.2349377 3684408
0.88409585 0.62527567 2.2344499 3684408
0.89416158 0.62474215 2.2354255 3684408
0.90425301 0.62527567 2.2344499 3684408
0.91432762 0.62474215 2.2354255 3684408
0.92441022 0.62527573 2.2344499 3684408
0.93449372 0.62474215 2.2354255 3684408
0.94456756 0.62527573 2.2344499 3684408
0.95465976 0.62474215 2.2354255 3684408
0.96472484 0.62527573 2.2344499 3684408
0.97482586 0.62474215 2.2354255 3684408
0.984882 0.62527573 2.2344499 3684408
0.9949919 0.62474215 2.2354255 3684408
1.0050393 0.62527573 2.2344499 3684408
1.0151579 0.62474215 2.2354255 3684408
1.0251967 0.62527573 2.2344499 3684408
1.0353239 0.62474215 2.2354255 3684408
1.0453537 0.62527573 2.2344499 3684408
1.05549 0.62474215 2.2354255 3684408
1.065511 0.62527567 2.2344499 3684408
1.0756561 0.62474215 2.2354255 3684408
1.0856683 0.62527573 2.2344499 3684408
1.0947753 0.62500894 2.2349377 3684408
1.1048561 0.62500888 2.2349377 3684408
1.1149369 0.62500888 2.2349377 3684408
1.1250178 0.62500888 2.2349377 3684408
1.1350986 0.62500894 2.2349377 3684408
1.1451794 0.62500888 2.2349377 3684408
1.1552603 0.62500894 2.2349377 3684408
1.1643866 0.62474215 2.2354255 3684408
1.17436 0.62527573 2.2344499 3684408
1.1845528 0.62474215 2.2354255 3684408
1.1945174 0.62527573 2.2344499 3684408
1.2047188 0.62474215 2.2354255 3684408
1.2146747 0.62527573 2.2344499 3684408
1.2248849 0.62474215 2.2354255 3684408
1.2348319 0.62527573 2.2344499 3684408
1.2450508 0.62474215 2.2354255 3684408
1.2549891 0.62527573 2.2344499 3684408
1.2652169 0.62474215 2.2354255 3684408
1.2751465 0.62527573 2.2344499 3684408
1.285383 0.62474215 2.2354255 3684408
-0.014191338 0.50683463 2.2473187 3026995
-0.0040546679 0.50683463 2.2473187 2961201
0.0040546684 0.50683463 2.2473187 2895407
0.014191338 0.50683469 2.2473187 2829357
0.024328008 0.50683463 2.247319 2763307
0.034464683 0.50683469 2.247319 2697513
0.044601358 0.50683475 2.2473192 2697513
0.054738026 0.50683475 2.2473192 2697513
0.062847376 0.50683475 2.2473192 2697514
-0.11156493 0.56999534 2.2485595 3290682
-0.10543962 0.56977808 2.2477024 3290681
-0.095241152 0.5694164 2.2462754 3290425
-0.084440388 0.56811857 2.2464931 3224888
-0.074990161 0.56748974 2.2466776 3224631
-0.064852387 0.56745672 2.2465463 3158838
-0.054719198 0.56745666 2.2465463 3027251
-0.044586014 0.56745666 2.246546 2960944
-0.03445283 0.56745666 2.246546 2829358
-0.024319643 0.5674566 2.2465458 2763563
-0.014186457 0.5674566 2.2465458 2697770
-0.0040532732 0.5674566 2.2465456 2697513
0.0040532732 0.5674566 2.2465456 2697513
0.014186457 0.5674566 2.2465458 2697513
0.024319639 0.56745654 2.2465456 2697513
0.034452822 0.56745654 2.2465458 2697513
0.04458601 0.5674566 2.2465458 2697513
0.054719191 0.5674566 2.2465458 2697513
0.064852372 0.5674566 2.2465456 2697513
0.074985556 0.5674566 2.2465458 2697513
0.085118741 0.5674566 2.2465456 2697513
0.095251918 0.5674566 2.2465458 2697513
0.10538511 0.5674566 2.2465458 2697513
0.11552005 0.56746489 2.2465789 2697513
0.12568121 0.56758976 2.2470748 2697513
0.13573946 0.56929243 2.2457864 2697771
0.14596169 0.56965506 2.2472169 2895407
0.15210129 0.56987286 2.2480762 3158838
-0.19280744 0.57842231 2.2497773 3422526
-0.18459599 0.57812816 2.2486331 3422525
-0.17434216 0.57776093 2.2472048 3422525
-0.1641022 0.57739419 2.2457786 3422269
-0.15516874 0.57652003 2.2455487 3422268
-0.14586726 0.57536197 2.2457631 3356732
-0.13565193 0.57499701 2.2443385 3356475
-0.12544869 0.57463247 2.2429154 3356475
-0.11631201 0.57182306 2.2461865 3290682
-0.10520074 0.57253337 2.24261 3290681
-0.09502998 0.57219887 2.2412999 3290425
-0.084906831 0.57211035 2.240953 3224888
-0.074798882 0.57211035 2.240953 3158838
-0.064690918 0.5721103 2.240953 3026995
-0.054582957 0.5721103 2.2409527 2895408
-0.044475004 0.5721103 2.2409525 2829357
-0.034367051 0.5721103 2.2409527 2763307
-0.02425909 0.57211024 2.2409525 2697770
-0.014151136 0.57211024 2.2409525 2697770
-0.0040431819 0.57211024 2.2409525 2697770
0.0040431819 0.57211024 2.2409525 2697770
0.014151136 0.57211018 2.2409525 2697770
0.02425909 0.57211024 2.2409525 2697770
0.034367044 0.57211024 2.2409525 2697770
0.044475 0.57211024 2.2409525 2697770
0.054582953 0.57211024 2.2409525 2697770
0.06469091 0.57211024 2.2409525 2697770
0.07479886 0.57211024 2.2409525 2697770
0.084906831 0.5721103 2.2409527 2697770
0.095014781 0.5721103 2.2409527 2697514
0.10512275 0.5721103 2.2409527 2697514
0.11523068 0.57211024 2.2409525 2697514
0.12533864 0.57211024 2.2409525 2697514
0.13545293 0.57213622 2.2410543 2697514
0.14563017 0.57240641 2.2421126 2763307
0.1559314 0.57208234 2.2448163 3092787
0.16491157 0.5725382 2.2458215 3224888
0.17524645 0.57511562 2.2432208 3224632
0.18515709 0.57491839 2.2456121 3026995
0.19454622 0.57552952 2.246417 2961201
0.20366505 0.57654572 2.2464254 3026737
0.21484029 0.57763594 2.2467189 3026994
0.22511806 0.57800412 2.2481508 3026994
0.23540807 0.5783726 2.2495842 3092787
-0.2817632 0.58987832 2.2470298 3488319
-0.27557725 0.58965367 2.2461739 3488319
-0.26469347 0.58816183 2.246675 3488319
-0.25528002 0.58754647 2.2458735 3488319
-0.2449948 0.5871737 2.2444484 3488319
-0.23472175 0.58680141 2.2430258 3488318
-0.22497202 0.58370715 2.2466922 3488318
-0.21470141 0.58333665 2.2452664 3488062
-0.20444469 0.58296674 2.2438424 3488062
-0.19495516 0.58216757 2.2433615 3422526
-0.18417759 0.58086562 2.2435367 3422525
-0.17394724 0.5804975 2.2421145 3422525
-0.16577265 0.58020335 2.2409787 3422269
0.20615886 0.58007371 2.240478 3026994
0.21435243 0.58036864 2.241617 3026994
0.22460651 0.58073765 2.243042 3026994
0.23487279 0.58110702 2.2444689 3092787
0.24487476 0.58283842 2.2433488 3092788
0.25515532 0.58320922 2.244776 3093044
0.26544985 0.58358055 2.2462053 3093045
0.27544099 0.58531213 2.2450824 3158837
0.28542709 0.58704489 2.2439563 3158838
0.29573625 0.5874185 2.2453845 3158838
0.30516237 0.58803427 2.2461884 3224631
0.31420457 0.58854508 2.2471056 3224631
0.32430315 0.58982587 2.24683 3224632
-0.37342089 0.59869075 2.2496755 3488062
-0.36511731 0.59838629 2.2485318 3488318
-0.35475019 0.59800631 2.2471037 3488318
-0.34439528 0.59762669 2.2456772 3488318
-0.3353366 0.59565723 2.2474265 3488318
-0.32525891 0.59583431 2.2450383 3488318
-0.31583071 0.59521663 2.2442372 3488319
-0.30574265 0.59393781 2.2445114 3488319
-0.29470825 0.59144247 2.246819 3488319
-0.28540474 0.59206021 2.243782 3488319
-0.27495331 0.59236205 2.2410884 3488319
-0.26878574 0.59213704 2.240237 3488319
0.31531721 0.59222996 2.2405887 3224631
0.32563078 0.59260631 2.2420123 3224632
0.33517334 0.59131432 2.2463322 3224888
0.34562331 0.59278643 2.2457781 3290425
0.35508186 0.59477103 2.2440829 3290425
0.36452547 0.59538895 2.2448869 3290681
0.37489018 0.59576792 2.2463162 3290682
0.38482851 0.59749651 2.245188 3290682
0.39520749 0.59787703 2.2466178 3290682
0.40559885 0.5982579 2.2480493 3356474
0.41392183 0.59856308 2.2491958 3356475
-0.45381367 0.60981178 2.2457876 3422525
-0.4439041 0.6080882 2.2469125 3422525
-0.43464518 0.60801584 2.2451482 3422525
-0.42517748 0.60739374 2.2443476 3422526
-0.41510233 0.60611635 2.244622 3422526
-0.40533572 0.60394758 2.2465909 3422526
-0.39495203 0.60356432 2.2451651 3488062
-0.38458055 0.60318154 2.2437415 3488062
-0.37546909 0.60216749 2.243731 3488062
-0.36428985 0.60107785 2.2434359 3488318
-0.35601389 0.60077298 2.2422981 3488318
-0.34568122 0.60039252 2.2408779 3488318
0.38602477 0.60025841 2.2403774 3290682
0.39431012 0.60056353 2.2415164 3290682
0.40467727 0.60094535 2.2429414 3356474
0.41505846 0.60132766 2.2443681 3356475
0.4249692 0.60304886 2.243248 3356475
0.43443257 0.60366958 2.2440503 3356475
0.44462323 0.60350275 2.2464433 3356475
0.45567256 0.60553873 2.2449801 3356475
0.46556848 0.60726058 2.2438555 3356475
0.47504896 0.6078831 2.244658 3356475
0.4852857 0.60772067 2.2470527 3356475
0.49422514 0.6096791 2.2452989 3356476
0.50049251 0.60991192 2.2461565 3356476
-1.2933767 0.61830711 2.2472105 10197915
-1.2852724 0.61830926 2.2472186 10197915
-1.2751321 0.61830729 2.2472112 10197915
-1.2649972 0.61830795 2.2472136 10197915
-1.2548603 0.61830753 2.2472122 10197915
-1.2447262 0.61830866 2.2472162 10197915
-1.2345885 0.61830783 2.2472131 10197915
-1.2244513 0.61830735 2.2472115 10197915
-1.2143155 0.61830765 2.2472124 10197915
-1.2041825 0.61830914 2.2472181 10197915
-1.1960704 0.61830765 2.2472124 10197915
-1.1859331 0.61830693 2.2472103 10197915
-1.1757984 0.61830783 2.2472131 10197915
-1.1656585 0.61830586 2.2472057 10197915
-1.1555266 0.61830819 2.2472143 10197915
-1.1453886 0.61830711 2.2472105 10197915
-1.1352537 0.61830783 2.2472134 10197915
-1.1251148 0.61830634 2.2472079 10197915
-1.1149809 0.61830759 2.2472124 10197915
-1.1048441 0.61830729 2.2472112 10197915
-1.0947089 0.61830783 2.2472131 10197915
-1.0845699 0.61830616 2.2472072 10197915
-1.0744369 0.61830807 2.2472138 10197915
-1.064299 0.61830705 2.2472103 10197915
-1.0541642 0.61830777 2.2472129 10197915
-1.0460533 0.6183067 2.2472091 10197915
-1.0359179 0.61830711 2.2472107 10197915
-1.0257803 0.61830628 2.2472076 10197915
-1.0156475 0.61830848 2.2472155 10197915
-1.0055084 0.61830664 2.2472088 10197915
-0.99537331 0.61830729 2.2472112 10197915
-0.98523664 0.61830693 2.24721 10197915
-0.97510296 0.61830854 2.247216 10197915
-0.96496367 0.61830652 2.2472086 10197915
-0.95482939 0.61830777 2.2472129 10197915
-0.9446919 0.61830699 2.24721 10197915
-0.93455786 0.61830837 2.247215 10197915
-0.92441964 0.61830699 2.2472103 10197915
-0.91428375 0.61830717 2.2472107 10197915
-0.90414703 0.61830682 2.2472095 10197915
-0.89604104 0.6183089 2.2472169 10197915
-0.88590211 0.61830693 2.2472098 10197915
-0.87576675 0.61830747 2.2472119 10197915
-0.86563009 0.61830717 2.247211 10197915
-0.85549611 0.61830878 2.2472167 10197915
-0.84535807 0.61830741 2.2472117 10197915
-0.83522201 0.61830759 2.2472122 10197915
-0.82508498 0.61830693 2.2472098 10197915
-0.81495118 0.61830872 2.2472165 10197915
-0.80481297 0.61830717 2.2472107 10197915
-0.79467648 0.61830699 2.24721 10197915
-0.78454041 0.61830705 2.2472105 10197915
-0.77440625 0.61830866 2.2472162 10197915
-0.76426846 0.61830735 2.2472115 10197915
-0.75413167 0.61830693 2.24721 10197915
-0.74602401 0.61830795 2.2472138 10197915
-0.7358883 0.61830837 2.2472153 10197915
-0.72575128 0.61830771 2.2472126 10197915
-0.71561474 0.61830729 2.2472112 10197915
-0.70547855 0.61830735 2.2472115 10197915
-0.69534379 0.61830866 2.2472162 10197915
-0.68520647 0.61830759 2.2472124 10197915
-0.67507005 0.61830741 2.2472117 10197915
-0.66493434 0.61830783 2.2472134 10197915
-0.65479612 0.61830598 2.2472064 10197915
-0.64466214 0.61830807 2.2472141 10197915
-0.63452506 0.61830717 2.2472107 10197915
-0.62438899 0.61830723 2.2472112 10197915
-0.61425197 0.61830646 2.2472081 10197915
-0.60411686 0.61830753 2.2472119 10197915
-0.59600699 0.61830652 2.2472086 10197915
-0.58587235 0.61830813 2.2472143 10197915
-0.57573438 0.61830628 2.2472076 10197915
-0.5655992 0.61830741 2.2472117 10197915
-0.55546224 0.61830652 2.2472084 10197915
-0.54532772 0.61830837 2.2472153 10197915
-0.53513181 0.61823916 2.2469637 6318965
-0.52467299 0.6178574 2.2455761 4674656
-0.51480162 0.61613798 2.2467015 4674399
-0.50529706 0.61551279 2.2458987 4806243
-0.49504566 0.61566865 2.2435136 4213074
-0.48506677 0.61367607 2.2451162 3422525
-0.47528109 0.61223197 2.245755 3422525
-0.46465039 0.6112954 2.2452917 3422525
-0.45486581 0.61255169 2.2409878 3422525
0.49727166 0.6124928 2.2407725 3356476
0.50618982 0.61147463 2.2444634 3356476
0.51455063 0.61178601 2.2456062 3356732
0.52405608 0.61241055 2.2464104 3356476
0.53540581 0.61553305 2.2430196 3356476
0.54569948 0.61537898 2.2454104 3356476
0.55521697 0.61600459 2.2462151 3356475
0.56433618 0.61702073 2.246223 3356475
0.57555759 0.6181162 2.2465167 3356475
0.58586955 0.61830527 2.2472038 3618872
0.59600568 0.61830527 2.2472038 3684408
0.60411465 0.61830527 2.2472038 3684408
0.61425084 0.61830527 2.2472038 3684408
0.62438691 0.61830527 2.2472038 3684408
0.63452309 0.61830527 2.2472038 3684408
0.64465928 0.61830527 2.2472038 3684408
0.65479535 0.61830527 2.2472038 3684408
0.66493154 0.61830527 2.2472038 3684408
0.67506766 0.61830527 2.2472038 3684408
0.68520385 0.61830527 2.2472038 3684408
0.69533998 0.61830527 2.2472038 3684408
0.70547616 0.61830527 2.2472038 3684408
0.71561235 0.61830527 2.2472038 3684408
0.72574842 0.61830527 2.2472038 3684408
0.73588461 0.61830527 2.2472038 3684408
0.74602079 0.61830527 2.2472038 3684408
0.75412965 0.61830527 2.2472038 3684408
0.76426584 0.61830527 2.2472038 3684408
0.77440202 0.61830527 2.2472038 3684408
0.78453809 0.61830527 2.2472038 3684408
0.79467428 0.61830527 2.2472038 3684408
0.80481046 0.61830527 2.2472038 3684408
0.81494659 0.61830527 2.2472038 3684408
0.82508272 0.61830527 2.2472038 3684408
0.83521891 0.61830527 2.2472038 3684408
0.84535503 0.61830527 2.2472038 3684408
0.85549116 0.61830527 2.2472038 3684408
0.86562735 0.61830527 2.2472038 3684408
0.87576354 0.61830527 2.2472038 3684408
0.8858996 0.61830527 2.2472038 3684408
0.89603579 0.61830527 2.2472038 3684408
0.90414476 0.61830527 2.2472038 3684408
0.91428089 0.61830527 2.2472038 3684408
0.92441702 0.61830527 2.2472038 3684408
0.93455321 0.61830527 2.2472038 3684408
0.94468933 0.61830527 2.2472038 3684408
0.95482546 0.61830527 2.2472038 3684408
0.96496165 0.61830527 2.2472038 3684408
0.97509784 0.61830527 2.2472038 3684408
0.9852339 0.61830527 2.2472038 3684408
0.99537009 0.61830527 2.2472038 3684408
1.0055063 0.61830527 2.2472038 3684408
1.0156423 0.61830527 2.2472038 3684408
1.0257785 0.61830527 2.2472038 3684408
1.0359147 0.61830527 2.2472038 3684408
1.0460508 0.61830527 2.2472038 3684408
1.0541598 0.61830527 2.2472038 3684408
1.0642959 0.61830527 2.2472038 3684408
1.0744321 0.61830527 2.2472038 3684408
1.0845681 0.61830527 2.2472038 3684408
1.0947044 0.61830527 2.2472038 3684408
1.1048406 0.61830527 2.2472038 3684408
1.1149766 0.61830527 2.2472038 3684408
1.1251129 0.61830527 2.2472038 3684408
1.1352489 0.61830527 2.2472038 3684408
1.1453851 0.61830527 2.2472038 3684408
1.1555213 0.61830527 2.2472038 3684408
1.1656575 0.61830527 2.2472038 3684408
1.1757936 0.61830527 2.2472038 3684408
1.1859298 0.61830527 2.2472038 3684408
1.1960659 0.61830527 2.2472038 3684408
1.2041748 0.61830527 2.2472038 3684408
1.214311 0.61830527 2.2472038 3684408
1.224447 0.61830527 2.2472038 3684408
1.2345833 0.61830527 2.2472038 3684408
1.2447195 0.61830527 2.2472038 3684408
1.2548556 0.61830527 2.2472038 3684408
1.2649918 0.61830527 2.2472038 3684408
1.2751279 0.61830527 2.2472038 3684408
1.285264 0.61830527 2.2472038 3684408
1.2933729 0.61830527 2.2472038 3684408
-1.2925668 0.62099844 2.2422886 10197915
-1.2844754 0.62099838 2.2422884 10197915
-1.2743604 0.62099785 2.2422864 10197915
-1.2642456 0.62099749 2.242285 10197915
-1.2541323 0.62099773 2.242286 10197915
-1.246042 0.62099826 2.2422879 10197915
-1.2359289 0.62099862 2.2422893 10197915
-1.225811 0.62099659 2.2422819 10197915
-1.2157003 0.62099832 2.2422881 10197915
-1.205587 0.62099868 2.2422895 10197915
-1.1954727 0.6209985 2.2422888 10197915
-1.1853549 0.62099648 2.2422817 10197915
-1.1752448 0.62099856 2.2422888 10197915
-1.165128 0.62099701 2.2422833 10197915
-1.1550145 0.62099737 2.2422845 10197915
-1.1448998 0.62099695 2.2422833 10197915
-1.1347895 0.62099886 2.2422903 10197915
-1.1246722 0.62099695 2.2422833 10197915
-1.1145592 0.62099761 2.2422855 10197915
-1.1044439 0.62099683 2.2422829 10197915
-1.0943333 0.62099874 2.2422898 10197915
-1.0842161 0.62099689 2.2422829 10197915
-1.0741032 0.62099749 2.242285 10197915
-1.0639888 0.62099725 2.2422843 10197915
-1.0559006 0.62099898 2.2422905 10197915
-1.0457835 0.62099719 2.2422841 10197915
-1.0356708 0.62099791 2.2422867 10197915
-1.0255557 0.62099719 2.2422841 10197915
-1.0154445 0.62099886 2.24229 10197915
-1.0053275 0.62099701 2.2422836 10197915
-0.9952147 0.62099779 2.2422862 10197915
-0.98510033 0.62099761 2.2422855 10197915
-0.97498918 0.62099934 2.2422919 10197915
-0.96487254 0.62099767 2.2422857 10197915
-0.95475781 0.62099719 2.2422838 10197915
-0.94464439 0.62099749 2.242285 10197915
-0.93453223 0.62099868 2.2422895 10197915
-0.92441654 0.62099749 2.2422853 10197915
-0.91430259 0.62099755 2.2422853 10197915
-0.90418833 0.62099731 2.2422845 10197915
-0.89407682 0.6209991 2.242291 10197915
-0.88598359 0.62099767 2.2422857 10197915
-0.8758691 0.62099725 2.2422845 10197915
-0.86575633 0.62099814 2.2422874 10197915
-0.85564232 0.62099808 2.2422874 10197915
-0.8455283 0.62099802 2.2422872 10197915
-0.83541328 0.62099725 2.2422843 10197915
-0.82529956 0.62099749 2.2422853 10197915
-0.81518722 0.62099868 2.2422895 10197915
-0.80507225 0.62099797 2.2422867 10197915
-0.79495734 0.62099719 2.2422841 10197915
-0.78484428 0.62099791 2.2422867 10197915
-0.77473116 0.62099862 2.2422893 10197915
-0.76461625 0.62099785 2.2422864 10197915
-0.75450176 0.62099737 2.2422848 10197915
-0.74438882 0.62099826 2.2422881 10197915
-0.7342751 0.62099844 2.2422888 10197915
-0.72416085 0.62099826 2.2422881 10197915
-0.71404618 0.62099767 2.2422857 10197915
-0.70393288 0.62099826 2.2422879 10197915
-0.69584179 0.62099838 2.2422884 10197915
-0.68572783 0.62099838 2.2422884 10197915
-0.67561209 0.62099671 2.2422824 10197915
-0.66549999 0.62099844 2.2422888 10197915
-0.65538406 0.62099671 2.2422822 10197915
-0.64527076 0.62099725 2.2422841 10197915
-0.63515669 0.62099713 2.2422838 10197915
-0.62504393 0.62099838 2.2422884 10197915
-0.61492819 0.62099653 2.2422819 10197915
-0.60481513 0.62099749 2.242285 10197915
-0.59470069 0.62099701 2.2422833 10197915
-0.58458787 0.6209982 2.2422879 10197915
-0.57447278 0.62099695 2.2422833 10197915
-0.56435949 0.62099773 2.242286 10197915
-0.55424488 0.62099695 2.2422833 10197915
-0.54413265 0.62099898 2.2422905 10197915
-0.53392899 0.62089443 2.2419131 6516603
-0.52557278 0.62057984 2.240777 5069930
0.56796795 0.62052011 2.2405615 3356475
0.5742507 0.62075669 2.2414155 3356475
0.58458555 0.6209957 2.2422788 3553080
0.59470057 0.62099683 2.2422829 3684408
0.60481453 0.62099683 2.2422829 3684408
0.61492848 0.62099683 2.2422829 3684408
0.62504244 0.62099683 2.2422829 3684408
0.63515639 0.62099683 2.2422829 3684408
0.64527035 0.62099683 2.2422829 3684408
0.6553843 0.62099683 2.2422829 3684408
0.66549826 0.62099683 2.2422829 3684408
0.67561221 0.62099683 2.2422829 3684408
0.68572617 0.62099683 2.2422829 3684408
0.69584012 0.62099683 2.2422829 3684408
0.70595407 0.62099683 2.2422829 3684408
0.71606803 0.62099683 2.2422829 3684408
0.72415918 0.62099683 2.2422829 3684408
0.73427314 0.62099683 2.2422829 3684408
0.74438715 0.62099683 2.2422829 3684408
0.7545011 0.62099683 2.2422829 3684408
0.76461506 0.62099683 2.2422829 3684408
0.77472895 0.62099683 2.2422829 3684408
0.78484297 0.62099683 2.2422829 3684408
0.79495686 0.62099683 2.2422829 3684408
0.80507088 0.62099683 2.2422829 3684408
0.81518477 0.62099683 2.2422829 3684408
0.82529879 0.62099683 2.2422829 3684408
0.83541268 0.62099683 2.2422829 3684408
0.8455267 0.62099683 2.2422829 3684408
0.85564059 0.62099683 2.2422829 3684408
0.8657546 0.62099683 2.2422829 3684408
0.87586856 0.62099683 2.2422829 3684408
0.88598251 0.62099683 2.2422829 3684408
0.89407367 0.62099683 2.2422829 3684408
0.90418762 0.62099683 2.2422829 3684408
0.91430157 0.62099683 2.2422829 3684408
0.92441553 0.62099683 2.2422829 3684408
0.93452948 0.62099683 2.2422829 3684408
0.94464344 0.62099683 2.2422829 3684408
0.95475739 0.62099683 2.2422829 3684408
0.96487135 0.62099683 2.2422829 3684408
0.9749853 0.62099683 2.2422829 3684408
0.98509926 0.62099683 2.2422829 3684408
0.99521321 0.62099683 2.2422829 3684408
1.0053271 0.62099683 2.2422829 3684408
1.0154412 0.62099683 2.2422829 3684408
1.025555 0.62099683 2.2422829 3684408
1.0356691 0.62099683 2.2422829 3684408
1.045783 0.62099683 2.2422829 3684408
1.055897 0.62099683 2.2422829 3684408
1.0639881 0.62099683 2.2422829 3684408
1.074102 0.62099683 2.2422829 3684408
1.084216 0.62099683 2.2422829 3684408
1.09433 0.62099683 2.2422829 3684408
1.1044439 0.62099683 2.2422829 3684408
1.1145579 0.62099683 2.2422829 3684408
1.1246719 0.62099683 2.2422829 3684408
1.1347858 0.62099683 2.2422829 3684408
1.1448998 0.62099683 2.2422829 3684408
1.1550137 0.62099683 2.2422829 3684408
1.1651278 0.62099683 2.2422829 3684408
1.1752416 0.62099683 2.2422829 3684408
1.1853557 0.62099683 2.2422829 3684408
1.1954695 0.62099683 2.2422829 3684408
1.2055836 0.62099683 2.2422829 3684408
1.2156974 0.62099683 2.2422829 3684408
1.2258115 0.62099683 2.2422829 3684408
1.2359253 0.62099683 2.2422829 3684408
1.2460394 0.62099683 2.2422829 3684408
1.2541304 0.62099683 2.2422829 3684408
1.2642444 0.62099683 2.2422829 3684408
1.2743583 0.62099683 2.2422829 3684408
1.2844723 0.62099683 2.2422829 3684408
1.2925634 0.62099683 2.2422829 3684408
-0.014223315 0.51610428 2.2523828 3026995
-0.0040638046 0.51610428 2.2523828 2961201
0.0040638051 0.5161044 2.252383 2895407
0.014223318 0.5161044 2.252383 2829357
0.02438283 0.5161044 2.252383 2763307
0.034542348 0.5161044 2.252383 2697513
0.044701859 0.5161044 2.2523832 2697513
0.054861378 0.51610452 2.2523835 2697513
0.062988989 0.51610446 2.2523832 2697513
-0.014255439 0.5254159 2.2574697 3026995
-0.0040729828 0.5254159 2.2574697 2961201
0.0040729828 0.5254159 2.2574697 2895407
0.014255439 0.5254159 2.2574697 2829357
0.024437899 0.52541596 2.2574701 2763307
0.034620356 0.52541596 2.2574701 2697513
0.044802815 0.52541602 2.2574701 2697513
0.054985274 0.52541596 2.2574701 2697513
0.063131243 0.52541602 2.2574701 2763306
-0.063119642 0.55993229 2.2570553 3224631
-0.054952502 0.55969805 2.2561109 3158838
-0.044810679 0.55809432 2.257864 3158581
-0.034625631 0.55808192 2.2578137 3092787
-0.02444162 0.55808198 2.2578139 2961201
-0.014257611 0.55808192 2.2578137 2895150
-0.0040736031 0.55808187 2.2578135 2763564
0.0040736031 0.55808187 2.2578135 2697770
0.01425761 0.55808187 2.2578135 2697513
0.024441615 0.55808187 2.2578135 2697513
0.034625623 0.55808181 2.2578135 2697513
0.044809625 0.55808181 2.2578132 2697513
0.054993633 0.55808181 2.2578132 2697513
0.065177642 0.55808187 2.2578135 2697513
0.075361647 0.55808187 2.2578135 2697513
0.085545659 0.55808187 2.2578135 2697513
0.095650941 0.55965942 2.2559555 2697513
0.10587017 0.55988896 2.2568805 2697513
-0.1528699 0.56867599 2.2594361 3422268
-0.14464363 0.5683856 2.2582824 3356732
-0.1343713 0.56802303 2.2568417 3356475
-0.12315631 0.56692934 2.2565465 3356475
-0.11399671 0.56590867 2.2565384 3290682
-0.10580013 0.56562006 2.2553875 3290681
-0.095566578 0.56525975 2.2539508 3290425
-0.085440166 0.56350744 2.2550838 3224888
-0.075308926 0.56175643 2.2562134 3224631
-0.065749325 0.56190747 2.2540967 3224631
-0.054856043 0.56278235 2.2521644 3158837
-0.044697516 0.56278235 2.2521644 3092787
-0.034538988 0.56278235 2.2521641 2961201
-0.02438046 0.56278229 2.2521641 2895150
-0.014221936 0.56278229 2.2521639 2763564
-0.0040634098 0.56278223 2.2521639 2697770
0.0040634098 0.56278223 2.2521639 2697513
0.014221933 0.56278217 2.2521639 2697513
0.024380457 0.56278217 2.2521636 2697513
0.034538981 0.56278217 2.2521636 2697513
0.044697504 0.56278217 2.2521639 2697513
0.054856032 0.56278223 2.2521639 2697513
0.065014556 0.56278223 2.2521639 2697513
0.07517308 0.56278223 2.2521639 2697513
0.085331604 0.56278223 2.2521639 2697513
0.095490128 0.56278223 2.2521639 2697513
0.10564865 0.56278223 2.2521639 2697513
0.11514473 0.56189048 2.2551167 2697513
0.1241929 0.56192815 2.2569017 2829614
0.13415399 0.56506944 2.2531919 2961201
0.14440982 0.56543058 2.254632 3158838
0.1546779 0.56579214 2.2560735 3027251
0.16383575 0.56681263 2.2560818 2961201
0.17505383 0.56790638 2.2563782 2960944
0.18535034 0.56826979 2.257822 2961200
0.19565916 0.56863368 2.2592678 2961201
-0.23399365 0.57989728 2.2555144 3488318
-0.22511944 0.57847083 2.2563076 3488318
-0.21567985 0.5778563 2.2554986 3488318
-0.20537581 0.57748806 2.2540617 3488062
-0.19584285 0.57668644 2.2535763 3422526
-0.18522739 0.57399696 2.2563248 3422525
-0.17493811 0.57363117 2.2548866 3422525
-0.16466279 0.57326573 2.2534504 3422269
-0.15457533 0.57152098 2.2545779 3422268
-0.14431439 0.57115704 2.2531421 3356732
-0.13406563 0.57079351 2.251708 3356475
-0.12587637 0.570503 2.2505622 3356475
0.16849722 0.57045448 2.2503705 3092788
0.17465459 0.57067287 2.2512321 2961201
0.18492736 0.57103729 2.25267 2961200
0.19521236 0.57140213 2.2541089 2961201
0.20614645 0.57289946 2.253608 3026737
0.21557656 0.57351196 2.2544184 3026994
0.22501183 0.57412529 2.255229 3026994
0.23414741 0.5741725 2.257014 3027251
0.24510987 0.577613 2.2529616 3092788
0.25513843 0.57741761 2.255374 3093044
0.26459357 0.57803226 2.256186 3093045
0.27375227 0.57905281 2.2561941 3158581
-0.33426058 0.58903193 2.2593336 3488318
-0.32594138 0.58873117 2.2581801 3488319
-0.31555474 0.5883556 2.2567396 3488319
-0.30518049 0.58798051 2.255301 3488319
-0.29515672 0.58623862 2.2564361 3488319
-0.28479686 0.58586496 2.2549977 3488319
-0.27445105 0.58549184 2.2535615 3488319
-0.26392841 0.5828135 2.2563088 3488319
-0.25526041 0.58176482 2.2564523 3488319
-0.24522769 0.58195746 2.2540448 3488319
-0.23638926 0.58182389 2.2524784 3488318
0.27813572 0.58266383 2.2504821 3158838
0.28466034 0.58151758 2.253917 3158838
0.29501569 0.58188927 2.2553577 3158838
0.30538341 0.5822615 2.2568007 3224631
0.31594449 0.58512652 2.2537198 3224631
0.3254146 0.58574349 2.2545302 3224632
0.3348898 0.58636117 2.2553408 3224888
0.34411281 0.58641815 2.2571259 3290424
0.3541171 0.58815956 2.2559876 3290425
0.36452642 0.58853596 2.2574313 3290681
0.3749482 0.58891279 2.2588766 3290682
0.38120764 0.5891391 2.2597446 3290682
-0.40509689 0.59848148 2.2565477 3422526
-0.39466646 0.59810007 2.2551091 3488062
-0.38516942 0.59747899 2.2543006 3488062
-0.37530911 0.59602141 2.2549486 3488062
-0.36519942 0.59400761 2.2565639 3488318
-0.35504892 0.59418714 2.2541556 3488318
-0.34557176 0.59356761 2.2533484 3488318
-0.33557609 0.59183306 2.2544758 3488318
-0.32519948 0.59145606 2.2530398 3488319
-0.31483695 0.59107971 2.2516062 3488319
-0.30655539 0.59077889 2.2504604 3488319
0.35538593 0.59095496 2.2511308 3290425
0.36577272 0.5913322 2.2525678 3290681
0.3740921 0.59163439 2.2537193 3290682
0.38498455 0.59312695 2.2532182 3290682
0.39447737 0.59374672 2.2540288 3356218
0.40490341 0.59412628 2.2554696 3356474
0.41534197 0.59450638 2.2569125 3356475
0.42482278 0.59759432 2.2532022 3356475
0.43526351 0.59797615 2.2546422 3356475
0.44477868 0.59859824 2.2554526 3356475
0.4525139 0.59723651 2.2595298 3356475
-0.51563507 0.60938615 2.2592313 4674399
-0.50512165 0.60899717 2.2577896 4872036
-0.49462256 0.60860878 2.2563498 4806499
-0.48380414 0.60729879 2.2565315 3422525
-0.47514924 0.6062516 2.2566752 3422525
-0.46488088 0.60641801 2.254267 3422525
-0.45536399 0.60579407 2.2534597 3422525
-0.44558975 0.60361397 2.2554481 3422525
-0.43547189 0.60233223 2.2557213 3422525
-0.42502677 0.6019485 2.2542841 3422526
-0.41544557 0.60114145 2.2537987 3422526
0.45601404 0.6010161 2.2533286 3356475
0.46465784 0.60206175 2.2531853 3356475
0.47492236 0.60189253 2.2555976 3356475
0.48445761 0.60251606 2.2564096 3356475
0.49419597 0.60469413 2.2544179 3356476
0.50430524 0.60597706 2.2541404 3356476
0.51480204 0.60636449 2.2555816 3356476
0.52531141 0.6067524 2.2570245 3356476
0.53522211 0.60848361 2.2558858 3356476
0.54574597 0.60887295 2.257329 3356476
0.55417502 0.60918474 2.2584851 3356475
0.56261277 0.60949689 2.2596421 3356475
-1.3011258 0.61289334 2.2571363 10197915
-1.294526 0.61452198 2.2541556 10197915
-1.2845187 0.61397958 2.255151 10197915
-1.2752821 0.61424953 2.2546484 10197915
-1.2651138 0.6142503 2.2546513 10197915
-1.2549436 0.61425 2.2546504 10197915
-1.2447765 0.61425138 2.2546554 10197915
-1.2346028 0.61424935 2.254648 10197915
-1.2253871 0.6145221 2.2541556 10197915
-1.2153479 0.61397892 2.2551484 10197915
-1.2050531 0.61452258 2.2541575 10197915
-1.1950028 0.61397833 2.255146 10197915
-1.1847173 0.61452216 2.2541561 10197915
-1.1746581 0.61397803 2.2551453 10197915
-1.16438 0.61452091 2.2541516 10197915
-1.1543152 0.61397851 2.2551467 10197915
-1.1451112 0.61425042 2.254652 10197915
-1.1349407 0.61425006 2.2546504 10197915
-1.1247694 0.61424923 2.2546475 10197915
-1.1155767 0.61452138 2.2541535 10197915
-1.1054901 0.61397874 2.2551479 10197915
-1.0952423 0.61452168 2.2541547 10197915
-1.0851442 0.61397773 2.2551436 10197915
-1.0749072 0.61452168 2.2541542 10197915
-1.0648028 0.6139791 2.2551491 10197915
-1.0545721 0.61452162 2.2541537 10197915
-1.0444567 0.61397785 2.2551446 10197915
-1.0342373 0.61452174 2.2541544 10197915
-1.0241146 0.61397904 2.2551489 10197915
-1.0149388 0.61425072 2.254653 10197915
-1.0057656 0.61452007 2.2541482 10197915
-0.99563378 0.61397946 2.2551503 10197915
-0.98543322 0.61452162 2.2541542 10197915
-0.97528946 0.61397922 2.2551494 10197915
-0.96509612 0.61452031 2.2541497 10197915
-0.95494568 0.6139794 2.2551498 10197915
-0.9447633 0.61452168 2.2541544 10197915
-0.93460166 0.6139794 2.2551498 10197915
-0.92442596 0.61452019 2.254149 10197915
-0.91425735 0.61397916 2.2551491 10197915
-0.90409327 0.6145218 2.2541547 10197915
-0.89493841 0.6142509 2.2546539 10197915
-0.88577425 0.61397809 2.2551453 10197915
-0.87562418 0.61452168 2.2541544 10197915
-0.86543119 0.61397874 2.2551479 10197915
-0.85529011 0.61452234 2.2541571 10197915
-0.84508622 0.61397797 2.2551448 10197915
-0.83495438 0.61452186 2.2541547 10197915
-0.82474357 0.61397892 2.2551484 10197915
-0.8146202 0.6145224 2.2541573 10197915
-0.80439854 0.61397809 2.2551455 10197915
-0.79428446 0.61452186 2.2541549 10197915
-0.78510368 0.61424983 2.2546496 10197915
-0.77493554 0.61425114 2.2546542 10197915
-0.76476431 0.61424989 2.2546501 10197915
-0.75557357 0.61397856 2.255147 10197915
-0.7454797 0.61452132 2.254153 10197915
-0.73523152 0.61398017 2.2551529 10197915
-0.72514504 0.61452156 2.2541537 10197915
-0.71488607 0.61397892 2.2551484 10197915
-0.70480955 0.61452121 2.2541528 10197915
-0.69454384 0.61398047 2.2551541 10197915
-0.68447465 0.61452127 2.2541528 10197915
-0.67527115 0.61425042 2.254652 10197915
-0.66510111 0.61425012 2.2546508 10197915
-0.65492988 0.61424875 2.2546456 10197915
-0.64571661 0.61397898 2.2551484 10197915
-0.63567114 0.61452162 2.2541542 10197915
-0.62537259 0.61397892 2.2551484 10197915
-0.61533457 0.61452007 2.2541485 10197915
-0.60502887 0.6139791 2.2551489 10197915
-0.5950008 0.61452132 2.254153 10197915
-0.58468467 0.61397886 2.2551482 10197915
-0.57466513 0.61452055 2.2541502 10197915
-0.56543797 0.61425048 2.254652 10197915
-0.55526769 0.61424989 2.2546499 10197915
-0.54509878 0.6142509 2.2546535 10197915
-0.53484285 0.61415124 2.254288 7174017
-0.52436525 0.61378932 2.2529595 4740193
-0.51446086 0.61206526 2.2540867 4542812
-0.50397211 0.6116755 2.2526512 4279382
-0.4955911 0.61136413 2.2515044 4147281
-0.48721859 0.61105299 2.2503586 3554369
0.529805 0.61100113 2.2501678 3356476
0.53610009 0.61123502 2.251029 3356476
0.54450077 0.61154723 2.2521787 3356476
0.55501413 0.61193782 2.2536175 3356475
0.56581086 0.61324304 2.2534401 3356475
0.57444811 0.61428797 2.2532969 3356475
0.58467823 0.61397213 2.2551234 3618616
0.59499693 0.61451733 2.2541382 3684408
0.60502416 0.61397433 2.2551315 3684408
0.61533177 0.61451733 2.2541382 3684408
0.62536794 0.61397439 2.2551315 3684408
0.63566661 0.61451733 2.2541382 3684408
0.64571178 0.61397439 2.2551315 3684408
0.65492672 0.61424583 2.2546349 3684408
0.6650964 0.61424583 2.2546349 3684408
0.67526609 0.61424583 2.2546349 3684408
0.68447024 0.61451733 2.2541382 3684408
0.69453686 0.61397433 2.2551315 3684408
0.7048052 0.61451733 2.2541382 3684408
0.71488076 0.61397439 2.2551315 3684408
0.72513998 0.61451733 2.2541382 3684408
0.73522455 0.61397433 2.2551315 3684408
0.74547482 0.61451733 2.2541382 3684408
0.75556839 0.61397433 2.2551315 3684408
0.76475912 0.61424583 2.2546349 3684408
0.77492881 0.61424583 2.2546349 3684408
0.78509855 0.61424583 2.2546349 3684408
0.7942785 0.61451733 2.2541382 3684408
0.80439359 0.61397433 2.2551315 3684408
0.81461334 0.61451733 2.2541382 3684408
0.82473737 0.61397439 2.2551315 3684408
0.83494824 0.61451733 2.2541382 3684408
0.84508121 0.61397433 2.2551315 3684408
0.85528308 0.61451733 2.2541382 3684408
0.86542499 0.61397433 2.2551315 3684408
0.87561798 0.61451733 2.2541382 3684408
0.88576889 0.61397439 2.2551315 3684408
0.89493096 0.61424583 2.2546349 3684408
0.90408677 0.61451733 2.2541382 3684408
0.9142502 0.61397439 2.2551315 3684408
0.92442161 0.61451733 2.2541382 3684408
0.93459398 0.61397439 2.2551315 3684408
0.94475639 0.61451733 2.2541382 3684408
0.95493782 0.61397433 2.2551315 3684408
0.96509135 0.61451733 2.2541382 3684408
0.97528172 0.61397433 2.2551315 3684408
0.98542613 0.61451733 2.2541382 3684408
0.9956255 0.61397433 2.2551315 3684408
1.0057609 0.61451733 2.2541382 3684408
1.0149307 0.61424583 2.2546349 3684408
1.0241067 0.61397439 2.2551315 3684408
1.0342299 0.61451733 2.2541382 3684408
1.0444506 0.61397433 2.2551315 3684408
1.0545647 0.61451733 2.2541382 3684408
1.0647944 0.61397439 2.2551315 3684408
1.0748994 0.61451733 2.2541382 3684408
1.0851382 0.61397439 2.2551315 3684408
1.0952345 0.61451733 2.2541382 3684408
1.1054821 0.61397439 2.2551315 3684408
1.1155692 0.61451733 2.2541382 3684408
1.1247633 0.61424583 2.2546349 3684408
1.1349329 0.61424583 2.2546349 3684408
1.1451025 0.61424583 2.2546349 3684408
1.1543072 0.61397433 2.2551315 3684408
1.164373 0.61451733 2.2541382 3684408
1.174651 0.61397439 2.2551315 3684408
1.1847078 0.61451733 2.2541382 3684408
1.1949949 0.61397439 2.2551315 3684408
1.2050426 0.61451733 2.2541382 3684408
1.2153387 0.61397433 2.2551315 3684408
1.2253774 0.61451733 2.2541382 3684408
1.2345957 0.61424583 2.2546349 3684408
1.2447653 0.61424583 2.2546349 3684408
1.254935 0.61424583 2.2546349 3684408
1.2651048 0.61424583 2.2546349 3684408
1.2752743 0.61424583 2.2546349 3684408
1.2845078 0.61397433 2.2551315 3684408
1.294516 0.61451733 2.2541382 3684408
1.3011153 0.61288846 2.2571182 3684408
-0.014287706 0.53476959 2.2625794 3026995
-0.004082202 0.53476965 2.2625797 2961201
0.0040822024 0.53476965 2.2625797 2895407
0.014287707 0.53476971 2.2625799 2829357
0.024493214 0.53476971 2.2625799 2763307
0.034698725 0.53476971 2.2625799 2697513
0.044904232 0.53476977 2.2625802 2697513
0.055109739 0.53476977 2.2625804 2697513
0.063274153 0.53476977 2.2625804 2697513
-0.014320123 0.54416579 2.2677126 3026995
-0.0040914635 0.54416579 2.2677128 2961201
0.0040914635 0.54416579 2.2677128 2895407
0.014320123 0.54416585 2.2677128 2829357
0.024548782 0.54416585 2.2677131 2763307
0.034777444 0.54416585 2.2677131 2697513
0.045006104 0.54416591 2.2677133 2697513
0.055234771 0.54416591 2.2677133 2697513
0.063417703 0.54416597 2.2677135 2697513
-0.11464998 0.5589174 2.2694695 3290682
-0.10434691 0.55855912 2.2680147 3290681
-0.094056152 0.55820125 2.2665615 3290425
-0.085833386 0.55791533 2.2654004 3224888
-0.075653821 0.55615032 2.266546 3224631
-0.065388098 0.5557943 2.2650948 3224631
-0.055136386 0.5554387 2.2636454 3158838
-0.044298053 0.55271155 2.2664173 3158581
-0.034752812 0.55194664 2.2660758 3093044
-0.024523824 0.55178398 2.2654061 3092787
-0.014305445 0.55177975 2.2653885 3026993
-0.0040872698 0.55177969 2.2653885 2895407
0.0040872698 0.55177969 2.2653885 2829357
0.014305444 0.55177963 2.2653883 2763307
0.02452362 0.55177969 2.2653885 2697514
0.034741793 0.55177963 2.2653883 2697513
0.044959962 0.55177963 2.265388 2697513
0.055178132 0.55177957 2.265388 2697513
0.065396301 0.55177957 2.265388 2697513
0.075628117 0.55187625 2.2657864 2697513
0.085891739 0.55215716 2.2669406 2697513
0.09511403 0.55558121 2.262562 2697513
0.10502405 0.55536133 2.2649951 2829101
0.1144653 0.55597067 2.2658136 3092787
0.12391174 0.55658072 2.2666326 3092788
0.13492376 0.55809259 2.2661204 2960944
0.14523898 0.55845141 2.2675774 2895151
0.15556657 0.55881059 2.2690358 2895151
0.16176951 0.55902624 2.2699115 2895407
-0.19043118 0.56719822 2.2698359 3422526
-0.18520464 0.56869632 2.2660229 3422525
-0.17573878 0.56808269 2.2652068 3422525
-0.16541597 0.56771922 2.2637577 3422269
-0.15528072 0.56596053 2.2649007 3422268
-0.14514051 0.5642032 2.2660401 3356732
-0.13483261 0.563842 2.2645898 3356475
-0.12538922 0.56323069 2.2637739 3356475
-0.11438772 0.56172419 2.2642782 3290682
-0.10616283 0.56143665 2.2631192 3290682
-0.095893987 0.56107783 2.2616727 3290425
-0.087687321 0.56079102 2.2605166 3290424
0.12844624 0.56067801 2.2600613 3356474
0.13461472 0.5608936 2.2609301 3159094
0.14490609 0.56125331 2.2623804 2961201
0.15520978 0.56161344 2.2638316 2895407
0.16619995 0.56311941 2.2633266 2895407
0.17565633 0.56373113 2.2641442 2960944
0.1851179 0.56434351 2.2649617 2961200
0.19513531 0.56413275 2.2673995 2961201
0.2041501 0.56753421 2.26302 3026737
0.2144956 0.56789845 2.2644725 3026994
0.22485353 0.56826317 2.2659268 3026994
0.23254816 0.56806684 2.2678626 3027251
-0.30101904 0.57951283 2.2699485 3488319
-0.29476261 0.57928991 2.2690752 3488319
-0.28434587 0.57891858 2.2676208 3488319
-0.27394161 0.57854772 2.2661681 3488319
-0.26513714 0.57730359 2.2666419 3488319
-0.25554121 0.57649708 2.2661526 3488319
-0.2451621 0.57612801 2.2647018 3488319
-0.23479719 0.57575947 2.2632532 3488318
-0.22495866 0.57261902 2.2669864 3488318
-0.21459621 0.57225233 2.2655346 3488062
-0.20424615 0.57188612 2.2640848 3488062
-0.19597599 0.57159352 2.2629263 3422526
0.23753734 0.57104248 2.263438 3092787
0.245047 0.57177335 2.2636385 3092788
0.25542161 0.57214046 2.2650917 3093044
0.26580864 0.57250804 2.2665467 3093045
0.27557418 0.57564551 2.262804 3158581
0.28478321 0.5756942 2.2646015 3158838
0.2942878 0.57631075 2.2654202 3158838
0.30379754 0.57692802 2.2662387 3159095
0.31476706 0.57843506 2.265727 3224631
0.32519606 0.57880682 2.2671831 3224632
0.33563757 0.57917905 2.268641 3224888
0.34190893 0.57940257 2.2695165 3290424
-0.37055969 0.58757252 2.2694414 3488318
-0.36427784 0.58734643 2.268568 3488318
-0.35550255 0.58841527 2.2648139 3488318
-0.34506655 0.58803886 2.2633653 3488318
-0.3354094 0.5849185 2.2670987 3488318
-0.3249757 0.58454388 2.2656469 3488319
-0.31455451 0.58416981 2.2641969 3488319
-0.30504805 0.58355129 2.2633815 3488319
-0.29408842 0.58204949 2.2638855 3488319
-0.28577304 0.5817517 2.2627273 3488319
-0.27539116 0.58137983 2.261281 3488319
-0.26709417 0.58108276 2.2601252 3488319
0.3140462 0.58118892 2.2605383 3224631
0.32445088 0.58156163 2.2619879 3224632
0.33486792 0.58193469 2.2634387 3224888
0.34614313 0.58303177 2.2637405 3290424
0.35533571 0.58405477 2.263751 3290425
0.36486048 0.58467442 2.2645681 3290681
0.37506962 0.58448559 2.2670054 3290682
0.38582379 0.58792257 2.2629168 3290682
0.39512086 0.58798099 2.2647145 3290682
0.40412286 0.58812076 2.2663031 3356474
0.41352731 0.58753598 2.2693 3356475
-0.48113725 0.59988606 2.2695539 3422525
-0.47481263 0.59965527 2.268681 3422525
-0.4642823 0.599271 2.2672269 3422525
-0.45376459 0.59888715 2.2657747 3422525
-0.44376674 0.5971427 2.2669199 3422525
-0.43442553 0.59707832 2.2651243 3422525
-0.42487377 0.59645474 2.2643092 3422526
-0.41532713 0.59583175 2.2634938 3422526
-0.40485504 0.59296679 2.2665925 3488062
-0.39530599 0.59234446 2.2657757 3488062
-0.38508186 0.59252656 2.2633481 3488062
-0.37639391 0.59147543 2.2634923 3488062
-0.36553395 0.59016258 2.2636707 3488318
0.40629467 0.59004605 2.2632234 3356475
0.41467497 0.59034902 2.2643857 3356475
0.42467418 0.59209108 2.2632451 3356475
0.43516231 0.59247118 2.264698 3356475
0.44566298 0.5928517 2.2661526 3356475
0.45565122 0.59459466 2.2650084 3356475
0.46563542 0.59633744 2.2638636 3356475
0.4752005 0.5969615 2.2646809 3356475
0.48552889 0.5967859 2.2671182 3356475
0.49454784 0.59877038 2.2653332 3356476
0.50509053 0.59915513 2.2667887 3356476
0.51564586 0.59954035 2.2682462 3356476
0.5241003 0.59984887 2.2694135 3356476
-1.3048435 0.60742718 2.2671337 10197915
-1.2946211 0.60742885 2.2671402 10197915
-1.2843914 0.60742712 2.2671335 10197915
-1.274166 0.60742736 2.2671344 10197915
-1.2639399 0.60742742 2.2671347 10197915
-1.2557621 0.60742897 2.2671404 10197915
-1.2455326 0.60742724 2.267134 10197915
-1.2353067 0.60742736 2.2671342 10197915
-1.2250808 0.60742742 2.2671347 10197915
-1.2148585 0.60742927 2.2671416 10197915
-1.2046288 0.60742736 2.2671347 10197915
-1.1944032 0.6074276 2.2671356 10197915
-1.184177 0.60742754 2.2671349 10197915
-1.1739469 0.60742545 2.2671275 10197915
-1.1657701 0.60742754 2.2671351 10197915
-1.1555432 0.60742706 2.2671335 10197915
-1.1453187 0.60742795 2.2671366 10197915
-1.1350889 0.60742599 2.2671292 10197915
-1.1248662 0.60742784 2.2671361 10197915
-1.1146398 0.60742754 2.2671349 10197915
-1.1044149 0.60742819 2.2671375 10197915
-1.0941857 0.6074264 2.2671311 10197915
-1.0839617 0.6074276 2.2671354 10197915
-1.0757797 0.60742688 2.2671328 10197915
-1.0655562 0.60742831 2.2671378 10197915
-1.0553267 0.6074264 2.2671309 10197915
-1.045102 0.60742718 2.267134 10197915
-1.0348752 0.60742664 2.2671318 10197915
-1.0246521 0.60742849 2.2671385 10197915
-1.014423 0.60742664 2.2671318 10197915
-1.0041975 0.60742694 2.267133 10197915
-0.99397171 0.60742712 2.2671337 10197915
-0.98579317 0.60742855 2.267139 10197915
-0.9755643 0.60742682 2.2671325 10197915
-0.96533918 0.60742742 2.2671347 10197915
-0.9551127 0.60742712 2.2671335 10197915
-0.94488931 0.60742879 2.2671399 10197915
-0.93466038 0.60742694 2.267133 10197915
-0.92443466 0.60742724 2.2671337 10197915
-0.91420859 0.60742724 2.267134 10197915
-0.90398538 0.60742909 2.2671409 10197915
-0.8958016 0.60742712 2.2671335 10197915
-0.88557529 0.60742694 2.267133 10197915
-0.87535083 0.60742801 2.2671368 10197915
-0.86512464 0.6074279 2.2671366 10197915
-0.8548978 0.60742736 2.2671347 10197915
-0.84467149 0.60742718 2.267134 10197915
-0.83444619 0.60742772 2.2671361 10197915
-0.82422096 0.60742837 2.2671382 10197915
-0.81399399 0.60742766 2.2671356 10197915
-0.80581176 0.60742664 2.2671318 10197915
-0.79558784 0.60742825 2.2671378 10197915
-0.78536147 0.60742795 2.2671368 10197915
-0.77513504 0.60742778 2.2671359 10197915
-0.76490742 0.60742646 2.2671311 10197915
-0.75468326 0.60742801 2.2671368 10197915
-0.74445689 0.60742772 2.2671359 10197915
-0.73423058 0.60742754 2.2671349 10197915
-0.72400361 0.60742676 2.2671323 10197915
-0.71582496 0.60742861 2.267139 10197915
-0.70559764 0.60742754 2.2671349 10197915
-0.69537222 0.60742813 2.2671373 10197915
-0.6851446 0.60742664 2.267132 10197915
-0.67492044 0.60742843 2.2671385 10197915
-0.6646924 0.60742658 2.2671316 10197915
-0.65446663 0.60742682 2.2671325 10197915
-0.64424056 0.6074267 2.2671323 10197915
-0.63401651 0.60742867 2.2671394 10197915
-0.62583405 0.60742712 2.2671337 10197915
-0.61560744 0.60742664 2.2671318 10197915
-0.60538232 0.6074276 2.2671351 10197915
-0.59515649 0.60742778 2.2671361 10197915
-0.58492965 0.60742694 2.2671328 10197915
-0.57470375 0.60742712 2.2671335 10197915
-0.56447792 0.60742736 2.2671342 10197915
-0.55425256 0.60742807 2.2671373 10197915
-0.54402572 0.60742724 2.267134 10197915
-0.53579581 0.60737145 2.2669256 7767185
-0.52561712 0.60811341 2.2636058 4674400
-0.51529557 0.60526514 2.266705 4542812
-0.50570619 0.6046384 2.265888 4608349
-0.49536324 0.60480726 2.2634599 4345175
-0.48502061 0.60346746 2.2637937 3554113
-0.47372684 0.60236788 2.2634931 3422525
-0.46532094 0.60205972 2.2623348 3422525
-0.45482621 0.60167503 2.2608893 3422525
0.49762082 0.6016314 2.2607257 3356476
0.50603795 0.60194004 2.2618852 3356476
0.51446372 0.60224891 2.2630458 3356476
0.5250085 0.60263544 2.2644985 3356476
0.53495276 0.60437143 2.2633581 3356476
0.54454064 0.60499823 2.2641749 3356476
0.5549413 0.60483134 2.2666109 3356475
0.56495845 0.60684508 2.264977 3356475
0.57415938 0.60787106 2.2649839 3356475
0.58493233 0.60742974 2.2671432 3684408
0.5951584 0.60742974 2.2671432 3684408
0.60538453 0.60742974 2.2671432 3684408
0.6156106 0.60742974 2.2671432 3684408
0.62583667 0.60742974 2.2671432 3684408
0.63401759 0.60742974 2.2671432 3684408
0.64424366 0.60742974 2.2671432 3684408
0.65446973 0.60742974 2.2671432 3684408
0.6646958 0.60742974 2.2671432 3684408
0.67492193 0.60742974 2.2671432 3684408
0.685148 0.60742974 2.2671432 3684408
0.69537407 0.60742974 2.2671432 3684408
0.7056002 0.60742974 2.2671432 3684408
0.71582627 0.60742974 2.2671432 3684408
0.72400713 0.60742974 2.2671432 3684408
0.7342332 0.60742974 2.2671432 3684408
0.74445933 0.60742974 2.2671432 3684408
0.7546854 0.60742974 2.2671432 3684408
0.76491153 0.60742974 2.2671432 3684408
0.7751376 0.60742974 2.2671432 3684408
0.78536367 0.60742974 2.2671432 3684408
0.79558975 0.60742974 2.2671432 3684408
0.80581588 0.60742974 2.2671432 3684408
0.81399673 0.60742974 2.2671432 3684408
0.8242228 0.60742974 2.2671432 3684408
0.83444893 0.60742974 2.2671432 3684408
0.844675 0.60742974 2.2671432 3684408
0.85490108 0.60742974 2.2671432 3684408
0.86512715 0.60742974 2.2671432 3684408
0.87535328 0.60742974 2.2671432 3684408
0.88557935 0.60742974 2.2671432 3684408
0.89580548 0.60742974 2.2671432 3684408
0.90398633 0.60742974 2.2671432 3684408
0.91421241 0.60742974 2.2671432 3684408
0.92443848 0.60742974 2.2671432 3684408
0.93466455 0.60742974 2.2671432 3684408
0.94489068 0.60742974 2.2671432 3684408
0.95511675 0.60742974 2.2671432 3684408
0.96534288 0.60742974 2.2671432 3684408
0.97556895 0.60742974 2.2671432 3684408
0.98579502 0.60742974 2.2671432 3684408
0.99397588 0.60742974 2.2671432 3684408
1.004202 0.60742974 2.2671432 3684408
1.0144281 0.60742974 2.2671432 3684408
1.0246543 0.60742974 2.2671432 3684408
1.0348802 0.60742974 2.2671432 3684408
1.0451064 0.60742974 2.2671432 3684408
1.0553324 0.60742974 2.2671432 3684408
1.0655586 0.60742974 2.2671432 3684408
1.0757847 0.60742974 2.2671432 3684408
1.0839655 0.60742974 2.2671432 3684408
1.0941916 0.60742974 2.2671432 3684408
1.1044176 0.60742974 2.2671432 3684408
1.1146439 0.60742974 2.2671432 3684408
1.1248698 0.60742974 2.2671432 3684408
1.135096 0.60742974 2.2671432 3684408
1.1453221 0.60742974 2.2671432 3684408
1.1555481 0.60742974 2.2671432 3684408
1.1657741 0.60742974 2.2671432 3684408
1.1739551 0.60742974 2.2671432 3684408
1.1841812 0.60742974 2.2671432 3684408
1.1944072 0.60742974 2.2671432 3684408
1.2046334 0.60742974 2.2671432 3684408
1.2148595 0.60742974 2.2671432 3684408
1.2250854 0.60742974 2.2671432 3684408
1.2353115 0.60742974 2.2671432 3684408
1.2455378 0.60742974 2.2671432 3684408
1.2557638 0.60742974 2.2671432 3684408
1.2639446 0.60742974 2.2671432 3684408
1.2741708 0.60742974 2.2671432 3684408
1.2843969 0.60742974 2.2671432 3684408
1.2946229 0.60742974 2.2671432 3684408
1.304849 0.60742974 2.2671432 3684408
-1.3039998 0.61016583 2.2621222 10197915
-1.2958404 0.61016732 2.2621279 10197915
-1.2856345 0.61016625 2.2621238 10197915
-1.2754304 0.61016589 2.2621226 10197915
-1.265228 0.61016643 2.2621245 10197915
-1.2550255 0.61016697 2.2621262 10197915
-1.244822 0.61016685 2.262126 10197915
-1.2346158 0.61016554 2.262121 10197915
-1.2244143 0.61016655 2.2621248 10197915
-1.2142123 0.61016721 2.2621272 10197915
-1.2040073 0.61016643 2.2621245 10197915
-1.1958425 0.61016536 2.2621207 10197915
-1.1856414 0.61016661 2.262125 10197915
-1.1754353 0.61016512 2.2621198 10197915
-1.1652333 0.61016589 2.2621226 10197915
-1.155028 0.61016494 2.2621188 10197915
-1.1448282 0.61016691 2.2621262 10197915
-1.1346209 0.61016488 2.2621186 10197915
-1.1244193 0.61016589 2.2621224 10197915
-1.1142144 0.610165 2.2621193 10197915
-1.1060559 0.61016732 2.2621279 10197915
-1.0958493 0.6101656 2.2621214 10197915
-1.0856457 0.61016554 2.2621212 10197915
-1.0754422 0.61016554 2.262121 10197915
-1.0652411 0.61016685 2.262126 10197915
-1.0550354 0.61016554 2.2621212 10197915
-1.0448321 0.6101656 2.2621214 10197915
-1.0346289 0.61016572 2.2621219 10197915
-1.0244284 0.61016744 2.2621284 10197915
-1.014222 0.61016577 2.2621219 10197915
-1.0040185 0.61016572 2.2621217 10197915
-0.99585605 0.61016583 2.2621224 10197915
-0.98565364 0.61016655 2.2621248 10197915
-0.97544968 0.61016619 2.2621236 10197915
-0.96524495 0.61016542 2.2621205 10197915
-0.95504248 0.61016601 2.2621229 10197915
-0.94484025 0.61016679 2.2621257 10197915
-0.93463516 0.61016577 2.2621222 10197915
-0.92443156 0.61016566 2.2621217 10197915
-0.9142288 0.61016607 2.2621231 10197915
-0.90606689 0.61016667 2.2621255 10197915
-0.89586312 0.61016649 2.2621248 10197915
-0.88565731 0.61016476 2.2621183 10197915
-0.87545615 0.61016643 2.2621245 10197915
-0.86525315 0.61016679 2.2621255 10197915
-0.85504919 0.61016637 2.2621243 10197915
-0.84484398 0.61016512 2.2621195 10197915
-0.83464271 0.61016673 2.2621255 10197915
-0.82443875 0.61016631 2.2621241 10197915
-0.81423587 0.61016667 2.2621253 10197915
-0.80403042 0.61016524 2.2621198 10197915
-0.79586971 0.61016673 2.2621255 10197915
-0.78566623 0.61016673 2.2621257 10197915
-0.7754631 0.61016703 2.2621267 10197915
-0.7652576 0.61016536 2.2621205 10197915
-0.75505656 0.61016732 2.2621279 10197915
-0.74485183 0.61016631 2.2621238 10197915
-0.73464942 0.61016715 2.2621269 10197915
-0.72444373 0.6101653 2.2621202 10197915
-0.71424222 0.61016691 2.2621262 10197915
-0.70607847 0.61016607 2.2621231 10197915
-0.6958766 0.6101675 2.2621286 10197915
-0.68567133 0.61016589 2.2621224 10197915
-0.67546839 0.61016637 2.2621241 10197915
-0.66526425 0.61016566 2.2621217 10197915
-0.65506077 0.61016566 2.2621214 10197915
-0.64485765 0.61016595 2.2621226 10197915
-0.6346541 0.61016589 2.2621224 10197915
-0.62445104 0.61016619 2.2621236 10197915
-0.61424661 0.61016518 2.26212 10197915
-0.60404396 0.61016601 2.2621229 10197915
-0.59588134 0.61016613 2.2621233 10197915
-0.58567804 0.61016625 2.2621238 10197915
-0.57547331 0.610165 2.2621193 10197915
-0.56527108 0.61016625 2.2621238 10197915
-0.55506718 0.61016583 2.2621222 10197915
-0.54486448 0.61016661 2.2621253 10197915
-0.53459352 0.61008924 2.2618384 7307151
0.57739943 0.61004394 2.2616704 3356475
0.58568078 0.61016917 2.2621346 3618872
0.59588426 0.61016917 2.2621346 3684408
0.60404706 0.61016917 2.2621346 3684408
0.6142506 0.61016917 2.2621346 3684408
0.62445402 0.61016917 2.2621346 3684408
0.63465756 0.61016917 2.2621346 3684408
0.64486104 0.61016917 2.2621346 3684408
0.65506452 0.61016917 2.2621346 3684408
0.66526806 0.61016917 2.2621346 3684408
0.67547148 0.61016917 2.2621346 3684408
0.68567502 0.61016917 2.2621346 3684408
0.69587851 0.61016917 2.2621346 3684408
0.70608199 0.61016917 2.2621346 3684408
0.71424484 0.61016917 2.2621346 3684408
0.72444838 0.61016917 2.2621346 3684408
0.7346518 0.61016917 2.2621346 3684408
0.74485534 0.61016917 2.2621346 3684408
0.75505883 0.61016917 2.2621346 3684408
0.76526231 0.61016917 2.2621346 3684408
0.77546585 0.61016917 2.2621346 3684408
0.78566933 0.61016917 2.2621346 3684408
0.79587281 0.61016917 2.2621346 3684408
0.8040356 0.61016917 2.2621346 3684408
0.81423908 0.61016917 2.2621346 3684408
0.82444263 0.61016917 2.2621346 3684408
0.83464605 0.61016917 2.2621346 3684408
0.84484959 0.61016917 2.2621346 3684408
0.85505313 0.61016917 2.2621346 3684408
0.86525655 0.61016917 2.2621346 3684408
0.87546015 0.61016917 2.2621346 3684408
0.88566363 0.61016917 2.2621346 3684408
0.89586711 0.61016917 2.2621346 3684408
0.90607059 0.61016917 2.2621346 3684408
0.91423339 0.61016917 2.2621346 3684408
0.92443687 0.61016917 2.2621346 3684408
0.93464041 0.61016917 2.2621346 3684408
0.94484383 0.61016917 2.2621346 3684408
0.95504737 0.61016917 2.2621346 3684408
0.96525091 0.61016917 2.2621346 3684408
0.97545433 0.61016917 2.2621346 3684408
0.98565787 0.61016917 2.2621346 3684408
0.99586135 0.61016917 2.2621346 3684408
1.0040241 0.61016917 2.2621346 3684408
1.0142277 0.61016917 2.2621346 3684408
1.0244312 0.61016917 2.2621346 3684408
1.0346347 0.61016917 2.2621346 3684408
1.0448382 0.61016917 2.2621346 3684408
1.0550417 0.61016917 2.2621346 3684408
1.0652452 0.61016917 2.2621346 3684408
1.0754486 0.61016917 2.2621346 3684408
1.0856521 0.61016917 2.2621346 3684408
1.0958557 0.61016917 2.2621346 3684408
1.1060591 0.61016917 2.2621346 3684408
1.1142219 0.61016917 2.2621346 3684408
1.1244254 0.61016917 2.2621346 3684408
1.134629 0.61016917 2.2621346 3684408
1.1448325 0.61016917 2.2621346 3684408
1.155036 0.61016917 2.2621346 3684408
1.1652395 0.61016917 2.2621346 3684408
1.1754429 0.61016917 2.2621346 3684408
1.1856464 0.61016917 2.2621346 3684408
1.1958499 0.61016917 2.2621346 3684408
1.2040126 0.61016917 2.2621346 3684408
1.2142162 0.61016917 2.2621346 3684408
1.2244197 0.61016917 2.2621346 3684408
1.2346233 0.61016917 2.2621346 3684408
1.2448268 0.61016917 2.2621346 3684408
1.2550303 0.61016917 2.2621346 3684408
1.2652338 0.61016917 2.2621346 3684408
1.2754372 0.61016917 2.2621346 3684408
1.2856407 0.61016917 2.2621346 3684408
1.2958442 0.61016917 2.2621346 3684408
1.3040069 0.61016917 2.2621346 3684408
-0.074022867 0.54900098 2.2792988 3224631
-0.065764241 0.54871821 2.2781243 3224631
-0.055453356 0.54836506 2.2766585 3158838
-0.045154843 0.54801238 2.2751942 3158837
-0.034910601 0.54623479 2.2763498 3093044
-0.024626698 0.54588354 2.2748861 3092788
0.067718878 0.54585278 2.2747579 2697513
0.073903993 0.54606408 2.2756383 2697513
0.083376691 0.54667318 2.276464 2829357
0.094445653 0.54819387 2.2759478 3224631
0.1047795 0.5485478 2.2774172 2895151
0.11512581 0.54890215 2.2788882 2829357
0.12134001 0.54911494 2.2797718 2829357
-0.15012573 0.55731601 2.2796681 3422268
-0.14373556 0.55851191 2.2761703 3356732
-0.13545239 0.55822456 2.2749991 3356475
-0.12511085 0.55786586 2.2735374 3356475
-0.11431116 0.55512977 2.2763333 3290682
-0.10470691 0.55432463 2.2758396 3290681
-0.094380446 0.55396825 2.2743764 3290425
-0.084910892 0.55335796 2.2735536 3224888
-0.073852807 0.55184263 2.2740622 3224631
-0.065613225 0.55155897 2.2728934 3224631
-0.055326104 0.55120498 2.2714345 3158838
-0.04710485 0.55092192 2.2702682 3158838
0.094228387 0.55102968 2.2707121 2763563
0.10453832 0.55138469 2.2721748 3158581
0.11486063 0.55173999 2.2736392 2895407
0.12615713 0.55283797 2.2739434 2829614
0.13539016 0.55386543 2.2739544 2895150
0.14487815 0.55447686 2.2747788 2895150
0.15489551 0.55425459 2.2772377 2895151
0.16478004 0.55724448 2.2737896 2895407
0.17439191 0.55804944 2.2742853 2960944
0.18476886 0.55840945 2.2757525 2961200
0.19330312 0.55728805 2.2795534 2961201
-0.26119065 0.56968355 2.2797818 3488319
-0.25492254 0.56946343 2.2789011 3488319
-0.24448635 0.56909686 2.2774341 3488319
-0.23406272 0.56873071 2.2759686 3488319
-0.22521181 0.56747907 2.2764466 3488318
-0.21558304 0.56667119 2.2759531 3488318
-0.20518479 0.56630689 2.2744896 3488062
-0.19567469 0.56569207 2.2736671 3422526
-0.1848534 0.56277275 2.2767937 3422525
-0.17447196 0.56241083 2.2753296 3422525
-0.16410296 0.56204939 2.2738671 3422269
-0.15656662 0.56131619 2.2736654 3422268
-0.14978078 0.56013906 2.27443 3422268
0.19493501 0.56017959 2.2745945 2961201
0.20509046 0.56194478 2.2734439 3026737
0.21548426 0.56230718 2.27491 3026994
0.22589061 0.56266993 2.2763777 3026994
0.23499298 0.564399 2.2750773 3027251
0.24498181 0.56587833 2.2744157 3092787
0.25451314 0.56649411 2.2752414 3093044
0.26494709 0.56685966 2.2767098 3093044
0.27507579 0.56862628 2.2755508 3158581
0.2855244 0.56899327 2.2770193 3158838
0.29598564 0.56936073 2.2784901 3158838
0.30436471 0.56965506 2.2796679 3224631
-0.33314073 0.57785475 2.2795639 3488318
-0.32474765 0.57755709 2.2783895 3488319
-0.3140884 0.57787889 2.2756169 3488319
-0.30554178 0.57827514 2.2731409 3488319
-0.29578003 0.57512498 2.2769072 3488319
-0.28532672 0.57475513 2.2754428 3488319
-0.27488595 0.57438564 2.2739801 3488319
-0.26565218 0.57335806 2.2739699 3488319
-0.25433695 0.57225758 2.2736664 3488319
-0.24600606 0.57196349 2.2724977 3488319
-0.23560494 0.57159638 2.2710392 3488318
0.27444315 0.57141465 2.2703171 3158581
0.28486729 0.57178253 2.2717791 3158838
0.295304 0.57215095 2.2732427 3158838
0.30662268 0.57325149 2.2735472 3159095
0.31585497 0.57427889 2.2735577 3224631
0.32422611 0.57457513 2.2747304 3224632
0.3347027 0.57494587 2.2761981 3224888
0.34522665 0.57765585 2.2733934 3290424
0.35487613 0.57846516 2.2738888 3290425
0.36578879 0.57745266 2.2779775 3290681
0.37420207 0.5777511 2.2791548 3290682
-0.43575901 0.58991867 2.2785029 3422525
-0.4252083 0.58953899 2.2770367 3422526
-0.41467023 0.58915979 2.2755718 3422526
-0.40554634 0.58715737 2.2773681 3488062
-0.39525884 0.58734596 2.2749157 3488062
-0.38567996 0.58672315 2.2740936 3488062
-0.37546635 0.58542627 2.274375 3488062
-0.36553496 0.58321029 2.2763968 3488318
-0.35503915 0.58283532 2.2749331 3488318
-0.34455588 0.58246076 2.2734711 3488318
-0.33447048 0.58070517 2.2746189 3488318
-0.32400191 0.58033204 2.2731571 3488319
-0.31772724 0.5801084 2.2722814 3488319
0.3649466 0.58022368 2.2727327 3290681
0.37544021 0.5805977 2.2741978 3290682
0.38550261 0.58235222 2.2730477 3290682
0.39507744 0.58297372 2.2738714 3290682
0.40536118 0.58278233 2.2763286 3356474
0.41552949 0.58482075 2.2746804 3356475
0.42546406 0.58629388 2.2740188 3356475
0.43505928 0.58691686 2.2748442 3356475
0.44465965 0.58754051 2.2756693 3356475
0.45387825 0.58805782 2.2766111 3356475
0.46409208 0.58935553 2.2763281 3356475
0.47466633 0.58973604 2.2777977 3356475
-0.51401615 0.59831452 2.279166 4740450
-0.50553143 0.59800637 2.2779918 4740449
-0.49493816 0.59762162 2.2765262 4147281
-0.48435766 0.59723723 2.2750621 3422525
-0.47529078 0.59524167 2.2768579 3422525
-0.46493053 0.59542149 2.2744064 3422525
-0.45532858 0.59479594 2.2735844 3422525
-0.44546697 0.59258658 2.2756083 3422525
-0.43475825 0.59266537 2.2732701 3422525
-0.42423236 0.5922848 2.2718105 3422526
-0.41371912 0.59190464 2.2703526 3422526
0.45670131 0.59186852 2.2702138 3356475
0.46513343 0.5921734 2.271383 3356475
0.4756844 0.59255481 2.2728462 3356475
0.48469433 0.59148866 2.2766438 3356475
0.49510127 0.59436619 2.2735085 3356476
0.5047195 0.59499192 2.2743335 3356476
0.51434302 0.59561837 2.2751584 3356476
0.52379042 0.59568322 2.2769752 3356476
0.53379124 0.5974353 2.2758164 3356476
0.54440808 0.59782088 2.2772856 3356476
0.55503774 0.59820706 2.2787566 3356476
0.56142211 0.59843892 2.2796397 3356475
-1.3127069 0.60191417 2.2772269 10197915
-1.3050915 0.6032958 2.2746992 10197915
-1.294831 0.60329562 2.2746987 10197915
-1.2855147 0.6035707 2.2741885 10197915
-1.275417 0.60301983 2.2752059 10197915
-1.2650012 0.60357165 2.2741921 10197915
-1.254892 0.60301971 2.2752056 10197915
-1.2444836 0.60357082 2.2741885 10197915
-1.2343669 0.6030196 2.2752051 10197915
-1.2250612 0.60329527 2.2746973 10197915
-1.2157656 0.60357285 2.2741961 10197915
-1.2056301 0.60301864 2.2752016 10197915
-1.1952486 0.60357225 2.274194 10197915
-1.1851045 0.60301822 2.2752004 10197915
-1.1747301 0.60357088 2.274189 10197915
-1.1645806 0.60301864 2.2752018 10197915
-1.1552932 0.60329586 2.2746997 10197915
-1.1450312 0.60329491 2.2746961 10197915
-1.1347693 0.60329401 2.2746928 10197915
-1.1254934 0.60357141 2.2741911 10197915
-1.1153219 0.60301924 2.2752042 10197915
-1.1049775 0.6035713 2.2741909 10197915
-1.0947945 0.60301799 2.2751994 10197915
-1.0844622 0.60357153 2.2741914 10197915
-1.0742718 0.60301912 2.2752037 10197915
-1.0650033 0.60329568 2.2746987 10197915
-1.0557381 0.60357046 2.2741873 10197915
-1.0455374 0.60301942 2.2752044 10197915
-1.0352246 0.60357171 2.2741921 10197915
-1.0250127 0.6030196 2.2752051 10197915
-1.0147061 0.6035701 2.2741864 10197915
-1.0044882 0.60301971 2.2752059 10197915
-0.9941929 0.60357171 2.2741919 10197915
-0.98497641 0.60329574 2.274699 10197915
-0.97575057 0.60301811 2.2751994 10197915
-0.96547067 0.60357153 2.2741914 10197915
-0.95522702 0.60301888 2.2752025 10197915
-0.94495595 0.60357225 2.274194 10197915
-0.93470097 0.60301816 2.2751999 10197915
-0.92443895 0.60357141 2.2741911 10197915
-0.91417706 0.60301882 2.275202 10197915
-0.90494525 0.60329604 2.2747002 10197915
-0.89571685 0.60357136 2.2741909 10197915
-0.88544238 0.60301888 2.2752028 10197915
-0.87520063 0.60357106 2.2741897 10197915
-0.86491948 0.60302019 2.2752078 10197915
-0.85468501 0.60357112 2.2741902 10197915
-0.84439278 0.60301906 2.2752032 10197915
-0.83416927 0.60357118 2.2741902 10197915
-0.82491934 0.60329694 2.2747035 10197915
-0.81565779 0.60301888 2.2752025 10197915
-0.8054471 0.60357112 2.2741899 10197915
-0.79513276 0.60301882 2.2752023 10197915
-0.78493297 0.60357231 2.2741942 10197915
-0.77460808 0.60301894 2.275203 10197915
-0.76441604 0.60357141 2.2741909 10197915
-0.75514823 0.60329545 2.2746983 10197915
-0.74587375 0.6030193 2.2752042 10197915
-0.73569459 0.60357189 2.2741928 10197915
-0.72534782 0.60301852 2.2752013 10197915
-0.71517885 0.60357201 2.274193 10197915
-0.70482439 0.60301971 2.2752059 10197915
-0.69466341 0.60357225 2.2741942 10197915
-0.68537748 0.60329407 2.2746925 10197915
-0.67511958 0.60329598 2.2747002 10197915
-0.66485739 0.60329425 2.2746935 10197915
-0.65556294 0.60301816 2.2751999 10197915
-0.64542407 0.60357088 2.274189 10197915
-0.63503987 0.60301983 2.2752063 10197915
-0.62490815 0.60357064 2.2741883 10197915
-0.61451375 0.60301864 2.275202 10197915
-0.60439229 0.60357052 2.2741878 10197915
-0.59509003 0.60329592 2.2746997 10197915
-0.58482885 0.60329491 2.2746956 10197915
-0.57456857 0.60329473 2.2746952 10197915
-0.56525415 0.60301888 2.2752025 10197915
-0.55515623 0.60357237 2.2741947 10197915
-0.54472905 0.60301864 2.2752013 10197915
-0.53455478 0.60347521 2.2738283 6977669
-0.52494597 0.60286504 2.2730753 4740193
-0.51495337 0.60112005 2.2742226 4476761
-0.50437069 0.60073388 2.2727616 4476761
-0.49591464 0.6004253 2.271594 4542812
-0.48746735 0.60011697 2.2704277 3488318
0.53468096 0.60023499 2.270874 3356476
0.54527444 0.60062158 2.2723365 3356476
0.5537594 0.60093117 2.2735081 3356476
0.56511396 0.60203564 2.2738123 3356475
0.57434857 0.60306334 2.2738233 3356475
0.58482164 0.60328734 2.2746675 3618616
0.59508467 0.60329044 2.2746792 3684408
0.60438859 0.60356677 2.2741737 3684408
0.61450911 0.60301411 2.2751846 3684408
0.62490416 0.60356677 2.2741737 3684408
0.63503379 0.60301411 2.2751846 3684408
0.64541972 0.60356677 2.2741737 3684408
0.65555847 0.60301411 2.2751846 3684408
0.66485322 0.60329044 2.2746792 3684408
0.67511326 0.60329044 2.2746792 3684408
0.68537337 0.60329044 2.2746792 3684408
0.69465721 0.60356677 2.2741737 3684408
0.70481783 0.60301411 2.2751846 3684408
0.71517283 0.60356677 2.2741737 3684408
0.72534263 0.60301411 2.2751846 3684408
0.73568839 0.60356677 2.2741737 3684408
0.74586731 0.60301411 2.2751846 3684408
0.75514197 0.60329044 2.2746792 3684408
0.76441026 0.60356677 2.2741737 3684408
0.77460188 0.60301411 2.2751846 3684408
0.78492582 0.60356677 2.2741737 3684408
0.79512656 0.60301411 2.2751846 3684408
0.8054415 0.60356677 2.2741737 3684408
0.8156513 0.60301411 2.2751846 3684408
0.82491052 0.60329044 2.2746792 3684408
0.83416331 0.60356677 2.2741737 3684408
0.84438592 0.60301411 2.2751846 3684408
0.85467893 0.60356677 2.2741737 3684408
0.86491072 0.60301411 2.2751846 3684408
0.87519443 0.60356677 2.2741737 3684408
0.8854354 0.60301411 2.2751846 3684408
0.89571011 0.60356677 2.2741737 3684408
0.90493685 0.60329044 2.2746792 3684408
0.91416997 0.60301411 2.2751846 3684408
0.92443192 0.60356677 2.2741737 3684408
0.93469465 0.60301411 2.2751846 3684408
0.94494754 0.60356677 2.2741737 3684408
0.95521945 0.60301411 2.2751846 3684408
0.96546316 0.60356677 2.2741737 3684408
0.97574413 0.60301411 2.2751846 3684408
0.98496777 0.60329044 2.2746792 3684408
0.99418497 0.60356677 2.2741737 3684408
1.0044787 0.60301411 2.2751846 3684408
1.0147007 0.60356677 2.2741737 3684408
1.0250036 0.60301411 2.2751846 3684408
1.0352161 0.60356677 2.2741737 3684408
1.0455282 0.60301411 2.2751846 3684408
1.0557318 0.60356677 2.2741737 3684408
1.0649941 0.60329044 2.2746792 3684408
1.0742629 0.60301411 2.2751846 3684408
1.0844537 0.60356677 2.2741737 3684408
1.0947876 0.60301411 2.2751846 3684408
1.1049693 0.60356677 2.2741737 3684408
1.1153123 0.60301411 2.2751846 3684408
1.1254848 0.60356677 2.2741737 3684408
1.1347628 0.60329044 2.2746792 3684408
1.1450227 0.60329044 2.2746792 3684408
1.1552829 0.60329044 2.2746792 3684408
1.1645715 0.60301411 2.2751846 3684408
1.1747223 0.60356677 2.2741737 3684408
1.1850964 0.60301411 2.2751846 3684408
1.1952379 0.60356677 2.2741737 3684408
1.2056211 0.60301411 2.2751846 3684408
1.2157534 0.60356677 2.2741737 3684408
1.2250514 0.60329044 2.2746792 3684408
1.2343557 0.60301411 2.2751846 3684408
1.2444754 0.60356677 2.2741737 3684408
1.2548803 0.60301411 2.2751846 3684408
1.2649909 0.60356677 2.2741737 3684408
1.2754052 0.60301411 2.2751846 3684408
1.2855065 0.60356677 2.2741737 3684408
1.2948198 0.60329044 2.2746792 3684408
1.3050801 0.60329044 2.2746792 3684408
1.3126951 0.60190874 2.2772064 3684408
-0.033042304 0.53899825 2.2892132 3093044
-0.024768975 0.53871936 2.2880287 3092788
0.068111181 0.53869754 2.287936 2829357
0.074332304 0.53890729 2.2888267 2829100
0.080557726 0.5391171 2.2897179 2829100
-0.1042146 0.54788524 2.2875261 3290681
-0.094816171 0.54828084 2.2848763 3290425
-0.084455989 0.54792702 2.2834017 3224888
-0.073559158 0.54516679 2.2862222 3224631
-0.065992147 0.54443067 2.2860193 3224631
-0.05564541 0.54407912 2.2845435 3158838
-0.045311131 0.54372799 2.2830689 3158837
-0.035031397 0.5419454 2.2842262 3093044
-0.024711851 0.54159558 2.282752 3092788
0.067953683 0.54157025 2.2826452 2697513
0.074160345 0.54178059 2.2835317 2895150
0.085500538 0.54288197 2.2838387 2829614
0.094773553 0.5439139 2.2838495 2829357
0.10514352 0.54426628 2.2853291 2829356
0.11552602 0.54461902 2.2868104 2829357
0.12649 0.54757416 2.2836471 2829357
0.13601685 0.54818565 2.2844796 2895150
0.14433503 0.54846972 2.2856636 2895150
0.15283871 0.54732686 2.2894979 2895151
-0.22101571 0.55976874 2.2897007 3488318
-0.2147359 0.55955148 2.2888122 3488318
-0.20428036 0.55918974 2.2873323 3488062
-0.19383745 0.55882847 2.2858546 3422526
-0.18493956 0.55756921 2.2863362 3422525
-0.17527777 0.55676001 2.2858386 3422525
-0.1648604 0.55640054 2.2843623 3422269
-0.15532367 0.55578661 2.2835326 3422268
-0.14439966 0.55284095 2.2866867 3356732
-0.1360779 0.55255526 2.2855051 3356475
-0.12568824 0.55219859 2.2840292 3356475
-0.11604593 0.55139178 2.2835312 3290682
-0.10714269 0.55013514 2.2840073 3290682
0.15456611 0.55025274 2.2844956 2895151
0.16478625 0.55203068 2.283335 2895407
0.17519921 0.55238819 2.2848139 2960944
0.18562475 0.55274606 2.2862942 2961200
0.19478986 0.55448842 2.2849827 2961201
0.20483391 0.55597705 2.2843151 2961201
0.21439213 0.55659187 2.2851479 3026994
0.22484551 0.55695266 2.286629 3026994
0.23503885 0.55873203 2.2854602 3027251
0.24550702 0.55909419 2.2869415 3092787
0.25598788 0.55945683 2.288425 3093044
0.26438275 0.55974734 2.289613 3093045
-0.29328266 0.56797647 2.2894809 3488319
-0.28487372 0.56768262 2.2882962 3488319
-0.2743752 0.56731564 2.2868173 3488319
-0.26567677 0.56842655 2.2830019 3488319
-0.25580627 0.56524634 2.2868011 3488319
-0.24533337 0.56488127 2.2853241 3488319
-0.23487312 0.56451654 2.2838488 3488319
-0.22559944 0.56348455 2.2838378 3488318
-0.21424049 0.56238061 2.2835317 3488318
-0.20589417 0.5620904 2.2823534 3488062
-0.19547383 0.561728 2.2808819 3422526
0.2365832 0.56162792 2.2804756 3092787
0.24493957 0.56191856 2.2816556 3092787
0.25539583 0.5622822 2.2831321 3093044
0.26377094 0.56257343 2.2843146 3093044
0.27483606 0.56409276 2.2838001 3158581
0.2844176 0.56471038 2.2846324 3158838
0.29491404 0.56507629 2.286113 3158838
0.30460325 0.56588775 2.2866127 3224631
0.31434894 0.5678829 2.2849569 3224631
0.3261044 0.5675863 2.2879081 3224632
0.33453375 0.56788093 2.2890959 3224888
0.34086123 0.56810206 2.2899871 3224888
-0.39002094 0.57987237 2.287523 3488062
-0.38368154 0.57964754 2.2866359 3488062
-0.37523633 0.57934797 2.2854543 3488062
-0.36511421 0.57757831 2.2866201 3488318
-0.35457063 0.57720518 2.2851429 3488318
-0.3449617 0.57658356 2.2843125 3488318
-0.33495837 0.57510042 2.2849779 3488318
-0.32587323 0.57336903 2.2862864 3488319
-0.31535745 0.57299876 2.2848098 3488319
-0.30485433 0.57262886 2.283335 3488319
-0.29470497 0.57086068 2.2844927 3488319
-0.2842167 0.57049239 2.2830186 3488319
-0.27583611 0.57019794 2.2818403 3488319
0.31694955 0.57009709 2.2814367 3224631
0.32535031 0.57039213 2.2826176 3224632
0.33375978 0.57068753 2.2837996 3224888
0.34480661 0.57220471 2.2832856 3224888
0.35441154 0.57282513 2.2841175 3290425
0.36495093 0.57319623 2.2855973 3290681
0.37465325 0.57400924 2.2860968 3290682
0.38517678 0.57673186 2.2832689 3290682
0.39573127 0.57710528 2.2847476 3290682
0.40418506 0.57740444 2.2859318 3356474
0.41346502 0.5784384 2.2859402 3356475
0.42486477 0.57954818 2.2862439 3356475
0.43333921 0.57984877 2.2874298 3356475
-0.48133346 0.58875555 2.2899685 3422525
-0.47495186 0.58852696 2.2890797 3422525
-0.46432683 0.58814645 2.2875993 3422525
-0.45371467 0.58776635 2.2861211 3422525
-0.44487056 0.5865131 2.2866032 3422525
-0.43515101 0.58569759 2.2861054 3422525
-0.4245646 0.58531934 2.2846289 3422526
-0.4149324 0.5846948 2.2837987 3422526
-0.40436578 0.58178878 2.2869537 3488062
-0.39590865 0.58148807 2.2857716 3488062
-0.38490543 0.58250284 2.2816603 3488062
-0.37647718 0.58220237 2.2804835 3488062
0.41754773 0.58209854 2.2800767 3356475
0.42388296 0.58232433 2.280961 3356475
0.43576473 0.58204448 2.2839079 3356475
0.44555137 0.5816893 2.2865627 3356475
0.45605764 0.58459276 2.2834001 3356475
0.46570358 0.58521771 2.2842324 3356475
0.47419173 0.58552098 2.2854161 3356475
0.48385102 0.58614701 2.2862487 3356475
0.49487633 0.58766532 2.2857282 3356476
0.5055142 0.58804631 2.28721 3356476
0.51616502 0.58842778 2.2886939 3356476
0.52256209 0.5886569 2.2895849 3356732
-1.314098 0.59746552 2.2853642 10197915
-1.3047372 0.59774566 2.2848594 10197915
-1.2953762 0.5980227 2.2843428 10197915
-1.285235 0.59746557 2.2853646 10197915
-1.2747698 0.59802318 2.2843444 10197915
-1.2646207 0.59746659 2.2853687 10197915
-1.2552657 0.59774441 2.2848547 10197915
-1.2449594 0.59774417 2.2848537 10197915
-1.2346534 0.59774417 2.2848537 10197915
-1.2253139 0.59802401 2.2843478 10197915
-1.2151387 0.59746563 2.2853646 10197915
-1.2047045 0.59802306 2.284344 10197915
-1.1945213 0.59746516 2.2853627 10197915
-1.1851827 0.59774321 2.2848499 10197915
-1.1758547 0.5980233 2.2843449 10197915
-1.1656574 0.59746486 2.2853618 10197915
-1.1552478 0.59802353 2.2843456 10197915
-1.1450404 0.59746456 2.2853608 10197915
-1.1346395 0.59802306 2.284344 10197915
-1.1244247 0.59746492 2.2853622 10197915
-1.1151053 0.59774482 2.2848558 10197915
-1.1057879 0.59802234 2.2843411 10197915
-1.0955614 0.59746492 2.2853618 10197915
-1.0851808 0.5980224 2.2843413 10197915
-1.0749476 0.59746635 2.2853673 10197915
-1.064573 0.59802216 2.2843409 10197915
-1.0543286 0.59746498 2.2853622 10197915
-1.0450228 0.59774381 2.2848523 10197915
-1.0357251 0.59802359 2.2843461 10197915
-1.025466 0.59746528 2.2853637 10197915
-1.0151157 0.59802234 2.2843413 10197915
-1.0048487 0.59746498 2.2853622 10197915
-0.99451077 0.59802377 2.2843468 10197915
-0.98423225 0.59746498 2.2853622 10197915
-0.97494113 0.59774321 2.2848499 10197915
-0.96565896 0.59802282 2.2843432 10197915
-0.95537013 0.59746563 2.2853646 10197915
-0.94505227 0.59802324 2.2843444 10197915
-0.93475139 0.59746426 2.2853594 10197915
-0.92444515 0.59802341 2.2843451 10197915
-0.91413724 0.59746569 2.2853651 10197915
-0.9048627 0.59774458 2.2848551 10197915
-0.89559257 0.59802186 2.2843394 10197915
-0.88527411 0.59746581 2.2853656 10197915
-0.87498713 0.59802312 2.2843444 10197915
-0.8646577 0.59746587 2.2853656 10197915
-0.8543781 0.59802204 2.2843401 10197915
-0.8450911 0.59774506 2.284857 10197915
-0.8357935 0.59746516 2.285363 10197915
-0.82553053 0.59802389 2.2843473 10197915
-0.81517678 0.59746504 2.2853627 10197915
-0.80492198 0.59802312 2.2843442 10197915
-0.79456085 0.59746546 2.2853642 10197915
-0.78431565 0.59802383 2.2843471 10197915
-0.77500862 0.59774369 2.284852 10197915
-0.76569712 0.59746516 2.285363 10197915
-0.75546396 0.59802276 2.2843428 10197915
-0.74508256 0.59746665 2.2853689 10197915
-0.73485649 0.59802276 2.2843428 10197915
-0.72446448 0.59746546 2.2853642 10197915
-0.71424943 0.59802294 2.2843435 10197915
-0.70493031 0.59774554 2.2848592 10197915
-0.69560134 0.59746546 2.2853642 10197915
-0.68539923 0.59802294 2.2843435 10197915
-0.67498446 0.59746516 2.2853627 10197915
-0.66479057 0.59802181 2.2843392 10197915
-0.65545994 0.59774411 2.2848537 10197915
-0.64515376 0.59774393 2.2848527 10197915
-0.63484806 0.59774429 2.2848542 10197915
-0.62550366 0.5974642 2.2853589 10197915
-0.61533421 0.59802294 2.2843435 10197915
-0.6048882 0.59746516 2.285363 10197915
-0.5947274 0.59802347 2.2843454 10197915
-0.58537853 0.59774327 2.2848504 10197915
-0.57507282 0.59774369 2.2848518 10197915
-0.56476665 0.59774345 2.2848511 10197915
-0.55540931 0.59746593 2.2853661 10197915
-0.54526865 0.59802234 2.2843413 10197915
-0.53471148 0.59737474 2.2850165 6647930
-0.52426749 0.5975728 2.2826238 4806243
-0.51488894 0.59463042 2.2860887 4278868
-0.50515634 0.59381312 2.2855906 4938086
-0.49452707 0.59342974 2.2841151 4410712
-0.48487163 0.59280252 2.2832854 3422525
-0.47385597 0.59128952 2.2837977 3422525
-0.46537471 0.59098434 2.2826192 3422525
-0.45478585 0.59060335 2.2811477 3422525
0.49373308 0.59042215 2.2804477 3356476
0.50434566 0.59080404 2.2819228 3356476
0.51497102 0.5911864 2.2833996 3356476
0.52636981 0.59229439 2.2837067 3356476
0.53564435 0.59332645 2.2837172 3356476
0.54531884 0.59395492 2.284549 3356476
0.55581403 0.5937745 2.287029 3356476
0.56633413 0.59722495 2.2828684 3356475
0.575858 0.59729129 2.2846978 3356474
0.5853762 0.59774101 2.2848415 3684408
0.5947237 0.59801978 2.2843316 3684408
0.60488522 0.59746218 2.2853515 3684408
0.61533099 0.59801978 2.2843316 3684408
0.62550163 0.59746218 2.2853515 3684408
0.6348446 0.59774101 2.2848415 3684408
0.64515048 0.59774095 2.2848415 3684408
0.65545642 0.59774101 2.2848415 3684408
0.66478837 0.59801978 2.2843316 3684408
0.67498112 0.59746218 2.2853515 3684408
0.6853956 0.59801978 2.2843316 3684408
0.69559759 0.59746218 2.2853515 3684408
0.70492488 0.59774101 2.2848415 3684408
0.71424568 0.59801978 2.2843316 3684408
0.72446054 0.59746218 2.2853515 3684408
0.73485297 0.59801978 2.2843316 3684408
0.74507695 0.59746218 2.2853515 3684408
0.7554602 0.59801978 2.2843316 3684408
0.76569337 0.59746218 2.2853515 3684408
0.7750051 0.59774101 2.2848415 3684408
0.78431034 0.59801978 2.2843316 3684408
0.7945565 0.59746218 2.2853515 3684408
0.80491751 0.59801978 2.2843316 3684408
0.81517297 0.59746218 2.2853515 3684408
0.82552481 0.59801978 2.2843316 3684408
0.83578938 0.59746218 2.2853515 3684408
0.84508532 0.59774101 2.2848415 3684408
0.854375 0.59801978 2.2843316 3684408
0.86465234 0.59746218 2.2853515 3684408
0.87498218 0.59801978 2.2843316 3684408
0.88526881 0.59746218 2.2853515 3684408
0.89558935 0.59801978 2.2843316 3684408
0.90588522 0.59746218 2.2853515 3684408
0.9151656 0.59774101 2.2848415 3684408
0.92443955 0.59801978 2.2843316 3684408
0.93474829 0.59746218 2.2853515 3684408
0.94504678 0.59801978 2.2843316 3684408
0.95536458 0.59746218 2.2853515 3684408
0.96565402 0.59801978 2.2843316 3684408
0.97493768 0.59774101 2.2848415 3684408
0.98422766 0.59746218 2.2853515 3684408
0.99450415 0.59801978 2.2843316 3684408
1.0048441 0.59746218 2.2853515 3684408
1.0151113 0.59801978 2.2843316 3684408
1.0254606 0.59746218 2.2853515 3684408
1.0357186 0.59801978 2.2843316 3684408
1.0450178 0.59774101 2.2848415 3684408
1.0543236 0.59746218 2.2853515 3684408
1.0645688 0.59801978 2.2843316 3684408
1.07494 0.59746218 2.2853515 3684408
1.0851759 0.59801978 2.2843316 3684408
1.0955565 0.59746218 2.2853515 3684408
1.1057831 0.59801978 2.2843316 3684408
1.1150981 0.59774101 2.2848415 3684408
1.1244195 0.59746218 2.2853515 3684408
1.1346333 0.59801978 2.2843316 3684408
1.145036 0.59746218 2.2853515 3684408
1.1552405 0.59801978 2.2843316 3684408
1.1656523 0.59746218 2.2853515 3684408
1.1758478 0.59801978 2.2843316 3684408
1.1851784 0.59774101 2.2848415 3684408
1.1945155 0.59746218 2.2853515 3684408
1.204698 0.59801978 2.2843316 3684408
1.2151318 0.59746218 2.2853515 3684408
1.2253052 0.59801978 2.2843316 3684408
1.2346468 0.59774101 2.2848415 3684408
1.2449526 0.59774095 2.2848415 3684408
1.2552586 0.59774101 2.2848415 3684408
1.2646112 0.59746218 2.2853515 3684408
1.2747625 0.59801978 2.2843316 3684408
1.2852275 0.59746218 2.2853515 3684408
1.2953699 0.59801978 2.2843316 3684408
1.3047271 0.59774101 2.2848415 3684408
1.3140906 0.59746218 2.2853515 3684408
-0.064293168 0.53715307 2.2989929 3159095
-0.055058368 0.53858167 2.2944858 3158838
-0.045521118 0.53797126 2.2936492 3158837
-0.035190187 0.53617489 2.294821 3093044
-0.024855185 0.53437829 2.2959924 3092788
0.068348914 0.53436184 2.2959216 2763563
0.074591853 0.53457057 2.2968185 2763563
0.085660592 0.53755248 2.2936275 2763564
0.095214158 0.53816301 2.2944672 2829100
0.10482413 0.53819621 2.2963753 2829356
0.11410873 0.53734839 2.299829 2829357
-0.18048963 0.54976726 2.2997062 3422525
-0.17419818 0.54955292 2.2988098 3422525
-0.16581684 0.54926741 2.2976155 3422269
-0.15535288 0.54891092 2.2961245 3422268
-0.1443159 0.54757291 2.2963126 3356732
-0.13462083 0.54676241 2.2958102 3356475
-0.1241844 0.54640782 2.2943215 3356475
-0.11584535 0.54612446 2.2931316 3356218
-0.10481892 0.54315329 2.2963116 3290681
-0.095255926 0.54254073 2.2954738 3290425
-0.08484745 0.54218894 2.2939856 3224888
-0.075172074 0.54138082 2.2934825 3224631
-0.066221468 0.54011667 2.2939632 3224631
0.10967519 0.54009861 2.2938864 2829357
0.11592872 0.54030943 2.2947817 2829357
0.1241298 0.54202986 2.2933125 2829357
0.13456185 0.54238248 2.2948043 2829614
0.14500657 0.54273546 2.2962976 2895150
0.15528139 0.54452723 2.2951229 2895151
0.16555214 0.54631877 2.2939475 2895407
0.17513457 0.54693288 2.2947865 2960944
0.18527316 0.5467003 2.2972891 2960944
0.19465165 0.54875124 2.2954562 2961201
0.20513938 0.54910851 2.2969506 2961201
0.21563984 0.54946625 2.2984471 3026994
0.22405045 0.54975271 2.2996454 3026994
-0.25307626 0.55801177 2.2994845 3488319
-0.2446515 0.55772185 2.2982898 3488319
-0.23623544 0.55743212 2.2970958 3488319
-0.22559738 0.55778122 2.2942774 3488318
-0.21548358 0.55528152 2.2967815 3488318
-0.20499118 0.55492121 2.2952912 3488062
-0.19451146 0.55456144 2.293803 3422526
-0.18519756 0.55352497 2.2937922 3422525
-0.17379457 0.55241758 2.2934833 3422525
-0.16543284 0.55213118 2.2922945 3422269
-0.15499334 0.55177373 2.2908103 3422268
0.19629124 0.5516817 2.2904282 2961201
0.20466311 0.55196834 2.2916181 2961201
0.21513891 0.55232704 2.2931075 3026994
0.22562921 0.55268627 2.2945991 3026994
0.23585828 0.55447078 2.2934282 3027251
0.24426103 0.55475926 2.2946215 3092787
0.25477722 0.55512041 2.2961149 3092788
0.26450002 0.55593318 2.2966187 3093045
0.2743175 0.5579443 2.2949486 3158581
0.28607249 0.55763352 2.2979257 3158838
0.2945179 0.55792427 2.2991238 3158838
-0.3502714 0.56996828 2.2975097 3488318
-0.34391981 0.56974626 2.2966146 3488318
-0.3354584 0.5694505 2.2954226 3488319
-0.32527176 0.56766808 2.2965987 3488319
-0.31470805 0.56729972 2.2951088 3488319
-0.30507177 0.566679 2.294271 3488319
-0.29501307 0.5651865 2.2949424 3488319
-0.28586537 0.56344187 2.296262 3488319
-0.27532968 0.56307644 2.2947724 3488319
-0.26480678 0.56271142 2.2932851 3488319
-0.25459278 0.56093049 2.2944527 3488319
-0.24408475 0.5605669 2.2929654 3488319
-0.23568849 0.56027639 2.2917771 3488319
-0.22939675 0.56005871 2.2908869 3488318
0.27699137 0.56018353 2.2913976 3158581
0.28540808 0.56047475 2.2925887 3158838
0.29383352 0.56076628 2.2937813 3158838
0.30525428 0.56187516 2.294091 3158838
0.31456998 0.56291181 2.294102 3224631
0.32512954 0.56327808 2.2955945 3224631
0.33486557 0.56409252 2.2960985 3224888
0.34548181 0.5668394 2.2932448 3224888
0.35487115 0.56688154 2.2950912 3290425
0.36452943 0.56750321 2.2959318 3290681
0.37384984 0.56854171 2.2959404 3290681
0.3852942 0.56965506 2.296247 3290682
0.39166129 0.56987751 2.2971439 3290682
-0.44194031 0.57887954 2.2999763 3422525
-0.43554616 0.57865381 2.2990794 3422526
-0.42490038 0.57827806 2.2975867 3422526
-0.41426748 0.57790279 2.2960954 3422526
-0.40411553 0.57612413 2.2972713 3488062
-0.39468122 0.57607579 2.2954273 3488062
-0.3850162 0.57545149 2.2945902 3488062
-0.37535644 0.57482791 2.2937527 3488062
-0.36468875 0.57189548 2.2969353 3488318
-0.35621536 0.57159859 2.295743 3488318
-0.34523585 0.57263559 2.2915952 3488318
-0.33679152 0.572339 2.2904084 3488319
0.37805241 0.57224327 2.2900255 3290682
0.38440001 0.57246625 2.2909179 3290682
0.39521992 0.57213521 2.2937403 3290682
0.4048844 0.57147813 2.2969232 3356218
0.41572571 0.57498425 2.292726 3356475
0.42516947 0.57503307 2.2945714 3356475
0.43485129 0.57565755 2.2954116 3356475
0.44453841 0.57628268 2.2962518 3356475
0.455621 0.57780993 2.2957265 3356475
0.46414661 0.57811087 2.2969222 3356475
0.47481665 0.57848746 2.2984188 3356475
0.48336157 0.57878917 2.2996173 3356475
-0.51300126 0.58894926 2.2961011 4476762
-0.50536245 0.58820611 2.2958965 4674399
-0.4956533 0.58757746 2.2950583 4872036
-0.48615193 0.58751988 2.2932174 3817800
-0.47446966 0.58428156 2.296752 3422525
-0.46498102 0.58422673 2.2949083 3422525
-0.45529252 0.58359951 2.2940717 3422525
-0.44597632 0.5825628 2.2940609 3422525
-0.43453687 0.58145142 2.293752 3422526
-0.42603904 0.58114994 2.292563 3422526
-0.4154295 0.58077359 2.2910783 3422526
0.45456386 0.58060163 2.2904 3356475
0.46519729 0.58097881 2.2918878 3356475
0.47584364 0.58135647 2.2933774 3356475
0.48612523 0.58266193 2.2930944 3356475
0.49543595 0.58318079 2.2940516 3356475
0.50514132 0.58380818 2.2948918 3356476
0.51485193 0.58443618 2.2957313 3356476
0.52484334 0.58592004 2.2950621 3356476
0.53501403 0.58797592 2.2933822 3356476
0.54553866 0.58778828 2.2958817 3356476
0.55527008 0.58841777 2.2967231 3356476
-1.3221302 0.59167755 2.2959712 10197915
-1.3147359 0.59214753 2.2951179 10197915
-1.3053341 0.59242862 2.2946024 10197915
-1.2951481 0.59186482 2.2956271 10197915
-1.2846334 0.59242833 2.294601 10197915
-1.274441 0.59186578 2.2956307 10197915
-1.265044 0.59214699 2.2951157 10197915
-1.2556508 0.59242696 2.294596 10197915
-1.2454488 0.59186614 2.2956319 10197915
-1.234954 0.59242851 2.2946014 10197915
-1.2247393 0.5918659 2.2956309 10197915
-1.2153512 0.5921461 2.2951121 10197915
-1.2050012 0.59214729 2.2951167 10197915
-1.1946468 0.59214616 2.2951121 10197915
-1.1852719 0.59242725 2.2945971 10197915
-1.1750361 0.5918653 2.2956285 10197915
-1.1645749 0.5924288 2.2946029 10197915
-1.1543267 0.59186518 2.2956283 10197915
-1.144956 0.59214616 2.2951121 10197915
-1.1355937 0.59242809 2.2946 10197915
-1.125335 0.59186572 2.2956302 10197915
-1.1148937 0.59242803 2.2945998 10197915
-1.1046231 0.59186435 2.295625 10197915
-1.0952669 0.59214705 2.2951157 10197915
-1.0859144 0.59242815 2.2946005 10197915
-1.0756328 0.59186566 2.29563 10197915
-1.0652121 0.5924269 2.2945957 10197915
-1.0549232 0.59186542 2.295629 10197915
-1.0445142 0.59242791 2.2945995 10197915
-1.034215 0.59186602 2.2956314 10197915
-1.0248703 0.59214628 2.2951126 10197915
-1.0155346 0.59242809 2.2946002 10197915
-1.0052208 0.59186506 2.2956281 10197915
-0.99483556 0.59242857 2.2946022 10197915
-0.98451006 0.59186423 2.2956245 10197915
-0.97518057 0.59214693 2.2951155 10197915
-0.96585435 0.59242773 2.2945988 10197915
-0.95552063 0.5918662 2.2956324 10197915
-0.94515419 0.59242761 2.2945981 10197915
-0.93480951 0.59186494 2.2956278 10197915
-0.92445391 0.59242737 2.2945971 10197915
-0.9151414 0.59214795 2.2951195 10197915
-0.90581685 0.59186512 2.2956281 10197915
-0.89547431 0.59242743 2.2945979 10197915
-0.88510829 0.59186548 2.2956297 10197915
-0.87477654 0.5924288 2.2946029 10197915
-0.8643986 0.59186506 2.2956281 10197915
-0.85407513 0.59242785 2.2945991 10197915
-0.84474421 0.59214675 2.295115 10197915
-0.8354066 0.59186566 2.2956302 10197915
-0.82509643 0.59242857 2.2946022 10197915
-0.81469643 0.59186494 2.2956276 10197915
-0.80439645 0.59242851 2.2946019 10197915
-0.79505426 0.59214741 2.2951174 10197915
-0.78570539 0.59186631 2.2956328 10197915
-0.77541476 0.59242707 2.2945962 10197915
-0.76499593 0.59186614 2.2956319 10197915
-0.75471699 0.59242868 2.2946024 10197915
-0.74536347 0.59214759 2.2951179 10197915
-0.73500937 0.5921461 2.2951119 10197915
-0.72465873 0.59214735 2.2951174 10197915
-0.71529287 0.59186524 2.2956285 10197915
-0.70503747 0.59242898 2.2946033 10197915
-0.69458318 0.59186476 2.2956269 10197915
-0.68433714 0.59242857 2.2946019 10197915
-0.67496729 0.59214687 2.2951152 10197915
-0.66559029 0.59186471 2.2956264 10197915
-0.65535629 0.59242767 2.2945986 10197915
-0.6448819 0.59186542 2.295629 10197915
-0.63465679 0.59242797 2.2945998 10197915
-0.6252743 0.59214485 2.2951074 10197915
-0.61492401 0.59214669 2.2951145 10197915
-0.60457158 0.59214664 2.295114 10197915
-0.5951798 0.59186518 2.2956283 10197915
-0.58497584 0.59242666 2.2945943 10197915
-0.574471 0.59186554 2.29563 10197915
-0.56427735 0.59242809 2.2946002 10197915
-0.55488122 0.59214711 2.2951159 10197915
-0.54547703 0.59186435 2.2956252 10197915
-0.53522789 0.59235054 2.2942996 7240068
-0.52553719 0.59174395 2.2935536 4806243
-0.51912785 0.59151375 2.2926617 5004136
0.56567055 0.59132487 2.2935321 3356475
0.57539946 0.59195507 2.2943721 3356475
0.58496958 0.5924204 2.2945702 3618872
0.59517264 0.59185815 2.2956009 3684408
0.60456419 0.59213936 2.2950859 3684408
0.61491632 0.59213936 2.2950859 3684408
0.62526846 0.59213936 2.2950859 3684408
0.63464892 0.59242058 2.2945709 3684408
0.64487398 0.59185815 2.2956009 3684408
0.65534848 0.59242058 2.2945709 3684408
0.66558295 0.59185809 2.2956009 3684408
0.67495865 0.59213936 2.2950859 3684408
0.68432796 0.59242058 2.2945709 3684408
0.69457537 0.59185815 2.2956009 3684408
0.70502752 0.59242058 2.2945709 3684408
0.71528423 0.59185815 2.2956009 3684408
0.72464889 0.59213936 2.2950859 3684408
0.73500103 0.5921393 2.2950859 3684408
0.74535316 0.59213936 2.2950859 3684408
0.75470656 0.59242058 2.2945709 3684408
0.76498562 0.59185815 2.2956009 3684408
0.77540618 0.59242058 2.2945709 3684408
0.78569448 0.59185815 2.2956009 3684408
0.79504335 0.59213936 2.2950859 3684408
0.80438554 0.59242058 2.2945709 3684408
0.81468695 0.59185815 2.2956009 3684408
0.82508528 0.59242058 2.2945709 3684408
0.83539581 0.59185815 2.2956009 3684408
0.84578484 0.59242058 2.2945709 3684408
0.85508335 0.59213936 2.2950859 3684408
0.86438835 0.59185809 2.2956009 3684408
0.87476432 0.59242058 2.2945709 3684408
0.88509721 0.59185815 2.2956009 3684408
0.89546394 0.59242058 2.2945709 3684408
0.90580618 0.59185809 2.2956009 3684408
0.91512799 0.59213936 2.2950859 3684408
0.92444336 0.59242058 2.2945709 3684408
0.9347986 0.59185809 2.2956009 3684408
0.94514304 0.59242058 2.2945709 3684408
0.95550746 0.59185815 2.2956009 3684408
0.96584255 0.59242058 2.2945709 3684408
0.97516799 0.59213936 2.2950859 3684408
0.98449993 0.59185815 2.2956009 3684408
0.99482214 0.59242058 2.2945709 3684408
1.0052088 0.59185809 2.2956009 3684408
1.0155216 0.59242058 2.2945709 3684408
1.0248582 0.59213936 2.2950859 3684408
1.0342013 0.59185809 2.2956009 3684408
1.0445011 0.59242058 2.2945709 3684408
1.0549102 0.59185815 2.2956009 3684408
1.0652007 0.59242058 2.2945709 3684408
1.0756191 0.59185815 2.2956009 3684408
1.0859003 0.59242058 2.2945709 3684408
1.0952528 0.59213936 2.2950859 3684408
1.1046116 0.59185815 2.2956009 3684408
1.1148798 0.59242058 2.2945709 3684408
1.1253203 0.59185815 2.2956009 3684408
1.1355793 0.59242058 2.2945709 3684408
1.1449428 0.59213936 2.2950859 3684408
1.154313 0.59185809 2.2956009 3684408
1.1645589 0.59242058 2.2945709 3684408
1.1750219 0.59185809 2.2956009 3684408
1.1852585 0.59242058 2.2945709 3684408
1.194633 0.59213936 2.2950859 3684408
1.2049851 0.59213936 2.2950859 3684408
1.2153373 0.59213936 2.2950859 3684408
1.2247231 0.59185815 2.2956009 3684408
1.2349374 0.59242058 2.2945709 3684408
1.2454321 0.59185809 2.2956009 3684408
1.255637 0.59242058 2.2945709 3684408
1.2650276 0.59213936 2.2950859 3684408
1.2744244 0.59185809 2.2956009 3684408
1.2846165 0.59242058 2.2945709 3684408
1.2951334 0.59185809 2.2956009 3684408
1.3053162 0.59242058 2.2945709 3684408
1.3147178 0.59213936 2.2950859 3684408
1.3221148 0.59167069 2.2959442 3684408
-0.024288403 0.52807039 2.3076487 3092788
0.068671502 0.52855992 2.3067577 2763563
0.072934255 0.52721047 2.3099515 2763563
-0.13540579 0.53953713 2.3091967 3356475
-0.12490804 0.53918517 2.3076906 3356475
-0.11442488 0.53883368 2.3061864 3290682
-0.10333615 0.53748894 2.3063762 3290681
-0.095699787 0.5367471 2.30617 3290425
-0.085242562 0.5363974 2.3046677 3224888
-0.074798033 0.53604823 2.3031673 3224631
-0.06366609 0.53304994 2.3063748 3159095
-0.054076284 0.5324384 2.3055296 3158838
-0.045733053 0.53216088 2.3043282 3158837
-0.036156666 0.53155047 2.3034837 3093044
-0.027023653 0.53007931 2.3043056 3093044
0.074853003 0.5302068 2.3048596 2763563
0.085205972 0.53201079 2.3036783 2763564
0.095658854 0.53235841 2.3051834 2829100
0.10403137 0.53263682 2.3063891 2829356
0.11437239 0.53444159 2.3052037 2829357
0.12470926 0.53624624 2.304018 2829357
0.13519041 0.53659672 2.3055236 2829614
0.14492673 0.53740877 2.3060319 2895150
0.15390962 0.5386827 2.3055401 2895151
0.1644168 0.53903502 2.3070476 2895407
0.17493683 0.5393877 2.3085573 2960944
0.18125543 0.53959948 2.3094637 2960944
-0.21251696 0.54795969 2.309576 3488318
-0.20407641 0.5476737 2.3083706 3488062
-0.19564465 0.54738796 2.3071661 3488062
-0.18501003 0.54775101 2.304323 3422525
-0.17480738 0.54522932 2.306849 3422525
-0.16517316 0.54461342 2.3060026 3422269
-0.15501861 0.54485071 2.3034883 3422268
-0.14616166 0.54377788 2.3036375 3356732
-0.13509065 0.54243803 2.3038223 3356475
-0.1246175 0.54208493 2.3023229 3356475
-0.11624918 0.54180294 2.301125 3356218
-0.10997836 0.54159153 2.3002272 3290682
0.15774214 0.54171878 2.3007677 2895407
0.16613102 0.54200155 2.3019686 2895407
0.17452866 0.54228461 2.3031709 2960944
0.18503851 0.54263884 2.3046753 2960944
0.19533326 0.54443634 2.3034942 2961201
0.20496655 0.54505223 2.3043401 2961201
0.21518004 0.54481679 2.3068638 3026994
0.22457364 0.54687774 2.3050156 3026994
0.23393443 0.54791844 2.3050282 3027251
0.24568847 0.54759324 2.3080311 3092787
0.25414991 0.54787993 2.3092399 3092788
-0.31017324 0.55997717 2.3075836 3488319
-0.30380952 0.55975813 2.3066809 3488319
-0.29533195 0.55946636 2.3054786 3488319
-0.28508002 0.55767095 2.3066647 3488319
-0.27449623 0.55730754 2.3051617 3488319
-0.2648325 0.55668771 2.3043165 3488319
-0.25471792 0.55518568 2.3049939 3488319
-0.24550685 0.55342764 2.306325 3488319
-0.23495133 0.55306715 2.3048227 3488319
-0.22440864 0.55270708 2.3033221 3488318
-0.21623589 0.55098498 2.3048 3488318
-0.2057064 0.55062628 2.3032997 3488062
-0.19518968 0.55026805 2.3018012 3488062
-0.18888623 0.5500533 2.3009028 3422526
0.2366828 0.55018306 2.3014455 3027251
0.24511537 0.55047035 2.3026471 3092787
0.25566891 0.55082983 2.3041513 3092788
0.26673177 0.55216914 2.3039658 3093045
0.2743786 0.55291152 2.3041739 3158581
0.28495827 0.55327278 2.3056796 3158837
0.29472822 0.55408859 2.3061876 3158838
0.30452442 0.55711651 2.3026521 3158838
0.31483936 0.5568943 2.3051717 3224631
0.32452536 0.55751503 2.30602 3224631
0.33388653 0.55855805 2.3060284 3224888
0.34537587 0.55967492 2.3063378 3224888
0.35175529 0.5598945 2.3072429 3290425
-0.39579469 0.56869411 2.3091674 3488062
-0.38512814 0.56832314 2.3076613 3488062
-0.37447456 0.56795263 2.3061571 3488062
-0.36411545 0.56663507 2.3064468 3488318
-0.35481414 0.56612062 2.3054831 3488318
-0.34512138 0.56549722 2.3046384 3488318
-0.33543399 0.56487453 2.3037939 3488319
-0.32466388 0.5619154 2.3070045 3488319
-0.31617424 0.56162238 2.3058014 3488319
-0.30521941 0.56268209 2.3016176 3488319
-0.29675895 0.56238931 2.30042 3488319
0.338211 0.5623017 2.3000617 3224888
0.34457079 0.56252176 2.3009617 3224888
0.35538894 0.56217694 2.3038092 3290425
0.36504036 0.56150311 2.3070197 3290425
0.37600237 0.56504291 2.3027859 3290681
0.38545549 0.56508386 2.3046474 3290682
0.39516526 0.56570745 2.3054953 3290682
0.40488034 0.56633174 2.3063426 3356218
0.41602072 0.56786788 2.3058128 3356475
0.42456311 0.56816494 2.3070192 3356475
0.43525419 0.56853676 2.3085287 3356475
0.44381595 0.56883448 2.3097377 3356475
-0.47239739 0.57852829 2.3068585 3422525
-0.46479505 0.57797551 2.306313 3422525
-0.45431241 0.5781765 2.3037977 3422525
-0.44547367 0.5771057 2.3039472 3422525
-0.43397442 0.57460892 2.3061616 3422526
-0.4242498 0.57398224 2.3053164 3422526
-0.4157145 0.5736832 2.3041155 3422526
-0.40635765 0.57264197 2.3041046 3488062
-0.3948735 0.57152706 2.303793 3488062
-0.38635913 0.57122946 2.3025937 3488062
-0.37572899 0.57085794 2.301096 3488062
0.41505122 0.57069504 2.3004394 3356475
0.42570552 0.57106739 2.3019402 3356475
0.43637285 0.57144028 2.3034434 3356475
0.44491705 0.57173884 2.304647 3356475
0.45507944 0.57352144 2.3034656 3356475
0.46577296 0.57389611 2.3049705 3356475
0.47433826 0.57419616 2.3061759 3356475
0.48448807 0.57597947 2.304991 3356475
0.49463362 0.57776254 2.3038054 3356475
0.50437814 0.57839078 2.3046517 3356476
0.51492089 0.57819176 2.3071759 3356476
-1.3304739 0.58507538 2.3080482 10197915
-1.3248161 0.58649492 2.3054531 10197915
-1.3153715 0.58677959 2.3049366 10197915
-1.305143 0.58621007 2.305968 10197915
-1.2945782 0.58677942 2.3049359 10197915
-1.2843425 0.58621103 2.3059719 10197915
-1.2749028 0.58649564 2.3054557 10197915
-1.2654657 0.58677852 2.3049324 10197915
-1.2552195 0.58621109 2.3059723 10197915
-1.2446729 0.58677858 2.3049331 10197915
-1.2344196 0.58621234 2.3059773 10197915
-1.2249864 0.5864948 2.3054523 10197915
-1.2155627 0.58677864 2.3049331 10197915
-1.2052935 0.58621114 2.3059726 10197915
-1.1947674 0.58677757 2.304929 10197915
-1.1844914 0.58621132 2.3059731 10197915
-1.1750709 0.58649439 2.3054509 10197915
-1.1656605 0.58677924 2.3049352 10197915
-1.1553657 0.58621013 2.3059688 10197915
-1.1448662 0.5867787 2.3049331 10197915
-1.1345644 0.58621073 2.3059707 10197915
-1.1251585 0.58649558 2.3054554 10197915
-1.1157548 0.58677816 2.3049312 10197915
-1.1054415 0.58621097 2.3059719 10197915
-1.0949614 0.58677787 2.3049302 10197915
-1.0846406 0.58621186 2.3059754 10197915
-1.0752419 0.58649451 2.3054514 10197915
-1.0658516 0.58677816 2.3049312 10197915
-1.0555153 0.58621085 2.3059714 10197915
-1.0450606 0.58677936 2.3049359 10197915
-1.0347126 0.58621061 2.3059707 10197915
-1.024266 0.5867784 2.3049324 10197915
-1.014931 0.58649468 2.3054519 10197915
-1.0055908 0.58621168 2.3059745 10197915
-0.99515676 0.58677906 2.304935 10197915
-0.98478603 0.58621031 2.3059692 10197915
-0.97436303 0.58677876 2.3049335 10197915
-0.96501732 0.58649528 2.3054543 10197915
-0.95566493 0.58621174 2.3059747 10197915
-0.94525111 0.58677781 2.3049293 10197915
-0.93486196 0.58621138 2.3059735 10197915
-0.92446005 0.58677906 2.3049345 10197915
-0.9151032 0.58649558 2.3054557 10197915
-0.90573722 0.58621061 2.3059704 10197915
-0.8953495 0.58677882 2.304934 10197915
-0.88493538 0.58621103 2.3059716 10197915
-0.87455761 0.58677959 2.3049369 10197915
-0.86518693 0.58649457 2.3054514 10197915
-0.85581219 0.58621114 2.3059726 10197915
-0.84544504 0.58677816 2.3049312 10197915
-0.83501118 0.5862121 2.3059764 10197915
-0.82465267 0.58677858 2.3049328 10197915
-0.81527281 0.58649492 2.3054528 10197915
-0.80588591 0.58621085 2.3059711 10197915
-0.79554379 0.58677971 2.3049374 10197915
-0.78508353 0.58621091 2.3059716 10197915
-0.77474904 0.58677846 2.3049324 10197915
-0.76535833 0.58649498 2.3054533 10197915
-0.75596106 0.58621168 2.3059745 10197915
-0.74563944 0.586779 2.3049347 10197915
-0.73515713 0.58621055 2.30597 10197915
-0.72484666 0.58677924 2.3049355 10197915
-0.71435624 0.5862118 2.305975 10197915
-0.70405316 0.586779 2.3049343 10197915
-0.69464451 0.58649391 2.3054488 10197915
-0.68523252 0.58621162 2.3059745 10197915
-0.67494202 0.58677828 2.3049316 10197915
-0.66442859 0.58621031 2.305969 10197915
-0.65414858 0.58677787 2.3049302 10197915
-0.64473236 0.58649611 2.3054576 10197915
-0.63530558 0.58621067 2.3059707 10197915
-0.62503827 0.58677787 2.3049302 10197915
-0.61450279 0.58621037 2.3059697 10197915
-0.60424656 0.58677924 2.3049355 10197915
-0.59481627 0.5864948 2.3054526 10197915
-0.58537883 0.58620983 2.3059673 10197915
-0.57513535 0.58677834 2.3049321 10197915
-0.56457806 0.5862115 2.305974 10197915
-0.55434275 0.58677882 2.304934 10197915
-0.54490048 0.58649361 2.3054476 10197915
-0.53538632 0.5861364 2.3056779 7635856
-0.52485502 0.58635664 2.3032753 4806499
-0.51463187 0.58428949 2.304965 4806500
-0.50459397 0.58279824 2.3056381 4740449
-0.49484572 0.5821687 2.3047934 4608349
-0.4851028 0.58153987 2.3039486 3752007
-0.47771177 0.58156264 2.302393 3422525
0.52560866 0.58170116 2.3029416 3356476
0.53518331 0.58175552 2.3048034 3356476
0.54494882 0.58238536 2.3056512 3356476
0.55471969 0.5830158 2.3064988 3356476
0.56516701 0.58594251 2.3032818 3356475
0.57493526 0.58657366 2.3041275 3356474
0.585379 0.58620995 2.3059678 3618872
0.59481549 0.58649409 2.3054495 3684408
0.60424596 0.58677864 2.3049331 3684408
0.61450338 0.58621091 2.3059716 3684408
0.6250391 0.58677864 2.3049331 3684408
0.63530582 0.58621091 2.3059716 3684408
0.64473087 0.5864948 2.3054523 3684408
0.65414941 0.58677864 2.3049331 3684408
0.66442931 0.58621091 2.3059716 3684408
0.67494249 0.5867787 2.3049331 3684408
0.68523175 0.58621091 2.3059716 3684408
0.69464552 0.5864948 2.3054523 3684408
0.70405281 0.5867787 2.3049331 3684408
0.71435517 0.58621091 2.3059716 3684408
0.72484595 0.58677864 2.3049331 3684408
0.73515761 0.58621091 2.3059716 3684408
0.74563897 0.58677864 2.3049331 3684408
0.75596005 0.58621091 2.3059716 3684408
0.76535797 0.5864948 2.3054523 3684408
0.77474928 0.5867787 2.3049331 3684408
0.78508347 0.58621091 2.3059716 3684408
0.79554236 0.5867787 2.3049331 3684408
0.80588591 0.58621091 2.3059716 3684408
0.81527257 0.5864948 2.3054523 3684408
0.82465267 0.5867787 2.3049331 3684408
0.8350094 0.58621091 2.3059716 3684408
0.84544581 0.5867787 2.3049331 3684408
0.85581177 0.58621091 2.3059716 3684408
0.86518729 0.5864948 2.3054523 3684408
0.87455618 0.5867787 2.3049331 3684408
0.88493526 0.58621091 2.3059716 3684408
0.8953492 0.58677864 2.3049331 3684408
0.9057377 0.58621091 2.3059716 3684408
0.91510189 0.5864948 2.3054523 3684408
0.92445946 0.58677864 2.3049331 3684408
0.93486118 0.58621091 2.3059716 3684408
0.9452526 0.5867787 2.3049331 3684408
0.95566356 0.58621091 2.3059716 3684408
0.96501654 0.5864948 2.3054523 3684408
0.97436297 0.5867787 2.3049331 3684408
0.98478711 0.58621091 2.3059716 3684408
0.99515599 0.5867787 2.3049331 3684408
1.0055895 0.58621091 2.3059716 3684408
1.0149312 0.5864948 2.3054523 3684408
1.0242665 0.5867787 2.3049331 3684408
1.034713 0.58621091 2.3059716 3684408
1.0450594 0.58677864 2.3049331 3684408
1.0555153 0.58621091 2.3059716 3684408
1.0658525 0.58677864 2.3049331 3684408
1.0752424 0.5864948 2.3054523 3684408
1.0846388 0.58621091 2.3059716 3684408
1.0949628 0.58677864 2.3049331 3684408
1.1054413 0.58621091 2.3059716 3684408
1.1157559 0.5867787 2.3049331 3684408
1.125157 0.5864948 2.3054523 3684408
1.1345648 0.58621091 2.3059716 3684408
1.1448662 0.5867787 2.3049331 3684408
1.1553671 0.58621091 2.3059716 3684408
1.1656593 0.58677864 2.3049331 3684408
1.1750717 0.5864948 2.3054523 3684408
1.1844906 0.58621091 2.3059716 3684408
1.1947696 0.5867787 2.3049331 3684408
1.2052931 0.58621091 2.3059716 3684408
1.2155628 0.5867787 2.3049331 3684408
1.2249863 0.5864948 2.3054523 3684408
1.2344165 0.58621091 2.3059716 3684408
1.244673 0.5867787 2.3049331 3684408
1.2552189 0.58621091 2.3059716 3684408
1.2654661 0.5867787 2.3049331 3684408
1.2749009 0.5864948 2.3054523 3684408
1.2843423 0.58621091 2.3059716 3684408
1.2945764 0.58677864 2.3049331 3684408
1.3051448 0.58621091 2.3059716 3684408
1.3153696 0.58677864 2.3049331 3684408
1.3248156 0.5864948 2.3054523 3684408
1.3304739 0.58507538 2.3080482 3684408
-0.096260339 0.52943033 2.3196778 3290425
-0.08574152 0.52908343 2.3181577 3224888
-0.075235561 0.52873695 2.3166397 3224631
-0.063731357 0.52761936 2.316328 3159095
-0.054329365 0.52657181 2.3163197 3158838
-0.045946982 0.52629614 2.3151069 3158837
-0.035488661 0.52605897 2.3140652 3093044
-0.025084946 0.52469343 2.3172414 3093045
0.068983607 0.52469349 2.3172417 2763564
0.075877272 0.5255785 2.3150132 2763563
0.085609674 0.52618051 2.3145983 2763564
0.096107736 0.52649927 2.3160005 2829100
0.1037767 0.52724361 2.3162091 2829356
0.11491265 0.52859479 2.3160172 2829357
0.12544107 0.52894199 2.3175383 2829357
0.13387415 0.5292201 2.3187568 2895150
0.14020449 0.5294289 2.3196716 2895150
-0.16525751 0.53760749 2.3188441 3422269
-0.15469638 0.53725535 2.3173251 3422268
-0.14608707 0.5384317 2.3134081 3356732
-0.13474666 0.53585565 2.3158004 3356475
-0.12534654 0.53480834 2.3157921 3356475
-0.11482632 0.53445852 2.3142774 3290682
-0.10505874 0.53364497 2.3137655 3290682
-0.096035272 0.53236794 2.3142543 3290425
-0.085541189 0.53201991 2.3127415 3224888
-0.075059898 0.53167236 2.3112307 3224631
-0.068777695 0.53146404 2.3103249 3224631
0.11674291 0.53159595 2.3108983 2829357
0.12514725 0.53187466 2.3121099 2829357
0.13566552 0.5322234 2.3136261 2895150
0.14678358 0.53356975 2.3134394 2895150
0.15445095 0.53431338 2.3136489 2895151
0.16499548 0.53466409 2.3151672 2895407
0.17555292 0.53501511 2.3166876 2960944
0.18568638 0.53828514 2.3127775 2960944
0.19436397 0.53711134 2.316704 2961200
0.20494772 0.53746426 2.3182263 2961201
0.2134251 0.53774691 2.3194454 3026994
-0.26547137 0.5497542 2.3171394 3488319
-0.25485238 0.54939437 2.3156228 3488319
-0.24362727 0.54784691 2.3161557 3488319
-0.2339306 0.54722738 2.3153031 3488319
-0.22545791 0.54694104 2.3140917 3488318
-0.21606147 0.54589558 2.3140807 3488318
-0.20479307 0.5433253 2.3164768 3488062
-0.19510759 0.54270762 2.3156235 3422526
-0.18487796 0.54294807 2.3130879 3422525
-0.17542037 0.54087865 2.3149385 3422525
-0.16487128 0.54052496 2.3134248 3422269
-0.15433505 0.54017174 2.3119128 3422268
0.19601911 0.54009449 2.3115821 2961201
0.20446754 0.54037774 2.3127947 2961201
0.21504097 0.5407322 2.3143117 3026994
0.22536331 0.54253817 2.3131206 3026994
0.23504791 0.54315597 2.3139739 3027251
0.24533725 0.54291737 2.3165183 3092787
0.25423658 0.54399639 2.3163664 3092788
0.26505023 0.54679257 2.3134634 3093044
0.27566552 0.54715133 2.3149815 3158581
0.28416818 0.54743874 2.3161972 3158837
0.29357052 0.54848623 2.3162055 3158838
0.30510515 0.54960668 2.3165178 3159095
0.31362891 0.54989552 2.3177352 3224631
-0.3556928 0.55864656 2.3193443 3488318
-0.34500554 0.55828053 2.3178251 3488318
-0.33433136 0.55791503 2.3163071 3488319
-0.32392159 0.55659038 2.3165996 3488319
-0.31459621 0.55607784 2.3156273 3488319
-0.30487564 0.55545539 2.3147755 3488319
-0.29516044 0.55483371 2.3139234 3488319
-0.28346562 0.5523048 2.3161564 3488319
-0.27578071 0.55155843 2.3159485 3488319
-0.26485136 0.55264109 2.3117278 3488319
-0.25637484 0.55235231 2.3105197 3488319
0.29801878 0.55227256 2.3101861 3158838
0.30439079 0.55248964 2.3110943 3159095
0.31502196 0.5528518 2.312609 3224631
0.32484448 0.55144006 2.3172059 3224631
0.33592889 0.55501395 2.3129344 3224888
0.34539118 0.55504692 2.3148124 3224888
0.35512897 0.55566955 2.3156676 3290425
0.36487216 0.55629289 2.3165226 3290425
0.37607092 0.55783814 2.3159881 3290681
0.38463008 0.55813128 2.317205 3290682
0.39534211 0.55849808 2.3187282 3290682
0.40392068 0.55879182 2.3199475 3356218
-0.43267301 0.56853408 2.3170149 3422526
-0.42504674 0.56798136 2.3164647 3422526
-0.41456157 0.56819415 2.3139272 3422526
-0.40481132 0.56756771 2.3130765 3488062
-0.39409301 0.56460059 2.3163121 3488062
-0.38434032 0.5639748 2.3154595 3488062
-0.37578833 0.5636797 2.3142478 3488062
-0.36604923 0.5630551 2.313396 3488318
-0.35486132 0.56151545 2.3139224 3488318
-0.34633043 0.56122178 2.3127122 3488318
-0.33567986 0.56085521 2.3112013 3488319
0.37519068 0.56070125 2.3105671 3290681
0.38372928 0.5609951 2.3117783 3290682
0.39441559 0.56136292 2.3132939 3290682
0.40511501 0.56173128 2.3148117 3356218
0.41438761 0.56378257 2.3129566 3356474
0.42486948 0.56356686 2.3154988 3356475
0.43463954 0.56419277 2.3163543 3356475
0.44485459 0.56598908 2.3151591 3356475
0.45506537 0.56778526 2.3139629 3356475
0.46483827 0.5684126 2.3148167 3356475
0.47316167 0.56793231 2.3174009 3356475
-1.3344122 0.57936072 2.3185086 10197915
-1.32605 0.57936251 2.3185158 10197915
-1.3155894 0.57936126 2.3185108 10197915
-1.3051307 0.5793609 2.3185091 10197915
-1.2946728 0.5793609 2.3185089 10197915
-1.2842189 0.57936263 2.3185158 10197915
-1.2758514 0.57936203 2.3185134 10197915
-1.2653909 0.57936072 2.3185086 10197915
-1.2549341 0.5793612 2.3185103 10197915
-1.2444773 0.57936168 2.3185122 10197915
-1.2340193 0.57936156 2.3185117 10197915
-1.2256503 0.57936031 2.3185067 10197915
-1.2151953 0.57936162 2.318512 10197915
-1.2047343 0.57936007 2.3185058 10197915
-1.1942784 0.5793609 2.3185093 10197915
-1.1838194 0.57936037 2.318507 10197915
-1.1754577 0.57936263 2.318516 10197915
-1.1649965 0.5793609 2.3185089 10197915
-1.1545379 0.57936049 2.3185074 10197915
-1.1461723 0.57936078 2.3185086 10197915
-1.1357156 0.57936138 2.3185108 10197915
-1.1252574 0.57936108 2.3185101 10197915
-1.1147982 0.57936043 2.318507 10197915
-1.1043411 0.57936078 2.3185086 10197915
-1.0959764 0.57936156 2.3185115 10197915
-1.0855182 0.57936126 2.3185108 10197915
-1.0750569 0.57935941 2.3185031 10197915
-1.064603 0.5793615 2.3185117 10197915
-1.0541444 0.57936108 2.3185101 10197915
-1.0457789 0.57936144 2.3185115 10197915
-1.0353181 0.57935977 2.3185048 10197915
-1.0248644 0.57936215 2.3185143 10197915
-1.0144049 0.57936114 2.3185098 10197915
-1.0039477 0.5793615 2.3185115 10197915
-0.99557877 0.57935989 2.3185048 10197915
-0.98512286 0.57936096 2.3185093 10197915
-0.97466457 0.57936072 2.3185081 10197915
-0.96420926 0.57936215 2.3185141 10197915
-0.95374858 0.57936037 2.3185072 10197915
-0.94538277 0.57936066 2.3185081 10197915
-0.93492538 0.5793609 2.3185091 10197915
-0.92447066 0.57936287 2.3185167 10197915
-0.91610205 0.57936132 2.3185105 10197915
-0.90564328 0.57936066 2.3185084 10197915
-0.89518535 0.5793606 2.3185077 10197915
-0.88472921 0.57936162 2.3185122 10197915
-0.87427092 0.57936132 2.3185108 10197915
-0.86590308 0.57936025 2.3185065 10197915
-0.85544682 0.57936126 2.3185103 10197915
-0.8449899 0.57936186 2.3185129 10197915
-0.83453155 0.57936144 2.3185112 10197915
-0.82407135 0.57935977 2.3185048 10197915
-0.81570816 0.57936192 2.3185132 10197915
-0.80525017 0.57936174 2.3185127 10197915
-0.79479223 0.57936168 2.3185122 10197915
-0.78433233 0.57936019 2.318506 10197915
-0.77387697 0.57936192 2.3185132 10197915
-0.76550937 0.57936084 2.3185091 10197915
-0.75505286 0.57936192 2.3185129 10197915
-0.7445935 0.57936066 2.3185081 10197915
-0.73622763 0.57936096 2.3185091 10197915
-0.72576982 0.5793609 2.3185091 10197915
-0.71531427 0.57936275 2.3185163 10197915
-0.70485455 0.57936114 2.3185101 10197915
-0.69439656 0.57936096 2.3185093 10197915
-0.68603069 0.57936126 2.3185105 10197915
-0.67557091 0.57935953 2.3185036 10197915
-0.66511542 0.5793615 2.3185115 10197915
-0.65465707 0.57936102 2.3185096 10197915
-0.64419901 0.57936078 2.3185086 10197915
-0.63583219 0.57936019 2.3185062 10197915
-0.62537485 0.57936066 2.3185079 10197915
-0.61491692 0.57936049 2.3185074 10197915
-0.60446048 0.57936174 2.3185127 10197915
-0.59400165 0.57936072 2.3185084 10197915
-0.58563519 0.57936054 2.3185077 10197915
-0.57517737 0.57936049 2.3185074 10197915
-0.56472141 0.57936227 2.3185148 10197915
-0.5542621 0.57936078 2.3185084 10197915
-0.54380417 0.57936054 2.3185077 10197915
-0.53538209 0.57929993 2.318265 6977927
-0.52459568 0.57893544 2.3168066 5465205
-0.51380861 0.57855654 2.3152902 5069931
-0.50578141 0.57683885 2.3167901 4806242
-0.49500772 0.57646137 2.315274 4213074
-0.48424718 0.57608438 2.3137598 3422526
-0.47512606 0.5743289 2.3151045 3422525
-0.46503249 0.57282823 2.3157837 3422525
-0.45525587 0.57219958 2.3149319 3422525
-0.44548464 0.57157165 2.3140795 3422525
-0.43808803 0.57160127 2.31251 3422525
0.47815594 0.57002866 2.3145866 3356475
0.48619181 0.57174492 2.3130913 3356475
0.49577674 0.57179147 2.3149695 3356475
0.50557077 0.57242036 2.315825 3356476
0.51327604 0.57316869 2.3160334 3356476
0.52474725 0.57567579 2.3137944 3356476
0.53454697 0.57630575 2.3146489 3356476
0.54435211 0.57693642 2.3155029 3356476
0.55377406 0.57745838 2.3164778 3356476
0.56415415 0.57878006 2.3161845 3356476
0.57497936 0.57916027 2.3177063 3356474
0.5856334 0.57935876 2.3185005 3684408
0.59399962 0.57935876 2.3185005 3684408
0.60445738 0.57935876 2.3185005 3684408
0.61491609 0.57935971 2.3185043 3684408
0.62537384 0.57935971 2.3185043 3684408
0.63583159 0.57935971 2.3185043 3684408
0.64419782 0.57935971 2.3185043 3684408
0.65465564 0.57935971 2.3185043 3684408
0.66511333 0.57935971 2.3185043 3684408
0.67557114 0.57935971 2.3185043 3684408
0.68602884 0.57935971 2.3185043 3684408
0.69439507 0.57935971 2.3185043 3684408
0.70485282 0.57935971 2.3185043 3684408
0.71531057 0.57935971 2.3185043 3684408
0.72576833 0.57935971 2.3185043 3684408
0.73622608 0.57935971 2.3185043 3684408
0.74459231 0.57935971 2.3185043 3684408
0.75505012 0.57935971 2.3185043 3684408
0.76550782 0.57935971 2.3185043 3684408
0.77387404 0.57935971 2.3185043 3684408
0.7843318 0.57935971 2.3185043 3684408
0.79478955 0.57935971 2.3185043 3684408
0.80524731 0.57935971 2.3185043 3684408
0.81570506 0.57935971 2.3185043 3684408
0.82407129 0.57935971 2.3185043 3684408
0.83452898 0.57935971 2.3185043 3684408
0.8449868 0.57935971 2.3185043 3684408
0.85544449 0.57935971 2.3185043 3684408
0.8659023 0.57935971 2.3185043 3684408
0.87426853 0.57935971 2.3185043 3684408
0.88472623 0.57935971 2.3185043 3684408
0.89518404 0.57935971 2.3185043 3684408
0.90564173 0.57935971 2.3185043 3684408
0.91609955 0.57935971 2.3185043 3684408
0.92446572 0.57935971 2.3185043 3684408
0.93492347 0.57935971 2.3185043 3684408
0.94538122 0.57935971 2.3185043 3684408
0.95374739 0.57935971 2.3185043 3684408
0.96420521 0.57935971 2.3185043 3684408
0.9746629 0.57935971 2.3185043 3684408
0.98512077 0.57935971 2.3185043 3684408
0.99557841 0.57935971 2.3185043 3684408
1.0039446 0.57935971 2.3185043 3684408
1.0144024 0.57935971 2.3185043 3684408
1.0248601 0.57935971 2.3185043 3684408
1.0353179 0.57935971 2.3185043 3684408
1.0457757 0.57935971 2.3185043 3684408
1.0541419 0.57935971 2.3185043 3684408
1.0645996 0.57935971 2.3185043 3684408
1.0750574 0.57935971 2.3185043 3684408
1.0855151 0.57935971 2.3185043 3684408
1.0959729 0.57935971 2.3185043 3684408
1.1043391 0.57935971 2.3185043 3684408
1.114797 0.57935971 2.3185043 3684408
1.1252546 0.57935971 2.3185043 3684408
1.1357125 0.57935971 2.3185043 3684408
1.1461701 0.57935971 2.3185043 3684408
1.1545364 0.57935971 2.3185043 3684408
1.1649941 0.57935971 2.3185043 3684408
1.1754519 0.57935971 2.3185043 3684408
1.1838181 0.57935971 2.3185043 3684408
1.1942759 0.57935971 2.3185043 3684408
1.2047336 0.57935971 2.3185043 3684408
1.2151914 0.57935971 2.3185043 3684408
1.2256491 0.57935971 2.3185043 3684408
1.2340153 0.57935971 2.3185043 3684408
1.2444731 0.57935971 2.3185043 3684408
1.2549309 0.57935971 2.3185043 3684408
1.2653886 0.57935971 2.3185043 3684408
1.2758464 0.57935971 2.3185043 3684408
1.2842126 0.57935971 2.3185043 3684408
1.2946702 0.57935971 2.3185043 3684408
1.3051281 0.57935971 2.3185043 3684408
1.3155857 0.57935971 2.3185043 3684408
1.3260436 0.57935971 2.3185043 3684408
1.3344097 0.57935971 2.3185043 3684408
-1.333482 0.58222455 2.3132665 10197915
-1.3251362 0.5822252 2.3132691 10197915
-1.3147013 0.58222491 2.3132679 10197915
-1.3042661 0.58222443 2.313266 10197915
-1.2938333 0.58222497 2.3132682 10197915
-1.2854862 0.58222508 2.3132687 10197915
-1.2750531 0.58222556 2.3132706 10197915
-1.2646152 0.58222383 2.3132637 10197915
-1.2541842 0.58222532 2.3132696 10197915
-1.2437502 0.58222538 2.3132699 10197915
-1.2354035 0.58222562 2.3132708 10197915
-1.2249657 0.58222389 2.3132639 10197915
-1.2145355 0.58222574 2.3132713 10197915
-1.2061851 0.58222437 2.3132658 10197915
-1.1957504 0.58222401 2.3132644 10197915
-1.1853163 0.58222413 2.3132648 10197915
-1.1748843 0.58222514 2.3132689 10197915
-1.1644496 0.58222485 2.3132677 10197915
-1.1560996 0.58222342 2.313262 10197915
-1.1456679 0.58222467 2.313267 10197915
-1.1352345 0.58222502 2.3132684 10197915
-1.1248001 0.58222491 2.3132679 10197915
-1.1143627 0.58222324 2.3132613 10197915
-1.1060195 0.58222532 2.3132696 10197915
-1.0955839 0.58222455 2.3132665 10197915
-1.0851506 0.58222502 2.3132684 10197915
-1.0747136 0.58222347 2.3132622 10197915
-1.0642835 0.58222568 2.313271 10197915
-1.0559336 0.58222425 2.3132653 10197915
-1.0455011 0.58222526 2.3132694 10197915
-1.035064 0.58222353 2.3132625 10197915
-1.0246315 0.58222437 2.3132658 10197915
-1.0141971 0.58222425 2.3132653 10197915
-1.0058522 0.58222568 2.313271 10197915
-0.99541551 0.58222419 2.3132651 10197915
-0.98498178 0.58222443 2.313266 10197915
-0.97454768 0.58222443 2.313266 10197915
-0.96411616 0.58222604 2.3132725 10197915
-0.95576763 0.58222526 2.3132694 10197915
-0.94533211 0.58222443 2.313266 10197915
-0.93489802 0.58222449 2.3132663 10197915
-0.92446524 0.58222532 2.3132696 10197915
-0.91403073 0.58222508 2.3132687 10197915
-0.90568125 0.58222365 2.3132629 10197915
-0.89524889 0.58222479 2.3132675 10197915
-0.88481486 0.58222485 2.3132677 10197915
-0.87438124 0.58222526 2.3132694 10197915
-0.86394471 0.58222365 2.3132629 10197915
-0.85560036 0.58222556 2.3132706 10197915
-0.84516543 0.58222502 2.3132684 10197915
-0.83473158 0.58222526 2.3132694 10197915
-0.82429522 0.58222371 2.3132632 10197915
-0.81386411 0.58222586 2.3132718 10197915
-0.80551517 0.58222473 2.3132672 10197915
-0.79508179 0.58222532 2.3132696 10197915
-0.7846458 0.58222389 2.3132639 10197915
-0.77421302 0.58222485 2.3132677 10197915
-0.76377833 0.58222449 2.3132663 10197915
-0.75543296 0.58222592 2.313272 10197915
-0.74499679 0.58222437 2.3132658 10197915
-0.73456311 0.58222473 2.3132672 10197915
-0.72621596 0.58222491 2.3132679 10197915
-0.71578264 0.58222556 2.3132706 10197915
-0.7053479 0.58222502 2.3132684 10197915
-0.69491291 0.58222437 2.3132658 10197915
-0.68447924 0.58222473 2.3132672 10197915
-0.67613041 0.58222347 2.3132622 10197915
-0.66569746 0.58222449 2.3132663 10197915
-0.65526295 0.58222413 2.3132648 10197915
-0.64482969 0.58222491 2.3132679 10197915
-0.63439381 0.5822233 2.3132615 10197915
-0.62604773 0.58222437 2.3132658 10197915
-0.61561334 0.58222413 2.3132648 10197915
-0.6051805 0.58222538 2.3132699 10197915
-0.59474486 0.58222395 2.3132641 10197915
-0.58431101 0.58222419 2.3132651 10197915
-0.5759638 0.58222431 2.3132656 10197915
-0.56553048 0.58222514 2.3132689 10197915
-0.55509615 0.58222497 2.3132682 10197915
-0.54466134 0.58222431 2.3132656 10197915
-0.53414488 0.58213413 2.3129075 7043979
-0.52552402 0.58182985 2.3116984 4806243
-0.51691222 0.58152592 2.3104906 4542555
0.56499261 0.58167058 2.3110657 3356475
0.5757935 0.58205187 2.3125806 3356475
0.58430952 0.5822227 2.3132591 3618872
0.59474361 0.5822227 2.3132591 3684408
0.60517824 0.58222318 2.313261 3684408
0.6156128 0.58222365 2.3132629 3684408
0.6260469 0.58222365 2.3132629 3684408
0.63439423 0.58222365 2.3132629 3684408
0.64482832 0.58222365 2.3132629 3684408
0.65526247 0.58222365 2.3132629 3684408
0.66569656 0.58222365 2.3132629 3684408
0.67613065 0.58222365 2.3132629 3684408
0.68447798 0.58222365 2.3132629 3684408
0.69491214 0.58222365 2.3132629 3684408
0.70534623 0.58222365 2.3132629 3684408
0.71578032 0.58222365 2.3132629 3684408
0.72621441 0.58222365 2.3132629 3684408
0.73456174 0.58222365 2.3132629 3684408
0.74499583 0.58222365 2.3132629 3684408
0.75542992 0.58222365 2.3132629 3684408
0.76377726 0.58222365 2.3132629 3684408
0.77421135 0.58222365 2.3132629 3684408
0.78464544 0.58222365 2.3132629 3684408
0.79507953 0.58222365 2.3132629 3684408
0.80551368 0.58222365 2.3132629 3684408
0.81386101 0.58222365 2.3132629 3684408
0.8242951 0.58222365 2.3132629 3684408
0.83472919 0.58222365 2.3132629 3684408
0.84516335 0.58222365 2.3132629 3684408
0.85559744 0.58222365 2.3132629 3684408
0.86394477 0.58222365 2.3132629 3684408
0.87437886 0.58222365 2.3132629 3684408
0.88481295 0.58222365 2.3132629 3684408
0.89524716 0.58222365 2.3132629 3684408
0.90568119 0.58222365 2.3132629 3684408
0.91402853 0.58222365 2.3132629 3684408
0.92446262 0.58222365 2.3132629 3684408
0.93489671 0.58222365 2.3132629 3684408
0.94533086 0.58222365 2.3132629 3684408
0.95576495 0.58222365 2.3132629 3684408
0.96411228 0.58222365 2.3132629 3684408
0.97454637 0.58222365 2.3132629 3684408
0.98498046 0.58222365 2.3132629 3684408
0.99541456 0.58222365 2.3132629 3684408
1.0058486 0.58222365 2.3132629 3684408
1.0141959 0.58222365 2.3132629 3684408
1.0246301 0.58222365 2.3132629 3684408
1.0350642 0.58222365 2.3132629 3684408
1.0454984 0.58222365 2.3132629 3684408
1.0559325 0.58222365 2.3132629 3684408
1.0642798 0.58222365 2.3132629 3684408
1.0747138 0.58222365 2.3132629 3684408
1.0851481 0.58222365 2.3132629 3684408
1.0955821 0.58222365 2.3132629 3684408
1.1060162 0.58222365 2.3132629 3684408
1.1143634 0.58222365 2.3132629 3684408
1.1247975 0.58222365 2.3132629 3684408
1.1352317 0.58222365 2.3132629 3684408
1.1456658 0.58222365 2.3132629 3684408
1.1561 0.58222365 2.3132629 3684408
1.1644473 0.58222365 2.3132629 3684408
1.1748813 0.58222365 2.3132629 3684408
1.1853156 0.58222365 2.3132629 3684408
1.1957496 0.58222365 2.3132629 3684408
1.2061837 0.58222365 2.3132629 3684408
1.2145309 0.58222365 2.3132629 3684408
1.2249651 0.58222365 2.3132629 3684408
1.2353992 0.58222365 2.3132629 3684408
1.2437465 0.58222365 2.3132629 3684408
1.2541806 0.58222365 2.3132629 3684408
1.2646148 0.58222365 2.3132629 3684408
1.2750489 0.58222365 2.3132629 3684408
1.285483 0.58222365 2.3132629 3684408
1.2938304 0.58222365 2.3132629 3684408
1.3042644 0.58222365 2.3132629 3684408
1.3146985 0.58222365 2.3132629 3684408
1.3251325 0.58222365 2.3132629 3684408
1.3334799 0.58222365 2.3132629 3684408
-0.12608382 0.52744949 2.3294134 3356475
-0.11437851 0.52780604 2.3263628 3290682
-0.1048087 0.52823198 2.3236222 3290682
-0.093375288 0.52563393 2.3260357 3290425
-0.083933786 0.52458197 2.3260269 3224888
-0.075500719 0.52430618 2.3248041 3224632
-0.065828249 0.5236932 2.3239446 3159095
-0.054532103 0.52224976 2.324975 3158838
-0.046142548 0.52224976 2.324975 3159095
-0.035655607 0.52224976 2.324975 3093045
-0.025168665 0.52224976 2.324975 3027251
0.06921383 0.52224982 2.3249753 2829356
0.075506002 0.52224982 2.3249755 2829356
0.083895557 0.52224982 2.3249753 2829356
0.094382502 0.52224982 2.3249753 2829356
0.10550901 0.52335483 2.3236823 2829356
0.11531865 0.52416992 2.3241999 2829357
0.12588456 0.52451539 2.325732 2829357
0.13358845 0.52526265 2.3259423 2895150
0.14547738 0.52782696 2.323684 2895150
0.15517838 0.52844191 2.3245459 2895151
0.16384545 0.52724534 2.3285117 2895407
0.17021431 0.52745426 2.3294342 2960943
-0.23317434 0.53987211 2.3286121 3488319
-0.22465409 0.53958797 2.3273866 3488318
-0.21401504 0.53923327 2.3258567 3488318
-0.20496576 0.53794783 2.3263557 3488062
-0.19513047 0.53712887 2.3258402 3422526
-0.18451785 0.53677595 2.324312 3422526
-0.17603816 0.5364939 2.323091 3422525
-0.16495201 0.53347033 2.3263545 3422269
-0.15524173 0.53285331 2.3254948 3422268
-0.14465784 0.53250337 2.3239672 3356732
-0.13484272 0.53168684 2.3234513 3356475
-0.12578781 0.53040409 2.3239443 3356475
-0.11734031 0.5301255 2.3227239 3356474
0.16557775 0.53026563 2.3233378 2895407
0.17617287 0.53061509 2.3248687 2960944
0.18444231 0.53236437 2.3233607 2961200
0.19505091 0.5327152 2.3248918 2961201
0.20567253 0.53306645 2.3264246 2961201
0.21588142 0.53586555 2.3233924 3026994
0.22520092 0.53637147 2.3243756 3026994
0.23493434 0.53698969 2.3252378 3027251
0.24467328 0.53760874 2.3260999 3092787
0.25594619 0.53916478 2.325561 3092788
0.26447731 0.53944921 2.3267879 3093044
0.27515438 0.53980523 2.3283236 3158581
-0.31523591 0.54851007 2.3296113 3488319
-0.30452803 0.54814911 2.3280783 3488319
-0.29383326 0.54778862 2.3265471 3488319
-0.28528795 0.54750061 2.3253241 3488319
-0.27494249 0.54568344 2.3265307 3488319
-0.2642743 0.54532486 2.3250017 3488319
-0.25575018 0.54503834 2.3237801 3488319
-0.24539225 0.54322201 2.3249829 3488319
-0.23564868 0.54191661 2.3253763 3488319
-0.22625099 0.54258275 2.3222318 3488318
-0.21563534 0.54222685 2.3207085 3488318
0.2574712 0.54215479 2.3204002 3093044
0.26385537 0.54236877 2.3213162 3093044
0.2745069 0.54272586 2.3228445 3093045
0.28468266 0.54208571 2.3261008 3158837
0.29550064 0.54489613 2.3231728 3158838
0.30497187 0.54492104 2.3250675 3158838
0.31473786 0.5455426 2.3259304 3224631
0.3241798 0.54659462 2.3259387 3224631
0.335767 0.54771948 2.3262534 3224888
0.34434283 0.54800856 2.3274813 3224888
0.35507575 0.54837036 2.3290179 3290425
-0.39259738 0.55845153 2.3272614 3488062
-0.38494688 0.5578987 2.3267059 3488062
-0.37445951 0.55812353 2.324146 3488062
-0.36468107 0.5574981 2.323288 3488318
-0.35385901 0.55450374 2.3265519 3488318
-0.34407809 0.5538789 2.3256919 3488318
-0.33550948 0.55358773 2.3244696 3488319
-0.3257423 0.55296409 2.3236103 3488319
-0.31449577 0.55141544 2.3241415 3488319
-0.30594844 0.55112576 2.3229206 3488319
-0.29527736 0.55076414 2.3213964 3488319
-0.28674945 0.55047524 2.3201785 3488319
0.33497763 0.55061901 2.3207846 3224888
0.34567347 0.55098146 2.3223121 3224888
0.35638255 0.55134434 2.3238416 3290425
0.36496031 0.55163497 2.3250666 3290681
0.37525401 0.55344367 2.3238647 3290681
0.38598973 0.55380845 2.3253965 3290682
0.39458886 0.55410063 2.3266232 3290682
0.40570819 0.55666924 2.3241992 3290682
0.41514665 0.55771941 2.3242106 3356474
0.42494807 0.55834591 2.3250718 3356475
0.4345299 0.55838168 2.3269691 3356475
-0.50225198 0.56949908 2.3295021 5069674
-0.49575201 0.56927425 2.3285823 4279125
-0.48493013 0.56889981 2.3270509 3422525
-0.47412145 0.56852585 2.325521 3422525
-0.46387035 0.56671959 2.3267274 3422525
-0.45426661 0.56667823 2.3248358 3422525
-0.4444558 0.5660494 2.323977 3422525
-0.43672797 0.56529969 2.3237662 3422526
-0.42512122 0.56277007 2.326019 3422526
-0.41531619 0.56214237 2.3251595 3422526
-0.40551656 0.56151533 2.3242996 3488062
-0.3981145 0.56155193 2.3227162 3488062
0.44516531 0.56117284 2.3240385 3356475
0.45505214 0.56199646 2.3245564 3356475
0.46584365 0.56236702 2.3260889 3356475
0.47500455 0.564134 2.3247311 3356475
0.48514003 0.56564569 2.3240404 3356475
0.49496853 0.56627476 2.3249023 3356475
0.50480235 0.56690449 2.3257642 3356476
0.5142495 0.56742454 2.3267477 3356476
0.5246805 0.56875336 2.3264518 3356476
0.53552777 0.56912875 2.327987 3356476
0.54638833 0.5695045 2.329524 3356476
-1.3425863 0.5735932 2.3290603 10197915
-1.3357221 0.57532805 2.3258901 10197915
-1.3254145 0.5747503 2.3269491 10197915
-1.3147373 0.57532692 2.3258858 10197915
-1.3044226 0.57475024 2.3269489 10197915
-1.2948895 0.57503867 2.3264177 10197915
-1.2853665 0.57532883 2.3258932 10197915
-1.275032 0.57474917 2.3269446 10197915
-1.2655091 0.57503927 2.3264201 10197915
-1.2550144 0.57503873 2.3264179 10197915
-1.2445234 0.57503992 2.3264225 10197915
-1.235007 0.57532775 2.3258889 10197915
-1.2246536 0.57474995 2.3269477 10197915
-1.2151397 0.57503897 2.3264189 10197915
-1.2056303 0.57532692 2.3258853 10197915
-1.1952641 0.57474947 2.3269455 10197915
-1.1846497 0.57532758 2.3258882 10197915
-1.1742733 0.57474983 2.3269472 10197915
-1.1647682 0.57503754 2.3264132 10197915
-1.1552746 0.57532752 2.3258882 10197915
-1.144883 0.57474887 2.3269432 10197915
-1.1353908 0.57503957 2.3264213 10197915
-1.1258984 0.57532692 2.3258858 10197915
-1.1154956 0.57474935 2.3269451 10197915
-1.1049168 0.57532722 2.3258867 10197915
-1.094506 0.57475042 2.3269496 10197915
-1.0850203 0.57503861 2.3264172 10197915
-1.0755419 0.57532722 2.3258865 10197915
-1.0651159 0.57474953 2.3269458 10197915
-1.0545623 0.57532865 2.3258924 10197915
-1.0441239 0.57474935 2.3269451 10197915
-1.0346506 0.57503796 2.3264146 10197915
-1.0251867 0.57532823 2.3258908 10197915
-1.0147368 0.57474995 2.3269477 10197915
-1.00527 0.57503867 2.3264172 10197915
-0.99580848 0.57532638 2.3258834 10197915
-0.98534852 0.57475007 2.3269477 10197915
-0.97482902 0.57532799 2.3258896 10197915
-0.96435642 0.57474977 2.3269467 10197915
-0.95489973 0.57503754 2.3264132 10197915
-0.94545382 0.57532781 2.3258893 10197915
-0.93496692 0.57474911 2.3269444 10197915
-0.92447317 0.57532871 2.3258929 10197915
-0.91502798 0.57503814 2.3264153 10197915
-0.90557927 0.57474947 2.3269458 10197915
-0.89509612 0.5753274 2.3258874 10197915
-0.88458949 0.57475078 2.3269508 10197915
-0.87515128 0.57503867 2.3264174 10197915
-0.86572093 0.57532734 2.3258872 10197915
-0.85519922 0.57474947 2.3269458 10197915
-0.84474057 0.57532853 2.325892 10197915
-0.83527935 0.57503915 2.3264194 10197915
-0.82581061 0.57474929 2.3269448 10197915
-0.81536531 0.57532829 2.325891 10197915
-0.80482036 0.57475024 2.3269489 10197915
-0.79438275 0.57532799 2.3258901 10197915
-0.78490877 0.57503772 2.3264136 10197915
-0.77543151 0.57474995 2.3269475 10197915
-0.76500773 0.57532805 2.3258901 10197915
-0.75443977 0.57474983 2.3269472 10197915
-0.74503195 0.57503814 2.3264155 10197915
-0.73563242 0.57532775 2.3258889 10197915
-0.72505111 0.57474965 2.3269463 10197915
-0.7146517 0.57532895 2.3258936 10197915
-0.70515984 0.57503867 2.3264174 10197915
-0.69566309 0.57474983 2.326947 10197915
-0.68527496 0.57532752 2.3258879 10197915
-0.67466962 0.57474834 2.326941 10197915
-0.66429341 0.57532805 2.3258901 10197915
-0.65479124 0.57503855 2.3264172 10197915
-0.64528257 0.57474947 2.3269455 10197915
-0.63491654 0.57532632 2.3258832 10197915
-0.62541014 0.57503915 2.3264196 10197915
-0.61491609 0.57503867 2.3264172 10197915
-0.60442305 0.57503903 2.3264189 10197915
-0.59490168 0.57474864 2.326942 10197915
-0.58456087 0.57532758 2.3258886 10197915
-0.5750404 0.57503802 2.3264148 10197915
-0.56551534 0.57475054 2.3269501 10197915
-0.55518574 0.5753274 2.3258874 10197915
-0.54565883 0.57503808 2.3264151 10197915
-0.53508538 0.57495159 2.3260653 7042430
-0.52427793 0.57460576 2.3246665 4674656
-0.51561838 0.57430393 2.3234453 4740192
-0.50539941 0.57250547 2.3246439 5267567
-0.49458849 0.57212961 2.3231173 4740193
-0.48595038 0.5718292 2.3218975 3422525
-0.4773213 0.57152915 2.3206792 3422525
0.51696116 0.57137811 2.320066 3356476
0.52561027 0.57167888 2.3212874 3356476
0.5364331 0.57205528 2.3228154 3356476
0.54510188 0.5723567 2.3240395 3356476
0.55529517 0.57415402 2.3228378 3356476
0.56497687 0.57420272 2.3247321 3356476
0.57483792 0.57483518 2.3255944 3356475
0.58456069 0.57532746 2.3258877 3618616
0.59490138 0.57474828 2.326941 3684408
0.60442132 0.57503736 2.3264122 3684408
0.61491489 0.57503754 2.3264129 3684408
0.62540925 0.57503831 2.326416 3684408
0.63491768 0.57532728 2.3258872 3684408
0.64528239 0.57474929 2.3269448 3684408
0.65479088 0.57503831 2.326416 3684408
0.66429263 0.5753274 2.3258872 3684408
0.67467076 0.57474929 2.3269448 3684408
0.68527478 0.57532734 2.3258872 3684408
0.69566232 0.57474929 2.3269448 3684408
0.70515931 0.57503825 2.326416 3684408
0.7146498 0.57532728 2.3258872 3684408
0.72505063 0.57474929 2.3269448 3684408
0.73563188 0.57532734 2.3258872 3684408
0.74503207 0.57503831 2.326416 3684408
0.75443894 0.57474929 2.3269448 3684408
0.76500678 0.5753274 2.3258872 3684408
0.77543056 0.57474929 2.3269448 3684408
0.78490955 0.57503825 2.326416 3684408
0.7943818 0.57532728 2.3258872 3684408
0.80481893 0.57474929 2.3269448 3684408
0.81536388 0.57532734 2.3258872 3684408
0.82581061 0.57474923 2.3269448 3684408
0.83527809 0.57503825 2.326416 3684408
0.84473884 0.57532728 2.3258872 3684408
0.85519886 0.57474929 2.3269448 3684408
0.86572105 0.57532734 2.3258872 3684408
0.87515074 0.57503825 2.326416 3684408
0.88458717 0.57474923 2.3269448 3684408
0.89509594 0.57532728 2.3258872 3684408
0.90557891 0.57474923 2.3269448 3684408
0.91502821 0.57503831 2.326416 3684408
0.9244709 0.57532734 2.3258872 3684408
0.93496722 0.57474923 2.3269448 3684408
0.94545299 0.57532728 2.3258872 3684408
0.95490092 0.57503831 2.326416 3684408
0.96435547 0.57474929 2.3269448 3684408
0.97482795 0.5753274 2.3258872 3684408
0.98534715 0.57474929 2.3269448 3684408
0.99581015 0.57532728 2.3258872 3684408
1.0052695 0.57503831 2.326416 3684408
1.0147355 0.57474929 2.3269448 3684408
1.0251851 0.57532728 2.3258872 3684408
1.0346512 0.57503831 2.326416 3684408
1.0441239 0.57474917 2.3269448 3684408
1.0545601 0.57532728 2.3258872 3684408
1.0651156 0.57474917 2.3269448 3684408
1.0755422 0.5753274 2.3258872 3684408
1.0850196 0.57503825 2.326416 3684408
1.0945038 0.57474923 2.3269448 3684408
1.1049172 0.57532728 2.3258872 3684408
1.1154954 0.57474923 2.3269448 3684408
1.1258992 0.57532728 2.3258872 3684408
1.1353881 0.57503831 2.326416 3684408
1.1448838 0.57474929 2.3269448 3684408
1.1552742 0.5753274 2.3258872 3684408
1.1647698 0.57503831 2.326416 3684408
1.1742722 0.57474929 2.3269448 3684408
1.1846492 0.57532728 2.3258872 3684408
1.1952636 0.57474923 2.3269448 3684408
1.2056314 0.57532728 2.3258872 3684408
1.2151383 0.57503831 2.326416 3684408
1.2246521 0.57474929 2.3269448 3684408
1.2350062 0.57532734 2.3258872 3684408
1.2445199 0.57503831 2.326416 3684408
1.2550133 0.57503825 2.326416 3684408
1.2655069 0.57503831 2.326416 3684408
1.275032 0.57474929 2.3269448 3684408
1.2853634 0.5753274 2.3258872 3684408
1.2948885 0.57503825 2.326416 3684408
1.3044202 0.57474929 2.3269448 3684408
1.3147383 0.57532728 2.3258872 3684408
1.325412 0.57474923 2.3269448 3684408
1.3357203 0.57532728 2.3258872 3684408
1.3425859 0.57359302 2.3290596 3684408
-0.075768299 0.519853 2.3330441 3224632
-0.065236785 0.51978987 2.3327608 3224888
-0.054714721 0.51978987 2.3327608 3224631
-0.046297073 0.51978987 2.3327608 3158581
-0.03577501 0.51978987 2.3327608 3026995
-0.025252949 0.51978987 2.332761 2961200
0.06944561 0.51978987 2.3327608 2829357
0.075758845 0.51978987 2.3327608 2829357
0.084176496 0.51978987 2.3327608 2829357
0.094698556 0.51978987 2.3327608 2829357
0.10522062 0.51978987 2.3327608 2829357
0.11574765 0.51981145 2.3328576 2829357
0.12420865 0.51999217 2.3336687 2829357
-0.19414648 0.5296815 2.3392706 3488062
-0.18560717 0.52940142 2.3380337 3422526
-0.17494619 0.52905196 2.3364899 3422525
-0.16429833 0.52870274 2.3349478 3422269
-0.15597461 0.52693784 2.3364732 3422268
-0.14534031 0.52659005 2.3349311 3356732
-0.13471906 0.52624273 2.3333912 3356475
-0.12326872 0.52363169 2.3358247 3356475
-0.11378738 0.52257526 2.3358159 3290682
-0.10530308 0.52229941 2.3345828 3290682
-0.095578872 0.52168465 2.3337159 3290425
-0.084230557 0.52012193 2.3342514 3224888
0.12845309 0.52012974 2.3342862 2829358
0.13542466 0.52135104 2.3334787 2895150
0.14528237 0.52216911 2.3340006 2895150
0.1559127 0.52251482 2.3355455 2895151
0.16442747 0.52279168 2.3367834 2895407
0.17556155 0.52584207 2.3334804 2960943
0.18531469 0.52645886 2.3343494 2961200
0.19384065 0.52673769 2.3355856 2961201
0.2036076 0.52735561 2.3364551 2961201
0.21494025 0.52892095 2.3359118 3026994
0.22562639 0.52927136 2.3374593 3026994
0.23632574 0.52962226 2.3390088 3027251
0.24275216 0.52983296 2.3399396 3092787
-0.27227202 0.53821218 2.3396597 3488319
-0.26583493 0.53799874 2.3387318 3488319
-0.25511777 0.53764331 2.3371871 3488319
-0.24441381 0.53728837 2.3356438 3488319
-0.23533301 0.53599709 2.3361475 3488319
-0.22544956 0.53517509 2.3356273 3488318
-0.2147723 0.53482199 2.3340864 3488318
-0.20529471 0.53376752 2.3340752 3488062
-0.19368875 0.53264332 2.3337555 3488062
-0.18516979 0.53236234 2.3325243 3422526
-0.1745342 0.53201169 2.3309877 3422525
0.21443284 0.5318768 2.3303971 3026994
0.22509338 0.53222835 2.3319373 3026994
0.2357671 0.53258038 2.3334796 3027251
0.24431661 0.53286231 2.3347149 3092787
0.25471565 0.53468829 2.3335028 3092788
0.26541615 0.53504217 2.3350472 3093044
0.27398708 0.53532559 2.3362842 3158581
0.28347093 0.53638226 2.336293 3158837
0.29510421 0.53751075 2.3366106 3158838
0.30369663 0.53779566 2.3378491 3158838
0.31229821 0.53808087 2.3390889 3224631
-0.35390311 0.54981339 2.3351467 3488318
-0.34570259 0.54806215 2.3366723 3488318
-0.33494213 0.54770041 2.33513 3488319
-0.32419491 0.54733914 2.3335898 3488319
-0.31407604 0.54454154 2.3366377 3488319
-0.30467418 0.54402971 2.335649 3488319
-0.29487327 0.54340631 2.3347819 3488319
-0.28507787 0.54278362 2.3339152 3488319
-0.27377206 0.54122579 2.3344507 3488319
-0.26520833 0.54094023 2.3332191 3488319
-0.25451684 0.54058373 2.3316815 3488319
-0.24597262 0.54029882 2.3304527 3488319
0.28798413 0.54023302 2.3301687 3158838
0.29440731 0.54044718 2.3310924 3158838
0.30512393 0.54080451 2.332634 3158838
0.31585377 0.54116231 2.334177 3224631
0.32490787 0.5424481 2.3336785 3224631
0.3348088 0.54327089 2.3342004 3224632
0.34556547 0.5436306 2.3357456 3224888
0.35332251 0.54438281 2.3359578 3290425
0.36504832 0.54693949 2.3336799 3290425
0.37487286 0.54756415 2.3345492 3290681
0.38470283 0.54818958 2.335418 3290682
0.3941381 0.54870373 2.3364098 3290682
0.4024668 0.54996777 2.3358023 3290682
-0.46226868 0.55936623 2.3398592 3422525
-0.45575571 0.55914438 2.3389313 3422525
-0.44491217 0.55877501 2.3373861 3422525
-0.43408197 0.55840611 2.3358431 3422526
-0.42504123 0.55711919 2.3363464 3422526
-0.41511476 0.55629247 2.3358262 3422526
-0.40431145 0.55592537 2.334285 3488062
-0.39655301 0.55517334 2.3340724 3488062
-0.38485557 0.55262256 2.3363452 3488062
-0.37502199 0.55199575 2.3354783 3488318
-0.3651939 0.55136979 2.3346105 3488318
-0.35951677 0.55294102 2.3305714 3488318
0.40471128 0.55200237 2.3325377 3290682
0.4149498 0.55185872 2.334898 3356474
0.4257628 0.55222416 2.3364444 3356475
0.43572751 0.55501026 2.3333857 3356475
0.44518051 0.55552644 2.3343775 3356475
0.4550378 0.55615449 2.335247 3356475
0.46490058 0.55678332 2.3361163 3356475
0.47617084 0.55834156 2.3355732 3356475
0.48485541 0.55863744 2.3368106 3356475
0.49354917 0.55893356 2.3380494 3356475
0.50225222 0.55923009 2.3392897 3356476
-1.3445116 0.56777656 2.3397236 10197915
-1.3339591 0.56777692 2.339725 10197915
-1.3255134 0.56777567 2.3397198 10197915
-1.314962 0.56777662 2.3397236 10197915
-1.304408 0.56777626 2.3397224 10197915
-1.2959679 0.56777751 2.3397274 10197915
-1.2854117 0.56777626 2.3397224 10197915
-1.2748582 0.56777632 2.3397226 10197915
-1.2643057 0.56777668 2.3397241 10197915
-1.2537551 0.56777793 2.3397293 10197915
-1.2453098 0.56777686 2.3397248 10197915
-1.2347547 0.56777602 2.3397217 10197915
-1.2242022 0.5677765 2.3397233 10197915
-1.2157567 0.56777525 2.3397183 10197915
-1.205205 0.56777614 2.3397217 10197915
-1.1946503 0.56777549 2.3397193 10197915
-1.1862111 0.56777716 2.3397262 10197915
-1.1756548 0.56777579 2.3397205 10197915
-1.1651018 0.56777596 2.3397212 10197915
-1.154548 0.56777596 2.339721 10197915
-1.1439972 0.56777722 2.3397262 10197915
-1.1355522 0.56777602 2.3397214 10197915
-1.1249985 0.56777596 2.339721 10197915
-1.1144454 0.5677762 2.3397222 10197915
-1.106003 0.56777632 2.3397226 10197915
-1.0954505 0.56777686 2.3397248 10197915
-1.0848939 0.56777525 2.3397181 10197915
-1.0743427 0.56777644 2.3397229 10197915
-1.0637901 0.5677768 2.3397245 10197915
-1.0553477 0.5677771 2.3397257 10197915
-1.0447912 0.56777549 2.3397191 10197915
-1.0342404 0.56777686 2.3397248 10197915
-1.0257955 0.56777573 2.33972 10197915
-1.0152448 0.56777728 2.3397267 10197915
-1.004688 0.56777543 2.3397188 10197915
-0.99624562 0.56777561 2.3397195 10197915
-0.98569363 0.56777638 2.3397229 10197915
-0.97514153 0.56777722 2.3397262 10197915
-0.96458536 0.56777561 2.3397198 10197915
-0.9540326 0.56777608 2.3397214 10197915
-0.94559103 0.5677768 2.3397245 10197915
-0.93503827 0.56777716 2.3397262 10197915
-0.92448366 0.5677765 2.3397233 10197915
-0.91603887 0.56777525 2.3397181 10197915
-0.90548748 0.5677765 2.3397233 10197915
-0.89493465 0.56777692 2.339725 10197915
-0.88438088 0.56777674 2.3397243 10197915
-0.87382531 0.56777537 2.3397188 10197915
-0.86538482 0.56777686 2.3397248 10197915
-0.85483056 0.56777638 2.3397229 10197915
-0.84427822 0.5677771 2.339726 10197915
-0.8358345 0.56777644 2.3397231 10197915
-0.8252809 0.56777638 2.3397229 10197915
-0.81472653 0.56777573 2.3397202 10197915
-0.80628651 0.56777763 2.3397281 10197915
-0.79573125 0.56777638 2.3397229 10197915
-0.78517741 0.5677762 2.3397219 10197915
-0.77462453 0.56777656 2.3397236 10197915
-0.76407194 0.56777722 2.3397264 10197915
-0.75562763 0.56777608 2.3397217 10197915
-0.74507445 0.56777626 2.3397224 10197915
-0.73452163 0.5677768 2.3397245 10197915
-0.72607923 0.56777704 2.3397255 10197915
-0.71552545 0.56777686 2.3397245 10197915
-0.70497024 0.56777543 2.3397188 10197915
-0.69441873 0.5677771 2.3397255 10197915
-0.68386364 0.56777567 2.3397198 10197915
-0.67542052 0.56777537 2.3397188 10197915
-0.66486758 0.56777579 2.3397205 10197915
-0.65431535 0.56777692 2.339725 10197915
-0.64587134 0.56777573 2.3397202 10197915
-0.63531756 0.56777549 2.3397191 10197915
-0.62476516 0.56777644 2.3397231 10197915
-0.61632264 0.56777668 2.3397241 10197915
-0.6057688 0.56777632 2.3397226 10197915
-0.59521401 0.56777513 2.3397176 10197915
-0.58466214 0.5677765 2.3397233 10197915
-0.57410884 0.5677768 2.3397245 10197915
-0.5656662 0.56777692 2.339725 10197915
-0.55511117 0.56777531 2.3397186 10197915
-0.544559 0.56777662 2.3397238 10197915
-0.53606987 0.56772733 2.3395209 7767185
-0.52519506 0.5673787 2.338084 4740449
-0.51370311 0.56843913 2.3337884 4608862
-0.50452018 0.56666392 2.3351567 4674398
-0.49434787 0.565148 2.3358476 4674655
-0.48447573 0.56451678 2.334981 3422525
-0.47579885 0.56421882 2.3337486 3422525
-0.46632135 0.56316435 2.3337374 3422525
-0.45468134 0.56203628 2.3334177 3422525
-0.44602597 0.56173992 2.3321872 3422525
-0.43522009 0.5613699 2.3306508 3422526
0.47721156 0.56130171 2.3303678 3356475
0.48371029 0.56152427 2.3312917 3356475
0.494553 0.56189555 2.3328333 3356475
0.50540912 0.5622673 2.3343768 3356476
0.51566827 0.56407785 2.3331642 3356476
0.52536064 0.5641185 2.3350751 3356476
0.53525078 0.56475002 2.3359456 3356732
0.54473418 0.56580657 2.3359542 3356476
0.55574441 0.56837219 2.3335135 3356476
0.56513095 0.5672394 2.3375101 3356476
0.57386994 0.56754023 2.3387496 3356475
0.58465505 0.56776971 2.3396952 3553080
0.59521025 0.56777149 2.3397026 3684408
0.60576361 0.56777149 2.3397026 3684408
0.61631697 0.56777149 2.3397026 3684408
0.62475967 0.56777149 2.3397026 3684408
0.63531375 0.56777209 2.3397052 3684408
0.64586747 0.56777239 2.3397064 3684408
0.65431023 0.56777239 2.3397064 3684408
0.66486359 0.56777239 2.3397064 3684408
0.67541695 0.56777239 2.3397064 3684408
0.68385971 0.56777239 2.3397064 3684408
0.69441313 0.56777239 2.3397064 3684408
0.70496643 0.56777239 2.3397064 3684408
0.71551991 0.56777239 2.3397064 3684408
0.72607327 0.56777239 2.3397064 3684408
0.73451596 0.56777239 2.3397064 3684408
0.74506932 0.56777239 2.3397064 3684408
0.75562274 0.56777239 2.3397064 3684408
0.76406544 0.56777239 2.3397064 3684408
0.77461886 0.56777239 2.3397064 3684408
0.78517222 0.56777239 2.3397064 3684408
0.79572564 0.56777239 2.3397064 3684408
0.806279 0.56777239 2.3397064 3684408
0.8147217 0.56777239 2.3397064 3684408
0.82527512 0.56777239 2.3397064 3684408
0.83582854 0.56777239 2.3397064 3684408
0.84427118 0.56777239 2.3397064 3684408
0.8548246 0.56777239 2.3397064 3684408
0.86537802 0.56777239 2.3397064 3684408
0.87382072 0.56777239 2.3397064 3684408
0.88437408 0.56777239 2.3397064 3684408
0.8949275 0.56777239 2.3397064 3684408
0.90548086 0.56777239 2.3397064 3684408
0.91603428 0.56777239 2.3397064 3684408
0.92447698 0.56777239 2.3397064 3684408
0.9350304 0.56777239 2.3397064 3684408
0.94558376 0.56777239 2.3397064 3684408
0.95402646 0.56777239 2.3397064 3684408
0.96457988 0.56777239 2.3397064 3684408
0.9751333 0.56777239 2.3397064 3684408
0.9856866 0.56777239 2.3397064 3684408
0.99624002 0.56777239 2.3397064 3684408
1.0046828 0.56777239 2.3397064 3684408
1.015236 0.56777239 2.3397064 3684408
1.0257895 0.56777239 2.3397064 3684408
1.0342323 0.56777239 2.3397064 3684408
1.0447856 0.56777239 2.3397064 3684408
1.0553391 0.56777239 2.3397064 3684408
1.0637817 0.56777239 2.3397064 3684408
1.0743351 0.56777239 2.3397064 3684408
1.0848885 0.56777239 2.3397064 3684408
1.0954418 0.56777239 2.3397064 3684408
1.1059953 0.56777239 2.3397064 3684408
1.1144381 0.56777239 2.3397064 3684408
1.1249914 0.56777239 2.3397064 3684408
1.1355448 0.56777239 2.3397064 3684408
1.1439874 0.56777239 2.3397064 3684408
1.1545409 0.56777239 2.3397064 3684408
1.1650944 0.56777239 2.3397064 3684408
1.1756477 0.56777239 2.3397064 3684408
1.1862011 0.56777239 2.3397064 3684408
1.1946437 0.56777239 2.3397064 3684408
1.2051972 0.56777239 2.3397064 3684408
1.2157505 0.56777239 2.3397064 3684408
1.2241933 0.56777239 2.3397064 3684408
1.2347466 0.56777239 2.3397064 3684408
1.2453001 0.56777239 2.3397064 3684408
1.2537427 0.56777239 2.3397064 3684408
1.2642962 0.56777239 2.3397064 3684408
1.2748495 0.56777239 2.3397064 3684408
1.2854029 0.56777239 2.3397064 3684408
1.2959564 0.56777239 2.3397064 3684408
1.304399 0.56777239 2.3397064 3684408
1.3149524 0.56777239 2.3397064 3684408
1.3255057 0.56777239 2.3397064 3684408
1.3339486 0.56777239 2.3397064 3684408
1.344502 0.56777239 2.3397064 3684408
-1.3435488 0.57069236 2.334383 10197915
-1.3351312 0.5706948 2.3343935 10197915
-1.3245977 0.57069319 2.3343866 10197915
-1.3140688 0.57069331 2.3343871 10197915
-1.3056455 0.57069337 2.3343873 10197915
-1.2951177 0.57069421 2.3343906 10197915
-1.2845875 0.57069385 2.3343892 10197915
-1.276161 0.57069242 2.3343835 10197915
-1.2656343 0.57069367 2.3343885 10197915
-1.2551048 0.57069361 2.3343885 10197915
-1.2445763 0.57069415 2.3343904 10197915
-1.2340428 0.57069212 2.3343821 10197915
-1.2256236 0.57069421 2.3343906 10197915
-1.2150908 0.57069254 2.334384 10197915
-1.2045615 0.57069266 2.3343842 10197915
-1.1961383 0.57069272 2.3343847 10197915
-1.1856102 0.57069331 2.3343871 10197915
-1.1750803 0.57069314 2.3343863 10197915
-1.1645494 0.57069248 2.3343832 10197915
-1.154021 0.5706929 2.3343854 10197915
-1.1455986 0.57069343 2.3343875 10197915
-1.1350689 0.57069325 2.3343868 10197915
-1.1245368 0.57069188 2.3343811 10197915
-1.1161165 0.57069349 2.3343878 10197915
-1.1055861 0.57069296 2.3343856 10197915
-1.0950582 0.57069379 2.334389 10197915
-1.0845255 0.57069206 2.3343818 10197915
-1.0739992 0.57069367 2.3343885 10197915
-1.065573 0.57069224 2.3343828 10197915
-1.0550469 0.57069409 2.3343902 10197915
-1.0445149 0.57069266 2.3343844 10197915
-1.0360917 0.57069278 2.3343849 10197915
-1.0255622 0.57069266 2.3343844 10197915
-1.0150359 0.57069445 2.3343918 10197915
-1.0045038 0.57069296 2.3343856 10197915
-0.99397355 0.57069242 2.3343835 10197915
-0.98555124 0.57069314 2.3343863 10197915
-0.97502232 0.57069343 2.3343875 10197915
-0.96449292 0.57069343 2.3343875 10197915
-0.95606709 0.57069206 2.3343818 10197915
-0.94553971 0.57069319 2.3343866 10197915
-0.93501139 0.57069385 2.3343892 10197915
-0.92448139 0.57069355 2.334388 10197915
-0.91394985 0.57069218 2.3343825 10197915
-0.90552819 0.57069337 2.3343873 10197915
-0.89499879 0.57069331 2.3343871 10197915
-0.88447058 0.57069415 2.3343904 10197915
-0.87604523 0.5706929 2.3343854 10197915
-0.86551571 0.57069284 2.3343852 10197915
-0.85498548 0.5706923 2.3343828 10197915
-0.84445912 0.57069439 2.3343914 10197915
-0.83392781 0.57069302 2.3343859 10197915
-0.82550448 0.57069314 2.3343863 10197915
-0.81497449 0.57069272 2.3343847 10197915
-0.80444795 0.57069474 2.334393 10197915
-0.79602277 0.57069355 2.334388 10197915
-0.78549224 0.57069284 2.3343849 10197915
-0.77496374 0.57069337 2.3343873 10197915
-0.76443464 0.57069367 2.3343885 10197915
-0.7539053 0.57069373 2.3343887 10197915
-0.7454803 0.57069254 2.334384 10197915
-0.73495221 0.57069349 2.3343878 10197915
-0.72442371 0.57069421 2.3343909 10197915
-0.71600032 0.57069433 2.3343911 10197915
-0.70546889 0.57069272 2.3343847 10197915
-0.69494057 0.57069361 2.3343883 10197915
-0.6844098 0.57069248 2.3343837 10197915
-0.67388111 0.57069314 2.3343861 10197915
-0.66545773 0.57069319 2.3343866 10197915
-0.65492827 0.57069314 2.3343861 10197915
-0.64439821 0.57069254 2.334384 10197915
-0.63597393 0.57069182 2.3343811 10197915
-0.62544614 0.57069325 2.3343868 10197915
-0.61491692 0.57069349 2.3343878 10197915
-0.60438699 0.57069296 2.3343856 10197915
-0.5938561 0.57069159 2.3343797 10197915
-0.58543503 0.57069385 2.3343892 10197915
-0.57490492 0.57069319 2.3343866 10197915
-0.56437618 0.57069385 2.3343892 10197915
-0.55595088 0.57069206 2.3343818 10197915
-0.54542273 0.57069325 2.3343868 10197915
-0.53482664 0.57062185 2.334095 6384758
-0.52613062 0.57032526 2.3328817 4410968
-0.51961118 0.57009971 2.331959 5003623
0.56379592 0.57010674 2.3319879 3356476
0.57469481 0.57048386 2.3335302 3356475
0.58542919 0.57068813 2.3343658 3684408
0.59385264 0.57068813 2.3343658 3684408
0.60438192 0.57068813 2.3343658 3684408
0.6149112 0.57068813 2.3343658 3684408
0.62544084 0.57068843 2.334367 3684408
0.63597083 0.57068908 2.3343697 3684408
0.64439428 0.57068908 2.3343697 3684408
0.65492362 0.57068908 2.3343697 3684408
0.66545296 0.57068908 2.3343697 3684408
0.6738764 0.57068908 2.3343697 3684408
0.68440574 0.57068908 2.3343697 3684408
0.69493496 0.57068908 2.3343697 3684408
0.70546436 0.57068908 2.3343697 3684408
0.71599364 0.57068908 2.3343697 3684408
0.72441709 0.57068908 2.3343697 3684408
0.73494643 0.57068908 2.3343697 3684408
0.74547577 0.57068908 2.3343697 3684408
0.75389922 0.57068908 2.3343697 3684408
0.76442856 0.57068908 2.3343697 3684408
0.7749579 0.57068908 2.3343697 3684408
0.78548717 0.57068908 2.3343697 3684408
0.79601645 0.57068908 2.3343697 3684408
0.8044399 0.57068908 2.3343697 3684408
0.81496924 0.57068908 2.3343697 3684408
0.82549858 0.57068908 2.3343697 3684408
0.83392203 0.57068908 2.3343697 3684408
0.84445137 0.57068908 2.3343697 3684408
0.85498071 0.57068908 2.3343697 3684408
0.86550999 0.57068908 2.3343697 3684408
0.87603927 0.57068908 2.3343697 3684408
0.88446271 0.57068908 2.3343697 3684408
0.89499205 0.57068908 2.3343697 3684408
0.90552139 0.57068908 2.3343697 3684408
0.91394484 0.57068908 2.3343697 3684408
0.92447418 0.57068908 2.3343697 3684408
0.93500352 0.57068908 2.3343697 3684408
0.9455328 0.57068908 2.3343697 3684408
0.95606208 0.57068908 2.3343697 3684408
0.96448553 0.57068908 2.3343697 3684408
0.97501487 0.57068908 2.3343697 3684408
0.9855442 0.57068908 2.3343697 3684408
0.99396765 0.57068908 2.3343697 3684408
1.0044969 0.57068908 2.3343697 3684408
1.0150263 0.57068908 2.3343697 3684408
1.0255557 0.57068908 2.3343697 3684408
1.0360849 0.57068908 2.3343697 3684408
1.0445085 0.57068908 2.3343697 3684408
1.0550376 0.57068908 2.3343697 3684408
1.065567 0.57068908 2.3343697 3684408
1.0739905 0.57068908 2.3343697 3684408
1.0845199 0.57068908 2.3343697 3684408
1.0950491 0.57068908 2.3343697 3684408
1.1055784 0.57068908 2.3343697 3684408
1.1161077 0.57068908 2.3343697 3684408
1.1245313 0.57068908 2.3343697 3684408
1.1350604 0.57068908 2.3343697 3684408
1.1455898 0.57068908 2.3343697 3684408
1.1540133 0.57068908 2.3343697 3684408
1.1645426 0.57068908 2.3343697 3684408
1.175072 0.57068908 2.3343697 3684408
1.1856012 0.57068908 2.3343697 3684408
1.1961305 0.57068908 2.3343697 3684408
1.2045541 0.57068908 2.3343697 3684408
1.2150834 0.57068908 2.3343697 3684408
1.2256126 0.57068908 2.3343697 3684408
1.2340362 0.57068908 2.3343697 3684408
1.2445654 0.57068908 2.3343697 3684408
1.2550948 0.57068908 2.3343697 3684408
1.265624 0.57068908 2.3343697 3684408
1.2761533 0.57068908 2.3343697 3684408
1.2845769 0.57068908 2.3343697 3684408
1.2951062 0.57068908 2.3343697 3684408
1.3056355 0.57068908 2.3343697 3684408
1.314059 0.57068908 2.3343697 3684408
1.3245882 0.57068908 2.3343697 3684408
1.3351176 0.57068908 2.3343697 3684408
1.343541 0.57068908 2.3343697 3684408
-0.1504792 0.51925921 2.3494029 3422268
-0.1440638 0.51905239 2.3484671 3356732
-0.13551751 0.51877689 2.3472204 3356475
-0.12484786 0.51843286 2.3456643 3356475
-0.11432694 0.51658463 2.3468921 3290682
-0.10580628 0.51633114 2.3457408 3290682
-0.095191859 0.51614612 2.3449037 3290425
-0.084601685 0.51606667 2.3445439 3224888
-0.076141506 0.51606667 2.3445439 3224631
-0.065566301 0.51606667 2.3445442 3093045
-0.054991096 0.51606673 2.3445439 3026995
-0.044415887 0.51606679 2.3445442 2961200
-0.033840675 0.51606679 2.3445442 2895151
-0.025380507 0.51606679 2.3445442 2895150
0.069796398 0.51606679 2.3445442 2895150
0.076141514 0.51606673 2.3445442 2895150
0.084601685 0.51606679 2.3445442 2895150
0.095176898 0.51606679 2.3445442 2895150
0.10575211 0.51606679 2.3445442 2895150
0.11421227 0.51606679 2.3445442 2895150
0.12478749 0.51606673 2.3445442 2895150
0.13536948 0.5160923 2.3446598 2895150
0.14386579 0.51622087 2.3452415 2895150
0.15451697 0.51646268 2.346338 2895150
0.16501319 0.51830977 2.3451071 2895407
0.17570822 0.51865458 2.3466671 2960944
0.18641651 0.51899976 2.3482289 2961200
0.19499382 0.51927626 2.3494802 2961201
-0.22463724 0.52768493 2.3491716 3488318
-0.2160456 0.52740479 2.3479242 3488318
-0.20412868 0.5277642 2.3448253 3488062
-0.19460639 0.52670568 2.3448119 3488062
-0.18502562 0.52459145 2.3467193 3422525
-0.17466995 0.5248552 2.3441153 3422525
-0.16488197 0.52423668 2.3432422 3422269
-0.15439337 0.52239698 2.3444612 3422268
-0.14372282 0.52205098 2.3429086 3356732
-0.13519692 0.52177453 2.3416679 3356475
-0.12668005 0.52149838 2.3404286 3356475
0.17529149 0.52164835 2.3411014 2960943
0.18597411 0.52199471 2.3426561 2961200
0.1945308 0.52227217 2.3439012 2961201
0.2061874 0.52339995 2.3442245 2961201
0.21570623 0.524459 2.3442359 3026994
0.22428451 0.52473795 2.3454826 3026994
0.23410425 0.52535772 2.3463597 3026995
0.24599838 0.52794462 2.3440611 3092787
0.25407767 0.52721065 2.34706 3092788
0.26484093 0.5275616 2.3486226 3093044
0.27346066 0.5278427 2.3498738 3158581
-0.32395566 0.53992605 2.3471103 3488319
-0.31531963 0.53963971 2.3458655 3488319
-0.30405691 0.53827184 2.3460619 3488319
-0.29504675 0.53717858 2.3462174 3488319
-0.28457123 0.53742826 2.3436146 3488319
-0.27556852 0.53633624 2.3437691 3488319
-0.26370418 0.53375643 2.346061 3488319
-0.25387487 0.5331341 2.3451862 3488319
-0.24528232 0.53285158 2.3439434 3488319
-0.23576453 0.53179258 2.3439322 3488319
-0.22410539 0.53066397 2.3436096 3488318
-0.21553439 0.53038293 2.3423684 3488318
-0.20697242 0.53010213 2.3411283 3488062
0.2556217 0.53025508 2.3418036 3092788
0.26636088 0.53060722 2.343359 3093044
0.27496287 0.53088927 2.3446047 3158581
0.28538719 0.53272414 2.3433816 3158837
0.29493254 0.53273922 2.3453097 3158838
0.3047798 0.53336167 2.3461874 3158838
0.31519419 0.53519726 2.3449607 3224631
0.32560426 0.5370326 2.3437338 3224631
0.3342391 0.53731811 2.3449802 3224632
0.34504607 0.53767544 2.34654 3224888
0.3554433 0.53951168 2.3453088 3290425
0.3640998 0.53979874 2.3465567 3290425
-0.41540235 0.54892415 2.3493729 3422526
-0.40453717 0.5485599 2.3478138 3488062
-0.39368546 0.54819608 2.3462567 3488062
-0.38501489 0.54790545 2.3450127 3488062
-0.37558818 0.5458082 2.3469205 3488318
-0.36502013 0.54604846 2.3443158 3488318
-0.35516042 0.54542202 2.3434424 3488318
-0.34389162 0.54281974 2.3458974 3488318
-0.33436859 0.54175878 2.3458886 3488319
-0.32632247 0.54198676 2.3438232 3488319
-0.31672677 0.54265809 2.3406286 3488319
0.35675851 0.54252625 2.34006 3290425
0.36539713 0.54281431 2.3413026 3290425
0.37544313 0.54136473 2.346014 3290681
0.38532352 0.54199058 2.3468924 3290682
0.3952302 0.5452913 2.34288 3290682
0.40486389 0.54531676 2.3448071 3290682
0.41475019 0.5459438 2.3456845 3356474
0.42427269 0.5470047 2.3456933 3356475
0.43597203 0.54813921 2.3460135 3356475
0.44467404 0.54843098 2.3472619 3356475
0.45556507 0.54879606 2.3488245 3356475
-0.4939023 0.55749488 2.3497653 3619906
-0.48516628 0.55719882 2.3485177 3554112
-0.47489014 0.55861801 2.3438144 3422525
-0.46589923 0.5575273 2.3439696 3422525
-0.45421997 0.55496806 2.3462615 3422525
-0.4443188 0.55433774 2.345387 3422525
-0.43562454 0.55404389 2.3441436 3422526
-0.42610508 0.55298477 2.3441324 3422526
-0.4144187 0.55185306 2.3438096 3422526
-0.40574616 0.55156076 2.3425684 3488062
-0.39491889 0.55119586 2.3410184 3488062
0.43493831 0.55106223 2.3404508 3356475
0.44361913 0.55135489 2.3416936 3356475
0.45448363 0.5517211 2.3432491 3356475
0.4653616 0.55208778 2.3448062 3356475
0.47470531 0.55417353 2.3429024 3356475
0.48539025 0.55394411 2.3455112 3356475
0.49530965 0.55457461 2.3463893 3356475
0.50641745 0.55716449 2.3439238 3356476
0.51593661 0.55822366 2.3439353 3356476
0.52415365 0.55801165 2.3460066 3356476
0.5340535 0.55736506 2.3492184 3356732
-1.3518221 0.56484592 2.3450823 10197915
-1.3454778 0.56484687 2.3450861 10197915
-1.3349009 0.56484711 2.3450873 10197915
-1.3243196 0.56484556 2.3450809 10197915
-1.3158603 0.56484675 2.3450859 10197915
-1.3052818 0.56484646 2.3450844 10197915
-1.2947053 0.56484687 2.3450866 10197915
-1.2862403 0.56484568 2.3450816 10197915
-1.2756647 0.56484652 2.3450849 10197915
-1.2650852 0.56484568 2.3450816 10197915
-1.254511 0.56484729 2.3450882 10197915
-1.2439314 0.5648464 2.3450844 10197915
-1.2354689 0.56484616 2.3450835 10197915
-1.2248907 0.56484604 2.3450828 10197915
-1.2143109 0.56484491 2.3450782 10197915
-1.2058523 0.56484663 2.3450851 10197915
-1.1952735 0.5648461 2.345083 10197915
-1.1846981 0.56484717 2.3450875 10197915
-1.1762326 0.56484556 2.3450809 10197915
-1.1656557 0.56484586 2.3450823 10197915
-1.1550775 0.56484556 2.3450809 10197915
-1.144502 0.56484658 2.3450854 10197915
-1.1339216 0.56484532 2.3450799 10197915
-1.1254609 0.56484598 2.3450828 10197915
-1.1148833 0.56484598 2.3450825 10197915
-1.1043077 0.56484699 2.3450868 10197915
-1.0958443 0.5648464 2.3450844 10197915
-1.0852648 0.56484538 2.3450804 10197915
-1.0746882 0.56484592 2.3450825 10197915
-1.0662272 0.56484663 2.3450851 10197915
-1.0556494 0.56484646 2.3450844 10197915
-1.0450687 0.56484485 2.345078 10197915
-1.0344943 0.56484658 2.3450851 10197915
-1.0239165 0.56484646 2.3450847 10197915
-1.0154548 0.56484663 2.3450856 10197915
-1.0048747 0.56484538 2.3450801 10197915
-0.99429953 0.56484675 2.3450861 10197915
-0.98583555 0.56484574 2.3450816 10197915
-0.97526056 0.56484717 2.3450878 10197915
-0.96468043 0.5648458 2.3450818 10197915
-0.9562186 0.56484592 2.3450825 10197915
-0.94564122 0.5648461 2.345083 10197915
-0.93506503 0.56484699 2.3450868 10197915
-0.92448503 0.56484556 2.3450809 10197915
-0.91390765 0.56484568 2.3450813 10197915
-0.90544677 0.56484652 2.3450847 10197915
-0.89486963 0.56484681 2.3450861 10197915
-0.88429165 0.56484658 2.3450851 10197915
-0.87582719 0.56484509 2.3450789 10197915
-0.86525136 0.56484628 2.345084 10197915
-0.8546741 0.56484646 2.3450847 10197915
-0.84621292 0.56484711 2.3450875 10197915
-0.83563274 0.56484538 2.3450801 10197915
-0.82505774 0.56484723 2.3450878 10197915
-0.81447893 0.56484646 2.3450844 10197915
-0.80390131 0.5648464 2.3450847 10197915
-0.79543829 0.5648458 2.3450818 10197915
-0.78486156 0.56484646 2.3450844 10197915
-0.77428317 0.56484592 2.3450825 10197915
-0.76582372 0.56484789 2.3450906 10197915
-0.75524378 0.56484622 2.3450835 10197915
-0.74466622 0.56484628 2.3450837 10197915
-0.73620439 0.56484646 2.3450847 10197915
-0.72562736 0.56484693 2.3450866 10197915
-0.71504867 0.56484616 2.3450832 10197915
-0.70447046 0.56484574 2.3450816 10197915
-0.69389403 0.56484663 2.3450856 10197915
-0.68543065 0.56484562 2.3450813 10197915
-0.67485356 0.5648461 2.3450832 10197915
-0.66427493 0.56484526 2.3450797 10197915
-0.65581459 0.56484675 2.3450859 10197915
-0.64523554 0.56484562 2.3450811 10197915
-0.63465798 0.56484562 2.3450811 10197915
-0.62619615 0.5648458 2.3450818 10197915
-0.61561942 0.56484675 2.3450859 10197915
-0.60504091 0.56484592 2.3450823 10197915
-0.59446311 0.56484574 2.3450816 10197915
-0.58388579 0.56484604 2.3450828 10197915
-0.57542396 0.56484628 2.3450842 10197915
-0.56484628 0.56484634 2.3450842 10197915
-0.55426699 0.56484461 2.345077 10197915
-0.54580677 0.56484652 2.3450851 10197915
-0.53437793 0.56400651 2.3459978 6977928
-0.52487642 0.56296951 2.3460894 4806243
-0.51494777 0.56233656 2.3452139 4542812
-0.50522304 0.56229842 2.3432918 4608348
-0.49491322 0.56047833 2.3445113 4806242
-0.48619539 0.56018132 2.3432689 4015694
0.52623284 0.56004697 2.3427069 3356476
0.5349713 0.5603447 2.3439522 3356476
0.54620242 0.5617063 2.3437605 3356476
0.55518717 0.56279647 2.3436055 3356476
0.56495249 0.56283635 2.3455331 3356476
0.57372141 0.56313586 2.3467813 3356475
0.58387589 0.5648365 2.3450432 3618872
0.59445333 0.5648365 2.3450432 3684408
0.60503083 0.5648365 2.3450432 3684408
0.61560827 0.5648365 2.3450432 3684408
0.62618577 0.5648365 2.3450432 3684408
0.63464773 0.5648365 2.3450432 3684408
0.64522624 0.5648374 2.345047 3684408
0.65580368 0.5648374 2.345047 3684408
0.66426569 0.5648374 2.345047 3684408
0.67484313 0.5648374 2.345047 3684408
0.68542063 0.5648374 2.345047 3684408
0.69388264 0.5648374 2.345047 3684408
0.70446014 0.5648374 2.345047 3684408
0.71503758 0.5648374 2.345047 3684408
0.72561508 0.5648374 2.345047 3684408
0.73619258 0.5648374 2.345047 3684408
0.74465454 0.5648374 2.345047 3684408
0.75523204 0.5648374 2.345047 3684408
0.76580948 0.5648374 2.345047 3684408
0.77427149 0.5648374 2.345047 3684408
0.78484899 0.5648374 2.345047 3684408
0.79542643 0.5648374 2.345047 3684408
0.80388844 0.5648374 2.345047 3684408
0.81446594 0.5648374 2.345047 3684408
0.82504338 0.5648374 2.345047 3684408
0.83562088 0.5648374 2.345047 3684408
0.84619832 0.5648374 2.345047 3684408
0.85466033 0.5648374 2.345047 3684408
0.86523777 0.5648374 2.345047 3684408
0.87581527 0.5648374 2.345047 3684408
0.88427728 0.5648374 2.345047 3684408
0.89485472 0.5648374 2.345047 3684408
0.90543222 0.5648374 2.345047 3684408
0.91389418 0.5648374 2.345047 3684408
0.92447168 0.5648374 2.345047 3684408
0.93504918 0.5648374 2.345047 3684408
0.94562656 0.5648374 2.345047 3684408
0.95620412 0.5648374 2.345047 3684408
0.96466613 0.5648374 2.345047 3684408
0.97524357 0.5648374 2.345047 3684408
0.98582107 0.5648374 2.345047 3684408
0.99428308 0.5648374 2.345047 3684408
1.0048605 0.5648374 2.345047 3684408
1.015438 0.5648374 2.345047 3684408
1.0239 0.5648374 2.345047 3684408
1.0344775 0.5648374 2.345047 3684408
1.0450549 0.5648374 2.345047 3684408
1.0556325 0.5648374 2.345047 3684408
1.0662099 0.5648374 2.345047 3684408
1.0746719 0.5648374 2.345047 3684408
1.0852494 0.5648374 2.345047 3684408
1.0958269 0.5648374 2.345047 3684408
1.1042888 0.5648374 2.345047 3684408
1.1148663 0.5648374 2.345047 3684408
1.1254438 0.5648374 2.345047 3684408
1.1339058 0.5648374 2.345047 3684408
1.1444832 0.5648374 2.345047 3684408
1.1550608 0.5648374 2.345047 3684408
1.1656382 0.5648374 2.345047 3684408
1.1762156 0.5648374 2.345047 3684408
1.1846777 0.5648374 2.345047 3684408
1.1952552 0.5648374 2.345047 3684408
1.2058326 0.5648374 2.345047 3684408
1.2142947 0.5648374 2.345047 3684408
1.2248721 0.5648374 2.345047 3684408
1.2354496 0.5648374 2.345047 3684408
1.2439115 0.5648374 2.345047 3684408
1.2544891 0.5648374 2.345047 3684408
1.2650665 0.5648374 2.345047 3684408
1.2756439 0.5648374 2.345047 3684408
1.2862215 0.5648374 2.345047 3684408
1.2946835 0.5648374 2.345047 3684408
1.3052609 0.5648374 2.345047 3684408
1.3158385 0.5648374 2.345047 3684408
1.3243004 0.5648374 2.345047 3684408
1.3348778 0.5648374 2.345047 3684408
1.3454554 0.5648374 2.345047 3684408
1.3518019 0.5648374 2.345047 3684408
-0.18091697 0.51720965 2.35939 3422526
-0.17360868 0.51798517 2.3564732 3422525
-0.16566631 0.51823485 2.3543892 3422269
-0.15583703 0.51761639 2.3535075 3422268
-0.14457852 0.51452589 2.356858 3356732
-0.13600144 0.51425183 2.3556023 3356475
-0.12529534 0.51391786 2.3540728 3356475
-0.11479145 0.51231003 2.3564334 3356475
-0.10628839 0.51231003 2.3564334 3290682
-0.095659547 0.51231003 2.3564334 3224888
-0.085030705 0.51231003 2.3564334 3093045
-0.074401878 0.51231003 2.3564336 3026995
-0.063773036 0.51231003 2.3564336 2961200
-0.055269964 0.51231003 2.3564336 2895407
-0.044641126 0.51231003 2.3564336 2960943
-0.034012288 0.51231003 2.3564336 2960943
-0.025509214 0.51231003 2.3564336 2960943
0.074401878 0.51231003 2.3564336 2895407
0.08503072 0.51231003 2.3564336 2895407
0.095659554 0.51231003 2.3564336 2895407
0.10628839 0.51231003 2.3564334 2895407
0.11479147 0.51231003 2.3564336 2895407
0.1254203 0.51231003 2.3564336 2895407
0.13604915 0.51231003 2.3564336 2895407
0.1445522 0.51231003 2.3564334 2895407
0.15518105 0.51231003 2.3564334 2895407
0.1656113 0.51381648 2.3536088 2895407
0.174189 0.51406664 2.354754 2960944
0.18493415 0.51440996 2.3563268 2960944
0.19545904 0.51626599 2.3550854 2961201
0.20382324 0.51804745 2.353538 2961201
0.21377349 0.51806432 2.3555455 3026993
0.22562447 0.51723278 2.3594956 3026994
-0.29153287 0.52986634 2.3588827 3488319
-0.28503519 0.52965438 2.3579392 3488319
-0.27637932 0.52937216 2.3566828 3488319
-0.26557294 0.52901977 2.3551142 3488319
-0.25508359 0.52716964 2.3563519 3488319
-0.2452126 0.52654731 2.3554692 3488319
-0.23475134 0.52680981 2.3528454 3488319
-0.22517166 0.52469176 2.3547602 3488318
-0.21466358 0.52283967 2.3559978 3488318
-0.20390046 0.52249163 2.3544297 3488062
-0.19530064 0.52221364 2.3531768 3488062
-0.18478344 0.520365 2.3544061 3422525
-0.17619313 0.52008814 2.3531535 3422525
0.21862826 0.52003807 2.352927 3026994
0.22508645 0.52024633 2.353869 3026994
0.23567092 0.52159387 2.3535705 3026995
0.24512 0.52210027 2.3545792 3092787
0.25498748 0.52272123 2.3554642 3092788
0.26486057 0.52334285 2.3563488 3093044
0.276775 0.5259428 2.3540306 3158581
0.2845889 0.52669877 2.3542473 3158837
0.29446799 0.5273217 2.3551311 3158838
0.30406594 0.52733231 2.3570778 3158838
0.31453419 0.52918202 2.3558364 3224631
0.32537809 0.52953565 2.3574107 3224631
0.33623552 0.5298897 2.3589869 3224632
-0.37250814 0.5385403 2.3595929 3488318
-0.36597615 0.53832495 2.3586493 3488318
-0.35510102 0.53796631 2.3570778 3488318
-0.34423947 0.53760815 2.3555086 3488318
-0.33510312 0.5363059 2.3560207 3488319
-0.32511321 0.53547686 2.3554916 3488319
-0.31427893 0.53512055 2.3539245 3488319
-0.30646339 0.53436399 2.353708 3488319
-0.2953406 0.5322476 2.3553038 3488319
-0.28435785 0.53263986 2.3523359 3488319
-0.27572286 0.53235674 2.3510852 3488319
-0.26925242 0.53214455 2.3501482 3488319
0.31594729 0.53223336 2.3505406 3224631
0.32460287 0.53251725 2.351794 3224631
0.3354339 0.53287244 2.3533628 3224632
0.34365869 0.53213871 2.3563907 3224888
0.35549644 0.53472978 2.3540728 3290424
0.36540329 0.53535533 2.3549571 3290425
0.3741008 0.53564137 2.3562155 3290681
0.38366589 0.53670704 2.3562243 3290681
0.39541218 0.53784525 2.3565474 3290682
0.40413159 0.53813279 2.3578072 3290682
0.41286036 0.53842062 2.3590684 3356474
-0.44451401 0.54766423 2.3576429 3422525
-0.43453771 0.54837394 2.3543 3422526
-0.42461002 0.54774404 2.3534193 3422526
-0.41453719 0.54492307 2.3565195 3422526
-0.40501255 0.54440677 2.3555133 3488062
-0.39509079 0.54377794 2.3546319 3488062
-0.38517457 0.54314989 2.35375 3488062
-0.37379587 0.54157883 2.354295 3488318
-0.36510617 0.5412907 2.3530424 3488318
-0.35642564 0.54100281 2.3517909 3488318
-0.34775442 0.54071528 2.3505411 3488318
0.39447045 0.54080594 2.350935 3290682
0.40534508 0.54116648 2.3525026 3290682
0.41623324 0.54152763 2.3540721 3356474
0.42534289 0.54282427 2.353565 3356475
0.43437314 0.54392022 2.3534083 3356475
0.44506091 0.5436784 2.3560405 3356475
0.45409882 0.54477578 2.3558836 3356475
0.46582541 0.54735386 2.3535666 3356475
0.47577158 0.547984 2.3544507 3356475
0.48452616 0.54827672 2.3557081 3356475
0.49109796 0.54849648 2.3566523 3356475
-1.3559195 0.55894482 2.3558769 10197915
-1.3452973 0.55894661 2.3558843 10197915
-1.3346676 0.55894518 2.3558781 10197915
-1.3261681 0.55894583 2.355881 10197915
-1.3155414 0.55894572 2.3558805 10197915
-1.304919 0.55894744 2.3558877 10197915
-1.2942883 0.55894548 2.3558795 10197915
-1.2836626 0.55894578 2.3558807 10197915
-1.275161 0.55894554 2.3558798 10197915
-1.2645377 0.55894691 2.3558855 10197915
-1.2539098 0.55894625 2.3558829 10197915
-1.2454051 0.55894458 2.355876 10197915
-1.2347826 0.55894631 2.3558834 10197915
-1.224152 0.5589444 2.355875 10197915
-1.2156525 0.55894518 2.3558781 10197915
-1.2050256 0.55894488 2.3558769 10197915
-1.1944041 0.55894715 2.3558865 10197915
-1.1859 0.55894566 2.3558803 10197915
-1.1752719 0.55894488 2.3558769 10197915
-1.1646465 0.5589453 2.3558788 10197915
-1.1561459 0.55894554 2.3558798 10197915
-1.1455214 0.55894637 2.3558834 10197915
-1.1348909 0.5589444 2.355875 10197915
-1.1242681 0.55894613 2.3558824 10197915
-1.1136413 0.55894595 2.3558815 10197915
-1.1051409 0.55894625 2.3558829 10197915
-1.0945107 0.55894428 2.3558748 10197915
-1.0838885 0.55894649 2.3558836 10197915
-1.0753851 0.5589453 2.3558786 10197915
-1.0647618 0.55894679 2.3558848 10197915
-1.0541322 0.55894506 2.3558779 10197915
-1.0456315 0.5589453 2.3558788 10197915
-1.0350051 0.55894524 2.3558786 10197915
-1.0243818 0.55894685 2.3558855 10197915
-1.0158795 0.55894625 2.3558829 10197915
-1.0052518 0.55894548 2.3558795 10197915
-0.9946264 0.55894601 2.3558817 10197915
-0.98612577 0.55894625 2.3558829 10197915
-0.97549915 0.55894613 2.3558824 10197915
-0.96486938 0.55894411 2.3558738 10197915
-0.9563719 0.55894625 2.3558826 10197915
-0.94574547 0.55894613 2.3558824 10197915
-0.93511951 0.55894643 2.3558836 10197915
-0.92449063 0.55894488 2.3558772 10197915
-0.91386712 0.55894667 2.3558846 10197915
-0.90536439 0.5589456 2.35588 10197915
-0.89473987 0.55894673 2.3558848 10197915
-0.884112 0.55894578 2.3558807 10197915
-0.87561059 0.5589456 2.35588 10197915
-0.86498475 0.55894595 2.3558815 10197915
-0.8543601 0.55894709 2.355886 10197915
-0.8458575 0.55894601 2.3558817 10197915
-0.83523089 0.55894589 2.3558815 10197915
-0.82460439 0.55894578 2.3558807 10197915
-0.81610429 0.55894649 2.3558836 10197915
-0.80547756 0.55894619 2.3558824 10197915
-0.7948494 0.55894494 2.3558772 10197915
-0.78635043 0.55894637 2.3558834 10197915
-0.7757234 0.55894589 2.355881 10197915
-0.76509798 0.55894661 2.3558841 10197915
-0.75446987 0.55894536 2.3558788 10197915
-0.74384493 0.55894637 2.3558831 10197915
-0.7353431 0.55894578 2.3558807 10197915
-0.72471815 0.55894685 2.3558853 10197915
-0.71409011 0.55894554 2.3558798 10197915
-0.70558989 0.55894625 2.3558826 10197915
-0.6949628 0.55894566 2.35588 10197915
-0.68433535 0.5589447 2.3558762 10197915
-0.67583549 0.55894572 2.3558805 10197915
-0.66520905 0.55894566 2.35588 10197915
-0.6545831 0.55894589 2.3558812 10197915
-0.64608079 0.55894488 2.3558769 10197915
-0.63545531 0.5589456 2.35588 10197915
-0.62482834 0.55894512 2.3558779 10197915
-0.61632895 0.55894661 2.3558841 10197915
-0.60570121 0.55894536 2.3558788 10197915
-0.59507459 0.55894506 2.3558779 10197915
-0.58444858 0.55894542 2.3558791 10197915
-0.57382357 0.55894673 2.3558846 10197915
-0.56532133 0.55894554 2.3558795 10197915
-0.55469459 0.55894512 2.3558779 10197915
-0.54406834 0.55894524 2.3558784 10197915
-0.53551269 0.55888802 2.3556373 7241357
-0.5241757 0.55733353 2.3562624 5069930
-0.51420611 0.55669963 2.3553801 4806242
-0.50543767 0.55640334 2.3541265 4542556
-0.4958773 0.55533969 2.354115 4344918
-0.48470855 0.55273497 2.3565948 3422525
-0.47595122 0.55244058 2.3553398 3422525
-0.46501827 0.55207306 2.3537729 3422525
-0.45463836 0.55023956 2.3550026 3422525
-0.4480857 0.55001986 2.3540626 3422525
0.49708134 0.55018795 2.3547821 3356475
0.50524628 0.55194688 2.353235 3356476
0.51520383 0.55257893 2.3541179 3356476
0.52498013 0.5526104 2.3560629 3356476
0.53355384 0.55339462 2.356384 3356476
0.54465407 0.55653876 2.3529024 3356476
0.5554629 0.55631113 2.3555336 3356476
0.56545103 0.55694515 2.3564188 3356476
0.57357502 0.55870432 2.3548632 3356475
0.58444041 0.55893749 2.3558457 3553080
0.59507149 0.55894214 2.3558655 3684408
0.60569781 0.55894214 2.3558655 3684408
0.61632407 0.55894214 2.3558655 3684408
0.62482506 0.55894214 2.3558655 3684408
0.63545132 0.55894214 2.3558655 3684408
0.64607763 0.55894214 2.3558655 3684408
0.65457916 0.55894256 2.3558674 3684408
0.66520602 0.55894303 2.3558693 3684408
0.67583227 0.55894303 2.3558693 3684408
0.68433332 0.55894303 2.3558693 3684408
0.69495964 0.55894303 2.3558693 3684408
0.7055859 0.55894303 2.3558693 3684408
0.71408695 0.55894303 2.3558693 3684408
0.72471327 0.55894303 2.3558693 3684408
0.73533952 0.55894303 2.3558693 3684408
0.74384058 0.55894303 2.3558693 3684408
0.75446683 0.55894303 2.3558693 3684408
0.76509315 0.55894303 2.3558693 3684408
0.77571946 0.55894303 2.3558693 3684408
0.78634572 0.55894303 2.3558693 3684408
0.79484677 0.55894303 2.3558693 3684408
0.80547309 0.55894303 2.3558693 3684408
0.81609935 0.55894303 2.3558693 3684408
0.8246004 0.55894303 2.3558693 3684408
0.83522671 0.55894303 2.3558693 3684408
0.84585297 0.55894303 2.3558693 3684408
0.85435402 0.55894303 2.3558693 3684408
0.8649804 0.55894303 2.3558693 3684408
0.8756066 0.55894303 2.3558693 3684408
0.88410765 0.55894303 2.3558693 3684408
0.89473397 0.55894303 2.3558693 3684408
0.90536022 0.55894303 2.3558693 3684408
0.91386127 0.55894303 2.3558693 3684408
0.92448759 0.55894303 2.3558693 3684408
0.93511385 0.55894303 2.3558693 3684408
0.94574016 0.55894303 2.3558693 3684408
0.95636642 0.55894303 2.3558693 3684408
0.96486747 0.55894303 2.3558693 3684408
0.97549373 0.55894303 2.3558693 3684408
0.9861201 0.55894303 2.3558693 3684408
0.9946211 0.55894303 2.3558693 3684408
1.0052474 0.55894303 2.3558693 3684408
1.0158737 0.55894303 2.3558693 3684408
1.0243747 0.55894303 2.3558693 3684408
1.035001 0.55894303 2.3558693 3684408
1.0456274 0.55894303 2.3558693 3684408
1.0541284 0.55894303 2.3558693 3684408
1.0647546 0.55894303 2.3558693 3684408
1.0753809 0.55894303 2.3558693 3684408
1.083882 0.55894303 2.3558693 3684408
1.0945083 0.55894303 2.3558693 3684408
1.1051346 0.55894303 2.3558693 3684408
1.1136355 0.55894303 2.3558693 3684408
1.1242619 0.55894303 2.3558693 3684408
1.1348882 0.55894303 2.3558693 3684408
1.1455145 0.55894303 2.3558693 3684408
1.1561408 0.55894303 2.3558693 3684408
1.1646419 0.55894303 2.3558693 3684408
1.1752681 0.55894303 2.3558693 3684408
1.1858944 0.55894303 2.3558693 3684408
1.1943954 0.55894303 2.3558693 3684408
1.2050217 0.55894303 2.3558693 3684408
1.2156481 0.55894303 2.3558693 3684408
1.2241491 0.55894303 2.3558693 3684408
1.2347753 0.55894303 2.3558693 3684408
1.2454016 0.55894303 2.3558693 3684408
1.2539027 0.55894303 2.3558693 3684408
1.264529 0.55894303 2.3558693 3684408
1.2751553 0.55894303 2.3558693 3684408
1.2836564 0.55894303 2.3558693 3684408
1.2942826 0.55894303 2.3558693 3684408
1.3049089 0.55894303 2.3558693 3684408
1.3155352 0.55894303 2.3558693 3684408
1.3261615 0.55894303 2.3558693 3684408
1.3346626 0.55894303 2.3558693 3684408
1.3452888 0.55894303 2.3558693 3684408
1.3559151 0.55894303 2.3558693 3750201
-1.3528055 0.56190199 2.3504665 10197915
-1.344328 0.56190372 2.3504736 10197915
-1.335844 0.56190264 2.3504691 10197915
-1.3252414 0.56190234 2.3504682 10197915
-1.3146409 0.561903 2.3504705 10197915
-1.3061599 0.56190318 2.3504715 10197915
-1.295559 0.56190372 2.3504736 10197915
-1.2849526 0.56190181 2.3504655 10197915
-1.2743551 0.5619036 2.3504732 10197915
-1.2637517 0.56190312 2.350471 10197915
-1.255271 0.56190336 2.3504725 10197915
-1.2446669 0.56190246 2.3504684 10197915
-1.234066 0.56190288 2.3504703 10197915
-1.2255827 0.56190211 2.350467 10197915
-1.214981 0.56190223 2.3504674 10197915
-1.204378 0.56190169 2.3504653 10197915
-1.1958978 0.5619024 2.3504682 10197915
-1.185297 0.56190294 2.3504703 10197915
-1.1746911 0.56190097 2.3504622 10197915
-1.166214 0.56190312 2.3504713 10197915
-1.1556108 0.56190252 2.3504689 10197915
-1.14501 0.56190306 2.350471 10197915
-1.1344051 0.56190163 2.3504651 10197915
-1.123806 0.561903 2.3504708 10197915
-1.1153221 0.56190181 2.3504658 10197915
-1.104723 0.56190324 2.3504717 10197915
-1.0941182 0.56190181 2.3504658 10197915
-1.0856371 0.56190205 2.3504667 10197915
-1.0750351 0.56190199 2.3504665 10197915
-1.0644376 0.56190431 2.3504763 10197915
-1.0559523 0.56190228 2.3504679 10197915
-1.0453498 0.56190205 2.3504667 10197915
-1.0347501 0.56190324 2.3504715 10197915
-1.026268 0.561903 2.3504705 10197915
-1.0156653 0.56190252 2.3504686 10197915
-1.0050623 0.56190193 2.3504663 10197915
-0.9944613 0.56190246 2.3504684 10197915
-0.98386014 0.56190288 2.3504701 10197915
-0.97537816 0.56190264 2.3504691 10197915
-0.96477383 0.56190127 2.3504632 10197915
-0.95417571 0.56190348 2.3504729 10197915
-0.94569087 0.56190157 2.3504648 10197915
-0.93509263 0.56190372 2.3504736 10197915
-0.92448831 0.56190228 2.3504679 10197915
-0.91600722 0.56190258 2.3504691 10197915
-0.90540534 0.56190258 2.3504694 10197915
-0.89480543 0.56190389 2.3504744 10197915
-0.8863222 0.56190282 2.3504701 10197915
-0.87571955 0.5619024 2.3504684 10197915
-0.86511827 0.56190276 2.3504698 10197915
-0.85451692 0.56190318 2.3504715 10197915
-0.84391427 0.56190276 2.3504696 10197915
-0.83543122 0.56190169 2.3504653 10197915
-0.82483107 0.56190294 2.3504703 10197915
-0.81422913 0.56190288 2.3504703 10197915
-0.80574787 0.56190312 2.3504715 10197915
-0.79514408 0.56190181 2.3504658 10197915
-0.78454393 0.56190312 2.350471 10197915
-0.77606094 0.56190205 2.3504667 10197915
-0.76546073 0.5619033 2.3504722 10197915
-0.754857 0.56190199 2.3504665 10197915
-0.7442556 0.56190234 2.3504682 10197915
-0.73365307 0.56190193 2.3504663 10197915
-0.72517431 0.56190407 2.3504753 10197915
-0.71456987 0.56190217 2.3504674 10197915
-0.70396852 0.56190264 2.3504691 10197915
-0.69548786 0.5619033 2.350472 10197915
-0.68488318 0.56190109 2.3504627 10197915
-0.67428386 0.56190324 2.3504717 10197915
-0.66580105 0.56190217 2.3504672 10197915
-0.65520066 0.56190348 2.3504727 10197915
-0.64459717 0.56190217 2.3504672 10197915
-0.63611591 0.5619024 2.3504682 10197915
-0.62551397 0.56190234 2.3504679 10197915
-0.61491334 0.5619036 2.3504732 10197915
-0.60431004 0.56190228 2.3504679 10197915
-0.59370804 0.56190228 2.3504677 10197915
-0.58522677 0.56190252 2.3504686 10197915
-0.57462531 0.561903 2.3504708 10197915
-0.56402284 0.5619024 2.3504684 10197915
-0.55554026 0.56190145 2.3504641 10197915
-0.54493958 0.56190264 2.3504694 10197915
-0.53644902 0.56189328 2.35043 8292755
0.57879889 0.56183773 2.3501978 3356475
0.585217 0.56189317 2.3504295 3684408
0.59369838 0.56189317 2.3504295 3684408
0.6043002 0.56189317 2.3504295 3684408
0.6149019 0.56189317 2.3504295 3684408
0.62550372 0.56189317 2.3504295 3684408
0.63610542 0.56189317 2.3504295 3684408
0.64458686 0.56189317 2.3504295 3684408
0.65518969 0.56189406 2.3504333 3684408
0.66579145 0.56189406 2.3504333 3684408
0.67427289 0.56189406 2.3504333 3684408
0.68487471 0.56189406 2.3504333 3684408
0.69547641 0.56189406 2.3504333 3684408
0.7039578 0.56189406 2.3504333 3684408
0.71455961 0.56189406 2.3504333 3684408
0.72516143 0.56189406 2.3504333 3684408
0.73364282 0.56189406 2.3504333 3684408
0.74424458 0.56189406 2.3504333 3684408
0.75484633 0.56189406 2.3504333 3684408
0.76544809 0.56189406 2.3504333 3684408
0.77604991 0.56189406 2.3504333 3684408
0.78453135 0.56189406 2.3504333 3684408
0.79513311 0.56189406 2.3504333 3684408
0.80573487 0.56189406 2.3504333 3684408
0.81421626 0.56189406 2.3504333 3684408
0.82481813 0.56189406 2.3504333 3684408
0.83541989 0.56189406 2.3504333 3684408
0.84390128 0.56189406 2.3504333 3684408
0.8545031 0.56189406 2.3504333 3684408
0.86510479 0.56189406 2.3504333 3684408
0.87570661 0.56189406 2.3504333 3684408
0.88630837 0.56189406 2.3504333 3684408
0.89478981 0.56189406 2.3504333 3684408
0.90539151 0.56189406 2.3504333 3684408
0.91599333 0.56189406 2.3504333 3684408
0.92447472 0.56189406 2.3504333 3684408
0.93507653 0.56189406 2.3504333 3684408
0.94567835 0.56189406 2.3504333 3684408
0.95415974 0.56189406 2.3504333 3684408
0.9647615 0.56189406 2.3504333 3684408
0.97536325 0.56189406 2.3504333 3684408
0.9838447 0.56189406 2.3504333 3684408
0.99444646 0.56189406 2.3504333 3684408
1.0050483 0.56189406 2.3504333 3684408
1.01565 0.56189406 2.3504333 3684408
1.0262518 0.56189406 2.3504333 3684408
1.0347332 0.56189406 2.3504333 3684408
1.0453349 0.56189406 2.3504333 3684408
1.0559368 0.56189406 2.3504333 3684408
1.0644182 0.56189406 2.3504333 3684408
1.07502 0.56189406 2.3504333 3684408
1.0856217 0.56189406 2.3504333 3684408
1.0941031 0.56189406 2.3504333 3684408
1.104705 0.56189406 2.3504333 3684408
1.1153067 0.56189406 2.3504333 3684408
1.1237881 0.56189406 2.3504333 3684408
1.1343899 0.56189406 2.3504333 3684408
1.1449916 0.56189406 2.3504333 3684408
1.1555935 0.56189406 2.3504333 3684408
1.1661952 0.56189406 2.3504333 3684408
1.1746767 0.56189406 2.3504333 3684408
1.1852784 0.56189406 2.3504333 3684408
1.1958802 0.56189406 2.3504333 3684408
1.2043617 0.56189406 2.3504333 3684408
1.2149634 0.56189406 2.3504333 3684408
1.2255652 0.56189406 2.3504333 3684408
1.2340466 0.56189406 2.3504333 3684408
1.2446483 0.56189406 2.3504333 3684408
1.2552501 0.56189406 2.3504333 3684408
1.2637315 0.56189406 2.3504333 3684408
1.2743334 0.56189406 2.3504333 3684408
1.2849351 0.56189406 2.3504333 3684408
1.2955369 0.56189406 2.3504333 3684408
1.3061386 0.56189406 2.3504333 3684408
1.31462 0.56189406 2.3504333 3684408
1.3252219 0.56189406 2.3504333 3684408
1.3358235 0.56189406 2.3504333 3684408
1.344305 0.56189406 2.3504333 3684408
1.3527864 0.56189406 2.3504333 3684408
-0.14294337 0.50990242 2.3649859 3356732
-0.13437793 0.50978291 2.3644316 3356732
-0.12371302 0.50978291 2.3644316 3356475
-0.11518108 0.50978291 2.3644316 3290681
-0.10451617 0.50978291 2.3644316 3159094
-0.093851261 0.50978297 2.3644319 3092787
-0.085319325 0.50978297 2.3644319 3026994
-0.074654408 0.50978291 2.3644316 2961200
-0.06398949 0.50978291 2.3644319 2961200
-0.055457562 0.50978291 2.3644319 2961200
-0.044792641 0.50978291 2.3644316 2961200
-0.034127727 0.50978291 2.3644319 2961200
-0.025595797 0.50978291 2.3644319 2961200
0.0746544 0.50978291 2.3644316 2961200
0.085319318 0.50978291 2.3644316 2961200
0.093851253 0.50978291 2.3644316 2961200
0.10451617 0.50978291 2.3644316 2961200
0.11518108 0.50978291 2.3644316 2961200
0.12371302 0.50978291 2.3644316 2961200
0.13437793 0.50978291 2.3644316 2961200
0.14504284 0.50978291 2.3644316 2960944
0.15570775 0.50978285 2.3644314 2960944
0.16637266 0.50978291 2.3644314 2960944
0.17490458 0.50978291 2.3644314 2960944
0.18560548 0.50988013 2.3648825 2960944
-0.25009429 0.51942664 2.3695033 3488319
-0.24358404 0.51921797 2.3685515 3488319
-0.23491141 0.51894009 2.3672836 3488319
-0.2262481 0.51866245 2.3660173 3488319
-0.21447799 0.51752257 2.3656926 3488318
-0.20487508 0.51645267 2.3656838 3488062
-0.19623366 0.51617658 2.364419 3488062
-0.18635102 0.51555622 2.3635297 3422526
-0.17429793 0.51293439 2.3658597 3422525
-0.16520303 0.51183015 2.3660178 3422269
-0.15478447 0.51211023 2.3633704 3422268
-0.1472497 0.51003879 2.3656185 3422268
0.19616133 0.51172185 2.3635473 2961201
0.20479983 0.51199627 2.3648148 2961201
0.21469319 0.5126164 2.3657062 3026993
0.22417767 0.51312202 2.3667238 3026994
0.23454472 0.5159952 2.3635883 3026995
0.24444416 0.51661646 2.3644788 3092787
0.25496888 0.51634282 2.367136 3092788
0.26457497 0.51848108 2.3651898 3093044
0.27542844 0.51882887 2.3667765 3093045
0.2862955 0.51917714 2.3683653 3158837
0.29500005 0.51945615 2.3696377 3158838
-0.32487684 0.52792442 2.3692679 3488319
-0.31615809 0.52764171 2.3679991 3488319
-0.30527321 0.52728885 2.3664153 3488319
-0.29440197 0.52693635 2.3648336 3488319
-0.28605774 0.52514768 2.3663983 3488319
-0.27520037 0.52479666 2.3648164 3488319
-0.26435649 0.52444613 2.3632369 3488319
-0.25599736 0.52266061 2.3647928 3488319
-0.24516742 0.52231151 2.3632133 3488319
-0.23435095 0.52196288 2.3616357 3488319
-0.22570857 0.52168429 2.3603752 3488318
0.27476963 0.5218479 2.3611155 3093045
0.28561026 0.52219737 2.3626966 3158837
0.29429358 0.52247727 2.3639631 3158838
0.30606386 0.52361476 2.3642921 3158838
0.31566468 0.52468288 2.3643038 3224631
0.32437006 0.52496433 2.365572 3224631
0.33431166 0.52558959 2.3664641 3224632
0.34575903 0.52717537 2.3659062 3224888
0.35448647 0.52745831 2.3671761 3290424
0.36540946 0.52781254 2.3687658 3290425
-0.41400144 0.53990877 2.3655884 3488062
-0.40484118 0.53860146 2.3661048 3488062
-0.39576074 0.53749883 2.3662629 3488062
-0.38508314 0.5377503 2.3636155 3488062
-0.3760103 0.53664893 2.3637726 3488318
-0.36414367 0.53404742 2.3661039 3488318
-0.35419264 0.53341973 2.3652143 3488318
-0.34547311 0.53313458 2.36395 3488318
-0.3358736 0.53206658 2.3639386 3488319
-0.32410109 0.53092825 2.3636103 3488319
-0.31540352 0.53064466 2.3623476 3488319
-0.30454516 0.5302906 2.3607714 3488319
0.34710765 0.53024417 2.3605649 3224888
0.35363841 0.53045714 2.3615131 3290424
0.36453465 0.53081256 2.363095 3290425
0.37544453 0.53116828 2.3646789 3290681
0.38590515 0.53301865 2.3634348 3290681
0.39561573 0.53303403 2.3653958 3290682
0.40558535 0.53366196 2.3662887 3290682
0.41570386 0.5365082 2.3631516 3356474
0.42526895 0.53702307 2.3641686 3356475
0.43524456 0.53765213 2.3650608 3356475
0.4440169 0.53794062 2.3663294 3356475
0.45445028 0.53979224 2.3650777 3356475
-0.51507664 0.54927182 2.3691552 4806243
-0.5040524 0.54890418 2.3675699 4674399
-0.49524397 0.54861045 2.366303 4477019
-0.4846302 0.54725599 2.3666079 3422525
-0.47503471 0.54673642 2.3655934 3422525
-0.46504417 0.54610407 2.3647041 3422525
-0.45505923 0.54547244 2.3638151 3422525
-0.4432697 0.54287982 2.3661456 3422525
-0.43540427 0.54211807 2.3659286 3422526
-0.42542535 0.54148763 2.3650384 3422526
-0.41738361 0.54302424 2.3605783 3422526
0.45774266 0.54290408 2.3600559 3356475
0.46487302 0.54163814 2.3638339 3356475
0.47486034 0.54226923 2.3647249 3356475
0.4846471 0.54229236 2.3666875 3356475
0.49539962 0.54515165 2.3636563 3356475
0.50446403 0.54625225 2.3634982 3356475
0.51527643 0.54601204 2.3661532 3356476
0.52434838 0.54711396 2.3659947 3356476
0.53348178 0.548419 2.3654771 3356476
0.54451698 0.54878694 2.367064 3356476
0.55556607 0.54915535 2.3686533 3356476
0.56220257 0.54937667 2.3696077 3356476
-1.3618549 0.55398518 2.3649559 10197915
-1.3542243 0.55448401 2.3640518 10197915
-1.3456929 0.55448371 2.3640504 10197915
-1.3350273 0.55448276 2.3640463 10197915
-1.3243668 0.55448389 2.3640513 10197915
-1.31468 0.55478197 2.3635037 10197915
-1.304196 0.55418551 2.3645973 10197915
-1.2945068 0.55448258 2.3640456 10197915
-1.2848294 0.55478179 2.3635027 10197915
-1.2743305 0.55418468 2.364594 10197915
-1.2646546 0.55448461 2.3640542 10197915
-1.2549782 0.55478132 2.3635006 10197915
-1.2444669 0.55418485 2.3645949 10197915
-1.234794 0.554483 2.3640475 10197915
-1.2251266 0.5547806 2.3634975 10197915
-1.2146034 0.55418491 2.3645949 10197915
-1.2049371 0.554483 2.3640475 10197915
-1.19528 0.55478209 2.3635039 10197915
-1.184737 0.55418378 2.3645902 10197915
-1.1750804 0.55448306 2.3640478 10197915
-1.1654277 0.55478102 2.3634994 10197915
-1.1548771 0.55418563 2.364598 10197915
-1.1452227 0.55448264 2.3640461 10197915
-1.1355774 0.55478084 2.3634992 10197915
-1.1250103 0.5541842 2.3645921 10197915
-1.1153674 0.55448353 2.3640494 10197915
-1.1057284 0.55478138 2.3635011 10197915
-1.0951459 0.5541839 2.3645909 10197915
-1.0855105 0.55448353 2.3640499 10197915
-1.0758786 0.55478144 2.3635015 10197915
-1.0652843 0.55418503 2.3645954 10197915
-1.0545557 0.55478066 2.3634982 10197915
-1.0449929 0.55448359 2.3640499 10197915
-1.0354198 0.55418473 2.364594 10197915
-1.0247093 0.55478257 2.3635063 10197915
-1.0151339 0.55448246 2.3640451 10197915
-1.0055559 0.55418456 2.3645935 10197915
-0.99485654 0.55478108 2.3634999 10197915
-0.98422641 0.55418569 2.3645978 10197915
-0.97461188 0.5544827 2.3640463 10197915
-0.96500635 0.55478102 2.3634996 10197915
-0.9543606 0.55418456 2.3645933 10197915
-0.94475693 0.55448383 2.3640511 10197915
-0.93515748 0.55478162 2.3635023 10197915
-0.92449588 0.55418396 2.3645909 10197915
-0.91489965 0.55448365 2.3640501 10197915
-0.90530789 0.55478191 2.3635032 10197915
-0.89463437 0.55418527 2.3645966 10197915
-0.8850407 0.55448246 2.3640449 10197915
-0.87545729 0.55478156 2.3635018 10197915
-0.86476898 0.55418432 2.3645928 10197915
-0.85518682 0.55448437 2.3640532 10197915
-0.84560692 0.55478132 2.3635006 10197915
-0.8349058 0.55418479 2.3645942 10197915
-0.82428521 0.5547812 2.3635004 10197915
-0.81466895 0.55448425 2.3640528 10197915
-0.80504161 0.55418456 2.364593 10197915
-0.79443532 0.55478126 2.3635004 10197915
-0.78481084 0.55448341 2.3640494 10197915
-0.77517903 0.55418539 2.3645968 10197915
-0.76458633 0.55478191 2.3635037 10197915
-0.75495249 0.55448246 2.3640451 10197915
-0.74531484 0.55418509 2.3645959 10197915
-0.73473644 0.55478209 2.3635039 10197915
-0.72509766 0.55448401 2.3640516 10197915
-0.71544951 0.55418396 2.3645911 10197915
-0.70488608 0.55478191 2.3635032 10197915
-0.69523895 0.55448264 2.3640456 10197915
-0.68558526 0.55418354 2.3645892 10197915
-0.67503548 0.55478144 2.3635013 10197915
-0.66538268 0.55448306 2.3640478 10197915
-0.65572298 0.55418479 2.3645947 10197915
-0.6451844 0.55478048 2.3634973 10197915
-0.63552594 0.55448329 2.3640485 10197915
-0.62585849 0.55418426 2.3645921 10197915
-0.61533636 0.55478221 2.3635049 10197915
-0.60566819 0.55448252 2.3640451 10197915
-0.59500545 0.55448294 2.3640473 10197915
-0.58434135 0.55448204 2.3640432 10197915
-0.57466489 0.55418557 2.364598 10197915
-0.56416339 0.55478072 2.3634984 10197915
-0.5544852 0.5544827 2.3640463 10197915
-0.54479963 0.55418414 2.3645921 10197915
-0.53421926 0.55468261 2.36308 6977154
-0.52485764 0.55259371 2.3650784 5135723
-0.51604736 0.55229831 2.3638141 5135980
-0.50504822 0.55192953 2.3622358 4608605
-0.4940629 0.5515613 2.3606596 4147538
0.53660762 0.55151308 2.3604534 3356732
0.54541713 0.55180848 2.3617177 3356476
0.55423605 0.55210412 2.362983 3356476
0.56527352 0.5524742 2.3645668 3356476
0.57563579 0.55431318 2.3633237 3356475
0.58433872 0.5544796 2.3640327 3618872
0.59500182 0.5544796 2.3640327 3684408
0.60566497 0.5544796 2.3640327 3684408
0.61533183 0.55477822 2.3634872 3684408
0.62585485 0.55418098 2.3645782 3684408
0.63552165 0.5544796 2.3640327 3684408
0.64518166 0.55477822 2.3634872 3684408
0.65571845 0.55418098 2.3645782 3684408
0.66537923 0.5544802 2.3640356 3684408
0.67503262 0.55477899 2.3634911 3684408
0.68558317 0.55418187 2.3645821 3684408
0.69523627 0.55448043 2.3640366 3684408
0.7048825 0.55477899 2.3634911 3684408
0.71544683 0.55418187 2.3645821 3684408
0.72509301 0.55448043 2.3640366 3684408
0.73473239 0.55477905 2.3634911 3684408
0.74531049 0.55418187 2.3645821 3684408
0.75494975 0.55448043 2.3640366 3684408
0.76458228 0.55477899 2.3634911 3684408
0.77517414 0.55418187 2.3645821 3684408
0.78480661 0.55448043 2.3640366 3684408
0.7944321 0.55477905 2.3634911 3684408
0.8050378 0.55418187 2.3645821 3684408
0.81466335 0.55448043 2.3640366 3684408
0.82428205 0.55477905 2.3634911 3684408
0.83490145 0.55418187 2.3645821 3684408
0.84560335 0.55477899 2.3634911 3684408
0.8551808 0.55448043 2.3640366 3684408
0.86476517 0.55418187 2.3645821 3684408
0.87545317 0.55477899 2.3634911 3684408
0.88503754 0.55448043 2.3640366 3684408
0.8946287 0.55418187 2.3645821 3684408
0.90530312 0.55477905 2.3634911 3684408
0.91489434 0.55448043 2.3640366 3684408
0.92449248 0.55418187 2.3645821 3684408
0.93515301 0.55477905 2.3634911 3684408
0.94475114 0.55448043 2.3640366 3684408
0.95435607 0.55418187 2.3645821 3684408
0.96500289 0.55477899 2.3634911 3684408
0.97460788 0.55448043 2.3640366 3684408
0.98421973 0.55418187 2.3645821 3684408
0.99485272 0.55477899 2.3634911 3684408
1.005551 0.55418187 2.3645821 3684408
1.0151303 0.55448043 2.3640366 3684408
1.0247028 0.55477899 2.3634911 3684408
1.0354146 0.55418187 2.3645821 3684408
1.0449871 0.55448043 2.3640366 3684408
1.0545524 0.55477899 2.3634911 3684408
1.0652783 0.55418187 2.3645821 3684408
1.075874 0.55477899 2.3634911 3684408
1.0855045 0.55448043 2.3640366 3684408
1.095142 0.55418187 2.3645821 3684408
1.1057236 0.55477899 2.3634911 3684408
1.1153612 0.55448043 2.3640366 3684408
1.1250055 0.55418187 2.3645821 3684408
1.1355736 0.55477899 2.3634911 3684408
1.1452179 0.55448043 2.3640366 3684408
1.1548693 0.55418187 2.3645821 3684408
1.1654236 0.55477899 2.3634911 3684408
1.1750748 0.55448043 2.3640366 3684408
1.1847329 0.55418187 2.3645821 3684408
1.1952735 0.55477905 2.3634911 3684408
1.2049315 0.55448043 2.3640366 3684408
1.2145966 0.55418187 2.3645821 3684408
1.2251232 0.55477899 2.3634911 3684408
1.2347883 0.55448043 2.3640366 3684408
1.2444603 0.55418187 2.3645821 3684408
1.2549732 0.55477899 2.3634911 3684408
1.2646451 0.55448043 2.3640366 3684408
1.2743238 0.55418187 2.3645821 3684408
1.2848231 0.55477905 2.3634911 3684408
1.2945019 0.55448043 2.3640366 3684408
1.3041875 0.55418187 2.3645821 3684408
1.3146729 0.55477899 2.3634911 3684408
1.3243587 0.55448043 2.3640366 3684408
1.3350219 0.55448043 2.3640366 3684408
1.345685 0.55448043 2.3640366 3684408
1.3542154 0.55448043 2.3640366 3684408
1.361849 0.55398279 2.3649457 4934475
-0.20393157 0.50875562 2.3795795 3488062
-0.19524069 0.50848204 2.3783 3488062
-0.18438879 0.50814033 2.3767018 3422526
-0.17571813 0.50786746 2.3754253 3422525
-0.16489339 0.50752664 2.3738315 3422269
-0.15410021 0.50724643 2.3725209 3422268
-0.14553681 0.50723857 2.372484 3422269
-0.13483559 0.50723857 2.372484 3290939
-0.12413433 0.50723857 2.372484 3224632
-0.11557335 0.50723863 2.3724842 3158581
-0.10487211 0.50723863 2.3724842 3027251
-0.094170883 0.50723863 2.3724842 2961201
-0.085609891 0.50723863 2.3724842 2961201
-0.074908666 0.50723863 2.3724842 2961201
-0.06420742 0.50723863 2.3724842 2961201
-0.055646427 0.50723863 2.3724842 2961201
-0.044945195 0.50723863 2.3724842 2961201
-0.034243956 0.50723863 2.3724842 2961201
-0.025682967 0.50723863 2.3724842 2961201
0.074908651 0.50723863 2.3724842 2961201
0.085609891 0.50723863 2.3724842 2961201
0.094170868 0.50723857 2.372484 2961201
0.10487211 0.50723863 2.3724842 2961201
0.11557335 0.50723863 2.3724842 2961201
0.12413433 0.50723863 2.3724842 2961201
0.13483559 0.50723863 2.3724842 2961201
0.14553681 0.50723863 2.3724842 2961201
0.1540978 0.50723863 2.3724842 2961201
0.16479903 0.50723863 2.3724842 2961201
0.17550027 0.50723863 2.3724842 2961201
0.18406126 0.50723857 2.372484 2961201
0.19476251 0.50723863 2.3724842 2961201
0.20553812 0.50742155 2.3733399 2961201
0.21421748 0.50769472 2.3746176 3026993
0.22508033 0.50803673 2.3762171 3026994
0.23595685 0.5083791 2.3778186 3026995
0.24466899 0.5086534 2.3791013 3092787
-0.2812207 0.51736021 2.3796625 3488319
-0.27466995 0.51715147 2.3787024 3488319
-0.26562488 0.51839375 2.3745754 3488319
-0.25567359 0.51776999 2.3736787 3488319
-0.24363734 0.51513904 2.3760288 3488319
-0.23575751 0.51437688 2.3758101 3488319
-0.22489075 0.51403165 2.3742156 3488318
-0.21484523 0.51320165 2.373677 3488318
-0.20561188 0.51188719 2.3741915 3488062
-0.19477272 0.51154393 2.3725994 3488062
-0.18394712 0.51120102 2.3710091 3422526
-0.17745872 0.51099563 2.3700562 3422525
0.22670826 0.51116228 2.3708293 3026994
0.23538981 0.51143724 2.3721046 3026995
0.24408074 0.51171255 2.3733811 3092787
0.254958 0.51205701 2.3749788 3092788
0.26552969 0.51392537 2.3737245 3093044
0.27424279 0.51420212 2.3750031 3093045
0.28420511 0.51482576 2.3759024 3158581
0.29570991 0.51642048 2.37534 3158838
0.30407959 0.51821709 2.3737659 3158838
0.31409734 0.5177716 2.3766336 3159095
0.32413375 0.51732606 2.3795054 3224631
-0.38617074 0.5299117 2.3781867 3488062
-0.37519208 0.52955574 2.3765891 3488318
-0.36422718 0.5292002 2.3749936 3488318
-0.35589349 0.52740544 2.3765719 3488318
-0.34494257 0.52705139 2.3749766 3488318
-0.33400539 0.52669775 2.3733833 3488319
-0.32565632 0.52490616 2.3749523 3488319
-0.3151114 0.52303821 2.3762114 3488319
-0.30418855 0.52268714 2.3746166 3488319
-0.29546124 0.52240658 2.373342 3488319
-0.28490666 0.52054232 2.3745925 3488319
-0.27401146 0.5201931 2.3729997 3488319
0.31680241 0.52015483 2.3728251 3224631
0.32553983 0.52043486 2.3741026 3224631
0.33428657 0.52071518 2.3753815 3224632
0.3448191 0.52257925 2.3741267 3224888
0.35576671 0.52293122 2.3757253 3290424
0.36365744 0.52369434 2.3759451 3290425
0.37557349 0.52631527 2.3735886 3290681
0.38557011 0.52694285 2.3744876 3290682
0.39435068 0.52722675 2.3757668 3290682
0.40399522 0.52830118 2.3757758 3290682
0.41584179 0.52944767 2.3761041 3356474
0.42464459 0.52973306 2.3773849 3356475
0.43125269 0.52994734 2.3783464 3356475
-0.47225678 0.53880167 2.3795488 3422525
-0.46342093 0.53851193 2.3782692 3422525
-0.45459461 0.53822249 2.3769908 3422525
-0.44577771 0.53793335 2.3757138 3422525
-0.43430632 0.5363431 2.3762748 3422526
-0.42428607 0.53571177 2.3753777 3422526
-0.41549146 0.53542423 2.3741024 3488062
-0.40585041 0.53435165 2.3740909 3488062
-0.39449114 0.53170246 2.3766131 3488062
-0.38524514 0.53292203 2.3724864 3488062
-0.37648219 0.53263634 2.3712144 3488318
-0.36991584 0.53242224 2.3702612 3488318
0.4148432 0.53245306 2.3703983 3356474
0.42362434 0.53273934 2.3716731 3356475
0.43487626 0.53234583 2.3746984 3356475
0.44376981 0.53238213 2.3764539 3356475
0.45509821 0.53558433 2.3729129 3356475
0.4658981 0.53533113 2.3755891 3356475
0.47593737 0.53596258 2.3764896 3356475
0.48419017 0.53775072 2.3749073 3356475
0.49523619 0.53811294 2.376507 3356475
0.50629616 0.53847563 2.378109 3356475
0.5151552 0.53876621 2.3793919 3356476
-1.3706757 0.54698324 2.3777885 10197915
-1.3647977 0.54848862 2.3750296 10197915
-1.3550589 0.54879045 2.374481 10197915
-1.3445413 0.54818696 2.3755786 10197915
-1.3348024 0.54848874 2.37503 10197915
-1.3250668 0.54878914 2.3744752 10197915
-1.3145429 0.54818863 2.375586 10197915
-1.3048061 0.54848844 2.3750286 10197915
-1.2950784 0.54878914 2.3744755 10197915
-1.284538 0.54818767 2.375582 10197915
-1.2748127 0.54848945 2.3750329 10197915
-1.2650914 0.54878986 2.3744786 10197915
-1.2545346 0.54818738 2.3755805 10197915
-1.2448163 0.54848909 2.3750315 10197915
-1.2350998 0.54878855 2.3744729 10197915
-1.2245314 0.54818702 2.3755791 10197915
-1.2148179 0.5484879 2.3750262 10197915
-1.2051144 0.54879004 2.3744791 10197915
-1.1945283 0.5481869 2.3755784 10197915
-1.1848217 0.54848754 2.3750248 10197915
-1.1751242 0.54878932 2.374476 10197915
-1.1645281 0.54818785 2.3755825 10197915
-1.1548283 0.54848862 2.3750296 10197915
-1.1451333 0.54878819 2.3744712 10197915
-1.1345251 0.54818767 2.3755817 10197915
-1.1248314 0.54848796 2.3750267 10197915
-1.1151479 0.54878986 2.3744783 10197915
-1.1045206 0.54818672 2.3755777 10197915
-1.0948371 0.54848856 2.3750291 10197915
-1.0851575 0.54878885 2.374474 10197915
-1.0745212 0.54818833 2.3755848 10197915
-1.0648401 0.54848784 2.3750262 10197915
-1.0551689 0.54878885 2.374474 10197915
-1.0445163 0.54818714 2.3755794 10197915
-1.0348463 0.5484888 2.3750303 10197915
-1.025182 0.54878974 2.3744781 10197915
-1.0145128 0.5481866 2.3755772 10197915
-1.0048506 0.54848874 2.37503 10197915
-0.99519289 0.54878962 2.3744771 10197915
-0.98451263 0.54818791 2.3755829 10197915
-0.97485304 0.54848766 2.3750255 10197915
-0.9652046 0.54878968 2.3744779 10197915
-0.95450908 0.54818738 2.3755808 10197915
-0.9448604 0.54848933 2.3750324 10197915
-0.9352147 0.54878896 2.3744748 10197915
-0.92450637 0.54818732 2.3755803 10197915
-0.91486323 0.54848838 2.3750286 10197915
-0.90522844 0.54879034 2.3744807 10197915
-0.89450419 0.54818755 2.3755813 10197915
-0.88486713 0.54848808 2.3750272 10197915
-0.8752386 0.54878968 2.3744776 10197915
-0.86450261 0.54818821 2.3755839 10197915
-0.85487229 0.54848862 2.3750293 10197915
-0.8452484 0.54878867 2.3744731 10197915
-0.83449996 0.54818809 2.3755841 10197915
-0.82487625 0.54848826 2.3750281 10197915
-0.8152622 0.54879028 2.37448 10197915
-0.80449533 0.54818678 2.3755779 10197915
-0.79488111 0.54848856 2.3750293 10197915
-0.78527188 0.54878914 2.374475 10197915
-0.77449512 0.54818839 2.3755851 10197915
-0.76488501 0.54848826 2.3750279 10197915
-0.75528324 0.54878902 2.374475 10197915
-0.74449134 0.54818761 2.3755813 10197915
-0.73489082 0.54848939 2.3750324 10197915
-0.72529525 0.54878962 2.3744769 10197915
-0.71448809 0.54818708 2.3755791 10197915
-0.70489466 0.54848891 2.3750308 10197915
-0.69530553 0.54878873 2.3744733 10197915
-0.68561321 0.54848802 2.3750269 10197915
-0.67591333 0.54818696 2.3755789 10197915
-0.66531813 0.54878962 2.3744779 10197915
-0.65561771 0.5484882 2.3750274 10197915
-0.64591014 0.54818642 2.3755765 10197915
-0.63532889 0.54878914 2.3744755 10197915
-0.62562221 0.5484882 2.3750279 10197915
-0.6159091 0.54818785 2.3755822 10197915
-0.60533941 0.54878831 2.3744717 10197915
-0.59562725 0.5484888 2.37503 10197915
-0.58590579 0.54818714 2.3755794 10197915
-0.57535261 0.5487901 2.3744793 10197915
-0.5656305 0.54848766 2.3750253 10197915
-0.55590314 0.54818708 2.3755791 10197915
-0.54536283 0.54878891 2.3744743 10197915
-0.53558201 0.54843324 2.37479 7240068
-0.52554429 0.54781497 2.3739665 4740449
-0.51377374 0.54521352 2.3763173 4674399
-0.50586808 0.54444832 2.3760982 4872037
-0.49581963 0.5438143 2.3752003 4806243
-0.48598653 0.54379106 2.3732283 3686213
-0.47553474 0.54193795 2.3744793 3422525
-0.46451327 0.54157442 2.3728869 3422525
-0.45350555 0.54121149 2.3712964 3422525
-0.44690803 0.54099393 2.3703432 3422525
0.4896369 0.54095256 2.370162 3356475
0.4962517 0.54117072 2.3711178 3356475
0.50507927 0.54146183 2.3723934 3356475
0.51391649 0.54175329 2.3736706 3356476
0.52576572 0.54289806 2.374002 3356476
0.53540707 0.5439707 2.3740139 3356476
0.54426658 0.54426372 2.3752925 3356476
0.55433232 0.54489881 2.3761919 3356476
0.56605983 0.54749912 2.3738344 3356476
0.57515848 0.54860437 2.3736756 3356475
0.58590025 0.54818189 2.3755569 3618872
0.59562111 0.54848313 2.3750057 3684408
0.605335 0.54878438 2.3744545 3684408
0.61590254 0.54818189 2.3755569 3684408
0.62561643 0.54848313 2.3750057 3684408
0.63532335 0.54878432 2.3744545 3684408
0.64590484 0.54818189 2.3755569 3684408
0.65561169 0.54848313 2.3750057 3684408
0.66531169 0.54878438 2.3744545 3684408
0.67590773 0.54818243 2.3755593 3684408
0.68560815 0.54848403 2.3750095 3684408
0.69530118 0.54878521 2.3744583 3684408
0.7059105 0.54818285 2.3755608 3684408
0.71560347 0.54848403 2.3750095 3684408
0.72528952 0.54878521 2.3744583 3684408
0.73488373 0.54848403 2.3750095 3684408
0.74448484 0.54818285 2.3755608 3684408
0.75527799 0.54878521 2.3744583 3684408
0.76487911 0.54848403 2.3750095 3684408
0.77448726 0.54818285 2.3755608 3684408
0.78526628 0.54878521 2.3744583 3684408
0.79487449 0.54848403 2.3750095 3684408
0.80448949 0.54818285 2.3755608 3684408
0.81525469 0.54878521 2.3744583 3684408
0.82486981 0.54848403 2.3750095 3684408
0.83449191 0.54818285 2.3755608 3684408
0.84524316 0.54878521 2.3744583 3684408
0.85486519 0.54848403 2.3750095 3684408
0.86449414 0.54818285 2.3755608 3684408
0.87523144 0.54878521 2.3744583 3684408
0.88486052 0.54848403 2.3750095 3684408
0.89449656 0.54818285 2.3755608 3684408
0.90521991 0.54878521 2.3744583 3684408
0.9148559 0.54848403 2.3750095 3684408
0.92449874 0.54818285 2.3755608 3684408
0.93520832 0.54878521 2.3744583 3684408
0.94485122 0.54848403 2.3750095 3684408
0.95450115 0.54818285 2.3755608 3684408
0.96519673 0.54878521 2.3744583 3684408
0.9748466 0.54848403 2.3750095 3684408
0.98450345 0.54818285 2.3755608 3684408
0.99518508 0.54878521 2.3744583 3684408
1.0048419 0.54848403 2.3750095 3684408
1.0145057 0.54818285 2.3755608 3684408
1.0251734 0.54878521 2.3744583 3684408
1.0348374 0.54848403 2.3750095 3684408
1.0445081 0.54818285 2.3755608 3684408
1.0551618 0.54878521 2.3744583 3684408
1.0648327 0.54848403 2.3750095 3684408
1.0745103 0.54818285 2.3755608 3684408
1.0851502 0.54878521 2.3744583 3684408
1.094828 0.54848403 2.3750095 3684408
1.1045128 0.54818285 2.3755608 3684408
1.1151386 0.54878521 2.3744583 3684408
1.1248233 0.54848403 2.3750095 3684408
1.134515 0.54818285 2.3755608 3684408
1.1451271 0.54878521 2.3744583 3684408
1.1548188 0.54848403 2.3750095 3684408
1.1645174 0.54818285 2.3755608 3684408
1.1751153 0.54878521 2.3744583 3684408
1.1848141 0.54848403 2.3750095 3684408
1.1945198 0.54818285 2.3755608 3684408
1.2051039 0.54878521 2.3744583 3684408
1.2148094 0.54848403 2.3750095 3684408
1.224522 0.54818285 2.3755608 3684408
1.2350924 0.54878521 2.3744583 3684408
1.2448047 0.54848403 2.3750095 3684408
1.2545242 0.54818285 2.3755608 3684408
1.2650807 0.54878521 2.3744583 3684408
1.2748002 0.54848403 2.3750095 3684408
1.2845266 0.54818285 2.3755608 3684408
1.295069 0.54878521 2.3744583 3684408
1.3047955 0.54848403 2.3750095 3684408
1.3145289 0.54818285 2.3755608 3684408
1.3250574 0.54878521 2.3744583 3684408
1.3347908 0.54848403 2.3750095 3684408
1.3445313 0.54818285 2.3755608 3684408
1.3550458 0.54878521 2.3744583 3684408
1.3647863 0.54848403 2.3750095 5592405
1.3706626 0.546978 2.3777657 8684676
-0.24316002 0.50999051 2.3853555 3488319
-0.23377819 0.50845575 2.3862431 3488319
-0.22379197 0.50783241 2.3853383 3488318
-0.21506858 0.50755858 2.3840523 3488318
-0.20538807 0.50648159 2.3840404 3488062
-0.19376726 0.50379157 2.3865833 3422526
-0.18507805 0.50358129 2.3855884 3422526
-0.1751857 0.50317574 2.3857086 3422269
-0.16472705 0.50364518 2.383857 3356732
-0.15488951 0.50338721 2.3846731 3290682
-0.14504167 0.5031293 2.3854895 3159095
-0.13461997 0.50364512 2.383857 3093045
-0.12477212 0.50338727 2.3846736 3027251
-0.11616714 0.50338727 2.3846734 3026994
-0.10541091 0.50338721 2.3846734 3026994
-0.094654702 0.50338727 2.3846734 3026994
-0.086049736 0.50338727 2.3846734 3026994
-0.075293519 0.50338721 2.3846738 3026994
-0.064537302 0.50338727 2.3846734 3026994
-0.055932324 0.50338727 2.3846734 3026994
-0.045176107 0.50338721 2.3846731 3026994
-0.03441989 0.50338721 2.3846731 3026994
-0.025814921 0.50338721 2.3846734 3026994
0.075293511 0.50338721 2.3846731 3026994
0.086049728 0.50338721 2.3846731 3026994
0.094654702 0.50338727 2.3846734 3026994
0.10541091 0.50338721 2.3846734 3026994
0.11616713 0.50338721 2.3846731 3026994
0.1247721 0.50338721 2.3846731 3026994
0.13461995 0.50364518 2.383857 3026994
0.14504166 0.5031293 2.3854895 3026994
0.15488951 0.50338721 2.3846731 3026994
0.16472705 0.50364512 2.3838568 3026994
0.17516936 0.5031293 2.3854895 3026994
0.18500692 0.50338721 2.3846731 3026994
0.19483414 0.50364512 2.3838568 3026994
0.20529708 0.5031293 2.3854895 3026994
0.21512598 0.50339115 2.3846915 3026994
0.22501895 0.50381809 2.3846726 3026994
0.23556569 0.50342929 2.3869069 3026995
0.24526012 0.50557947 2.3848491 3092787
0.25494498 0.50773919 2.3828797 3092788
0.26556358 0.50745332 2.3855786 3093044
0.27556881 0.50807685 2.3864868 3093045
0.28399032 0.50989115 2.384891 3158581
-0.35142863 0.51959693 2.3899505 3488318
-0.34482116 0.51938641 2.3889823 3488319
-0.3360191 0.51910603 2.3876925 3488319
-0.32503042 0.51875591 2.3860822 3488319
-0.31357539 0.51736283 2.3862855 3488319
-0.30565506 0.51659703 2.386065 3488319
-0.29564047 0.51597089 2.3851593 3488319
-0.28593308 0.51597077 2.3831708 3488319
-0.27482206 0.51304847 2.3862441 3488319
-0.26471779 0.51221406 2.3857014 3488319
-0.25378531 0.51186889 2.3840938 3488319
-0.24723288 0.51166201 2.3831301 3488319
0.28986156 0.51316231 2.3801057 3158838
0.29553771 0.51148975 2.3843303 3158838
0.30554914 0.51211452 2.3852379 3158838
0.31432611 0.51239157 2.3865285 3159095
0.3258172 0.51507086 2.3839784 3224631
0.33549809 0.51614785 2.38399 3224632
0.34428668 0.51642704 2.3852794 3224888
0.35431874 0.5170542 2.3861866 3224888
0.36585671 0.5186553 2.3856192 3290425
0.37466779 0.51893604 2.3869104 3290681
0.38348842 0.51921701 2.3882031 3290681
0.39231855 0.51949835 2.3894973 3290682
-0.42242059 0.52802539 2.3890657 3422526
-0.4135763 0.52774024 2.3877754 3488062
-0.40474159 0.52745545 2.386487 3488062
-0.39402544 0.52608663 2.3867972 3488062
-0.38438737 0.52557182 2.3857653 3488062
-0.37434611 0.5249421 2.384861 3488318
-0.36554331 0.52465916 2.3835757 3488318
-0.35498026 0.52278799 2.3848369 3488318
-0.34399092 0.52243578 2.3832302 3488319
-0.3352105 0.52215439 2.3819466 3488319
-0.32643956 0.5218733 2.3806643 3488319
0.36717084 0.52176905 2.3801889 3290425
0.37376401 0.5219804 2.3811529 3290681
0.38476452 0.52233285 2.382761 3290681
0.39577892 0.52268589 2.3843713 3290682
0.40501022 0.52400333 2.3838508 3290682
0.41415805 0.52511472 2.3836904 3356218
0.4249607 0.52484846 2.3863907 3356474
0.43411627 0.52596134 2.3862295 3356475
0.44556066 0.52735347 2.3860257 3356475
0.45663127 0.52771032 2.3876402 3356475
0.46549898 0.52799618 2.3889337 3356475
0.47215575 0.52821076 2.3899045 3356475
-0.50292087 0.53879136 2.3858495 4674399
-0.49498448 0.53802371 2.3856289 4740449
-0.48489985 0.53738958 2.3847237 3949643
-0.4752264 0.53687072 2.3836915 3422525
-0.46417129 0.53447741 2.385808 3422525
-0.4550193 0.53336531 2.3859687 3422525
-0.44418597 0.53362358 2.3832767 3422525
-0.43465492 0.53148365 2.3852413 3422526
-0.42581823 0.53119713 2.3839555 3422526
-0.41478625 0.5308395 2.3823502 3422526
-0.40376812 0.53048223 2.3807471 3488062
0.4466933 0.53044796 2.3805933 3356475
0.45552945 0.53073442 2.3818791 3356475
0.46437511 0.53102124 2.3831658 3356475
0.47544622 0.53138018 2.3847771 3356475
0.4859446 0.53324598 2.3835125 3356475
0.49481279 0.53353435 2.3848014 3356475
0.50490004 0.53416789 2.3857081 3356475
0.51459068 0.5346871 2.3867428 3356476
0.52465725 0.53755581 2.383554 3356476
0.53475064 0.53819054 2.38446 3356476
0.54569328 0.53793901 2.387162 3356476
-1.3745643 0.54192829 2.3870268 10197915
-1.3656803 0.54274094 2.3855512 10197915
-1.3551188 0.54213166 2.3866589 10197915
-1.3453293 0.54243529 2.3861005 10197915
-1.3355507 0.5427404 2.3855491 10197915
-1.3249776 0.54213226 2.3866615 10197915
-1.3151965 0.54243636 2.3861055 10197915
-1.3054197 0.54273927 2.3855443 10197915
-1.2948347 0.54213208 2.3866608 10197915
-1.2850597 0.54243582 2.3861029 10197915
-1.2752955 0.54274112 2.3855526 10197915
-1.2646897 0.54213107 2.386656 10197915
-1.2549248 0.542436 2.3861039 10197915
-1.245164 0.54273981 2.3855467 10197915
-1.2345469 0.54213083 2.3866551 10197915
-1.2247887 0.54243577 2.3861029 10197915
-1.2150362 0.54274005 2.3855476 10197915
-1.2044064 0.54213178 2.3866591 10197915
-1.1946503 0.54243439 2.3860967 10197915
-1.1849073 0.54273993 2.3855472 10197915
-1.1742625 0.54213107 2.3866563 10197915
-1.164519 0.54243636 2.3861053 10197915
-1.1547779 0.54273945 2.385545 10197915
-1.1441202 0.54213113 2.3866565 10197915
-1.1343813 0.54243535 2.386101 10197915
-1.1246519 0.54274064 2.38555 10197915
-1.1150118 0.54243571 2.3861027 10197915
-1.1053642 0.54213053 2.3866537 10197915
-1.094522 0.54273993 2.3855472 10197915
-1.0848764 0.54243571 2.3861027 10197915
-1.0752246 0.5421319 2.3866601 10197915
-1.0654988 0.54243457 2.3860974 10197915
-1.0557855 0.54273999 2.3855472 10197915
-1.0450814 0.54213142 2.386658 10197915
-1.0353673 0.54243648 2.386106 10197915
-1.0256565 0.54273969 2.3855457 10197915
-1.014939 0.54213148 2.3866582 10197915
-1.0052301 0.54243565 2.3861022 10197915
-0.99552965 0.54274052 2.38555 10197915
-0.98479617 0.5421313 2.3866575 10197915
-0.9750936 0.54243505 2.3860998 10197915
-0.9654007 0.54274023 2.3855484 10197915
-0.95465451 0.54213178 2.3866594 10197915
-0.94496006 0.54243612 2.3861046 10197915
-0.93527031 0.54273915 2.3855433 10197915
-0.92451227 0.54213202 2.3866601 10197915
-0.91482419 0.54243588 2.3861034 10197915
-0.90514451 0.5427407 2.3855505 10197915
-0.89436799 0.54213083 2.3866551 10197915
-0.88468862 0.54243582 2.3861032 10197915
-0.87501478 0.54273993 2.3855469 10197915
-0.86531991 0.54243684 2.3861077 10197915
-0.85561448 0.54213154 2.3866582 10197915
-0.84488583 0.54273957 2.3855455 10197915
-0.83518285 0.54243582 2.3861032 10197915
-0.82547271 0.54213202 2.3866603 10197915
-0.81475866 0.54274046 2.3855491 10197915
-0.80504543 0.54243451 2.3860974 10197915
-0.79533017 0.54213196 2.3866601 10197915
-0.78463042 0.54274052 2.38555 10197915
-0.7749126 0.5424363 2.3861051 10197915
-0.76518625 0.54213101 2.3866558 10197915
-0.7545017 0.5427404 2.3855491 10197915
-0.74477595 0.54243547 2.3861015 10197915
-0.73504591 0.54213256 2.3866627 10197915
-0.72437257 0.54273993 2.3855472 10197915
-0.71464097 0.54243577 2.3861029 10197915
-0.70490193 0.54213142 2.3866577 10197915
-0.69424289 0.54273897 2.3855429 10197915
-0.68450564 0.54243594 2.3861036 10197915
-0.67475951 0.54213142 2.386658 10197915
-0.66411614 0.54274029 2.3855486 10197915
-0.65436918 0.54243511 2.3861001 10197915
-0.64461631 0.54213083 2.3866553 10197915
-0.63499403 0.54243517 2.3861003 10197915
-0.62537956 0.54274029 2.3855488 10197915
-0.61562425 0.54243565 2.3861022 10197915
-0.60586137 0.54213047 2.3866537 10197915
-0.59525073 0.54273999 2.3855472 10197915
-0.58548903 0.54243582 2.3861032 10197915
-0.57572001 0.54213154 2.3866582 10197915
-0.56512111 0.54273885 2.3855424 10197915
-0.55535364 0.54243588 2.3861034 10197915
-0.54557717 0.54213113 2.3866565 10197915
-0.53491694 0.54266155 2.3852024 7306376
-0.52484 0.54204488 2.3843839 4740449
-0.5169037 0.54127795 2.3841619 5003880
-0.50991511 0.54003668 2.3850029 4345175
0.55513966 0.54007745 2.3851829 3356476
0.56456995 0.54220897 2.3832133 3356476
0.57554072 0.54196209 2.3859124 3356475
0.58548379 0.542431 2.3860817 3684408
0.5952453 0.54273504 2.3855255 3684408
0.60585737 0.54212695 2.3866379 3684408
0.61561894 0.542431 2.3860817 3684408
0.62537348 0.54273504 2.3855255 3684408
0.63498902 0.542431 2.3860817 3684408
0.64461166 0.54212695 2.3866379 3684408
0.65436417 0.542431 2.3860817 3684408
0.66410971 0.54273504 2.3855255 3684408
0.67475384 0.54212695 2.3866379 3684408
0.68449962 0.54243124 2.3860826 3684408
0.69423902 0.54273587 2.3855293 3684408
0.70489722 0.54212773 2.3866417 3684408
0.71463573 0.54243183 2.3860855 3684408
0.72436726 0.54273593 2.3855293 3684408
0.73503947 0.54212779 2.3866417 3684408
0.74477094 0.54243183 2.3860855 3684408
0.75449544 0.54273593 2.3855293 3684408
0.76518172 0.54212773 2.3866417 3684408
0.77490616 0.54243183 2.3860855 3684408
0.78462362 0.54273593 2.3855293 3684408
0.79532397 0.54212779 2.3866417 3684408
0.80504143 0.54243183 2.3860855 3684408
0.8147518 0.54273593 2.3855293 3684408
0.82546628 0.54212779 2.3866417 3684408
0.83517665 0.54243183 2.3860855 3684408
0.8448801 0.54273593 2.3855293 3684408
0.85560858 0.54212773 2.3866417 3684408
0.86531186 0.54243183 2.3860855 3684408
0.87500829 0.54273593 2.3855293 3684408
0.88468206 0.54243183 2.3860855 3684408
0.89436281 0.54212773 2.3866417 3684408
0.90513647 0.54273587 2.3855293 3684408
0.91481727 0.54243183 2.3860855 3684408
0.92450511 0.54212773 2.3866417 3684408
0.93526477 0.54273587 2.3855293 3684408
0.94495255 0.54243183 2.3860855 3684408
0.95464742 0.54212773 2.3866417 3684408
0.96539289 0.54273593 2.3855293 3684408
0.97508776 0.54243183 2.3860855 3684408
0.98478967 0.54212773 2.3866417 3684408
0.99552119 0.54273593 2.3855293 3684408
1.005223 0.54243183 2.3860855 3684408
1.0149319 0.54212773 2.3866417 3684408
1.0256494 0.54273593 2.3855293 3684408
1.0353582 0.54243183 2.3860855 3684408
1.0450742 0.54212773 2.3866417 3684408
1.0557777 0.54273587 2.3855293 3684408
1.0654936 0.54243183 2.3860855 3684408
1.0752165 0.54212773 2.3866417 3684408
1.0848687 0.54243183 2.3860855 3684408
1.0945138 0.54273587 2.3855293 3684408
1.1053588 0.54212779 2.3866417 3684408
1.1150038 0.54243183 2.3860855 3684408
1.1246421 0.54273593 2.3855293 3684408
1.1343741 0.54243183 2.3860855 3684408
1.1441129 0.54212773 2.3866417 3684408
1.1547704 0.54273587 2.3855293 3684408
1.1645093 0.54243183 2.3860855 3684408
1.1742553 0.54212779 2.3866417 3684408
1.1848986 0.54273587 2.3855293 3684408
1.1946445 0.54243183 2.3860855 3684408
1.2043976 0.54212773 2.3866417 3684408
1.2150269 0.54273587 2.3855293 3684408
1.2247797 0.54243183 2.3860855 3684408
1.2345397 0.54212773 2.3866417 3684408
1.245155 0.54273593 2.3855293 3684408
1.254915 0.54243183 2.3860855 3684408
1.2646821 0.54212773 2.3866417 3684408
1.2752831 0.54273593 2.3855293 3684408
1.2850503 0.54243183 2.3860855 3684408
1.2948244 0.54212779 2.3866417 3684408
1.3054113 0.54273593 2.3855293 3684408
1.3151855 0.54243183 2.3860855 3684408
1.3249665 0.54212773 2.3866417 3684408
1.3355396 0.54273587 2.3855293 3684408
1.3453208 0.54243183 2.3860855 3684408
1.355109 0.54212773 2.3866417 3684408
1.3656678 0.54273587 2.3855293 5131854
1.3745562 0.54192501 2.3870125 9474192
-0.30088836 0.50869614 2.3995509 3488319
-0.29427493 0.50848925 2.3985748 3488319
-0.28546494 0.50821358 2.3972745 3488319
-0.2744664 0.50786948 2.3956513 3488319
-0.26296112 0.50646985 2.3958561 3488319
-0.25501373 0.50570202 2.3956339 3488319
-0.2462358 0.50542819 2.3943367 3488319
-0.23651338 0.50434661 2.3943248 3488319
-0.22405319 0.50213832 2.3958142 3488318
-0.21584806 0.50292528 2.3926928 3488318
-0.20491756 0.50258541 2.3910756 3488062
0.24585409 0.50249064 2.390625 3092787
0.25461859 0.50276315 2.3919215 3092788
0.26558802 0.50310427 2.3935442 3093044
0.27657139 0.5034458 2.3951693 3093045
0.28502366 0.50526607 2.3935688 3158581
0.2938202 0.50554049 2.3948686 3158838
0.30387333 0.50616598 2.3957829 3158838
0.31546974 0.50777614 2.3952112 3224631
0.32428885 0.50805211 2.3965127 3224631
0.33532679 0.50839752 2.3981421 3224631
0.34416673 0.50867409 2.3994467 3224888
-0.376614 0.51730275 2.3993094 3488318
-0.36422008 0.51768357 2.3960731 3488318
-0.35493806 0.51764715 2.3942385 3488318
-0.34565538 0.51632231 2.394762 3488319
-0.33503315 0.51443416 2.3960421 3488319
-0.32400572 0.51408601 2.3944204 3488319
-0.31605485 0.51331848 2.3941965 3488319
-0.30456278 0.51192337 2.3943961 3488319
-0.29356354 0.51157713 2.3927765 3488319
-0.28477526 0.51130044 2.3914826 3488319
-0.27818999 0.5110932 2.3905132 3488319
0.32350349 0.51113504 2.3907089 3224631
0.33451405 0.51148164 2.3923299 3224631
0.34553865 0.51182866 2.3939533 3224888
0.35436946 0.51210666 2.3952532 3224888
0.36497942 0.51399094 2.3939779 3290425
0.37603223 0.51433992 2.3956032 3290681
0.38399088 0.5151087 2.3958263 3290681
0.39635098 0.517308 2.3943326 3290682
0.40607423 0.51838958 2.3943443 3290682
0.41544288 0.51713949 2.3985522 3356218
0.42210609 0.51735055 2.3995311 3356474
-0.48236978 0.52995783 2.397809 3422525
-0.47568733 0.52974242 2.3968344 3422525
-0.46456209 0.52938378 2.3952119 3422525
-0.45400038 0.5275023 2.3964925 3422525
-0.44511157 0.52721655 2.3951943 3422525
-0.43500549 0.52658397 2.3942819 3422526
-0.42531493 0.52606773 2.3932416 3422526
-0.41507882 0.52316928 2.3964503 3488062
-0.40497893 0.52253795 2.3955369 3488062
-0.39513782 0.52253228 2.3935313 3488062
-0.38454831 0.52065206 2.3948038 3488062
-0.37570331 0.52037024 2.3935075 3488318
-0.3668679 0.52008879 2.3922129 3488318
0.41443592 0.52020299 2.3927383 3356218
0.42551756 0.52055603 2.3943622 3356474
0.43699932 0.5219503 2.3941624 3356475
0.44496149 0.52271879 2.3943865 3356475
0.45507032 0.52335072 2.3953006 3356475
0.46477816 0.52386731 2.3963439 3356475
0.47588411 0.52627915 2.3942044 3356475
0.48506689 0.52739519 2.3940425 3356475
0.49498373 0.5274061 2.396054 3356475
0.50369889 0.52820015 2.3963859 3356475
0.51444364 0.52957398 2.3960724 3356476
0.52337408 0.52986181 2.3973749 3356476
-1.3802899 0.53785944 2.3944669 10197915
-1.3738123 0.53786051 2.3944716 10197915
-1.3651717 0.53786039 2.3944709 10197915
-1.3543679 0.53785896 2.3944647 10197915
-1.3435712 0.53786051 2.3944714 10197915
-1.3349279 0.53785932 2.3944662 10197915
-1.3262913 0.53786087 2.3944731 10197915
-1.3154882 0.53785968 2.3944681 10197915
-1.3046876 0.53785968 2.3944678 10197915
-1.2960478 0.53785986 2.3944688 10197915
-1.2852488 0.53786039 2.3944709 10197915
-1.2744474 0.53786004 2.3944695 10197915
-1.2658044 0.53785884 2.3944643 10197915
-1.2550074 0.53786033 2.3944705 10197915
-1.2442038 0.53785896 2.3944645 10197915
-1.2355651 0.53785968 2.3944678 10197915
-1.2247634 0.53785902 2.394465 10197915
-1.2139664 0.53786057 2.3944719 10197915
-1.205323 0.5378592 2.3944657 10197915
-1.194522 0.5378589 2.3944645 10197915
-1.1837232 0.53785962 2.3944676 10197915
-1.1750833 0.5378598 2.3944683 10197915
-1.1664436 0.5378601 2.3944697 10197915
-1.1556402 0.53785878 2.3944638 10197915
-1.144842 0.53785974 2.3944683 10197915
-1.1362001 0.53785896 2.3944647 10197915
-1.1254032 0.53786063 2.3944721 10197915
-1.1145997 0.5378592 2.3944657 10197915
-1.1059591 0.53785896 2.3944647 10197915
-1.0951594 0.53785926 2.3944662 10197915
-1.0843619 0.53786081 2.3944728 10197915
-1.0757186 0.53785932 2.3944664 10197915
-1.0649174 0.5378589 2.3944645 10197915
-1.0541182 0.53785944 2.3944669 10197915
-1.0454791 0.5378601 2.3944697 10197915
-1.0346785 0.53785998 2.3944693 10197915
-1.0238757 0.53785872 2.3944638 10197915
-1.0152384 0.53786039 2.3944709 10197915
-1.0044366 0.53785968 2.3944676 10197915
-0.99363697 0.53786004 2.3944693 10197915
-0.98499542 0.53785932 2.3944664 10197915
-0.97635472 0.53785908 2.3944654 10197915
-0.96555489 0.53785944 2.3944669 10197915
-0.95475715 0.53786093 2.3944736 10197915
-0.94611502 0.53785992 2.394469 10197915
-0.93531352 0.53785926 2.3944662 10197915
-0.9245137 0.53785956 2.3944674 10197915
-0.91587436 0.53786016 2.3944702 10197915
-0.9050737 0.53786004 2.3944695 10197915
-0.89427102 0.53785866 2.3944635 10197915
-0.88563299 0.53786004 2.3944695 10197915
-0.87483245 0.53785998 2.394469 10197915
-0.8640331 0.53786063 2.3944721 10197915
-0.85539043 0.53785914 2.3944654 10197915
-0.84459108 0.53785986 2.3944685 10197915
-0.83378994 0.53785932 2.3944662 10197915
-0.82515168 0.53786063 2.3944721 10197915
-0.81434983 0.53785968 2.3944681 10197915
-0.80354923 0.53785956 2.3944674 10197915
-0.79490983 0.53786016 2.3944702 10197915
-0.78626919 0.53785992 2.394469 10197915
-0.77546889 0.5378601 2.3944695 10197915
-0.7646668 0.53785884 2.394464 10197915
-0.75602847 0.53786027 2.3944705 10197915
-0.74522775 0.53785998 2.3944695 10197915
-0.73442787 0.53786039 2.3944712 10197915
-0.72578609 0.53785932 2.3944664 10197915
-0.71498632 0.53785986 2.3944685 10197915
-0.70418537 0.53785944 2.3944666 10197915
-0.69554383 0.53785843 2.3944623 10197915
-0.68474507 0.53785974 2.3944681 10197915
-0.67394418 0.53785932 2.3944662 10197915
-0.66530466 0.53785992 2.3944688 10197915
-0.65450257 0.53785855 2.3944628 10197915
-0.64370394 0.53786004 2.3944693 10197915
-0.6350624 0.53785896 2.3944647 10197915
-0.62642372 0.53786039 2.3944709 10197915
-0.61562198 0.5378592 2.3944657 10197915
-0.60482168 0.53785932 2.3944662 10197915
-0.59618163 0.5378595 2.3944669 10197915
-0.58538175 0.53785998 2.3944693 10197915
-0.57458091 0.53785956 2.3944674 10197915
-0.56593955 0.53785855 2.3944628 10197915
-0.55514032 0.53785974 2.3944681 10197915
-0.54433978 0.53785956 2.3944674 10197915
-0.5340696 0.53623164 2.3968563 6846858
-0.52412748 0.53622437 2.3948925 4806242
-0.51399463 0.53558815 2.3939815 4608605
-0.50602746 0.53481871 2.3937578 5003880
-0.49414 0.53218234 2.3961482 4279124
-0.48456109 0.53207713 2.3943787 3554112
-0.4745383 0.53277671 2.3910446 3422525
-0.4678773 0.53256077 2.3900754 3422525
0.51765072 0.53274858 2.3909183 3356476
0.52656376 0.5330376 2.3922153 3356476
0.53492534 0.53146398 2.3968084 3356476
0.54441869 0.53361648 2.3948133 3356732
0.55492252 0.53548908 2.3935375 3356476
0.56489885 0.53550684 2.3955486 3356476
0.57506043 0.53614366 2.3964643 3356476
0.58537734 0.53785592 2.3944511 3618872
0.59617764 0.53785592 2.3944511 3684408
0.60481787 0.53785592 2.3944511 3684408
0.61561823 0.53785592 2.3944511 3684408
0.62641853 0.53785592 2.3944511 3684408
0.63505876 0.53785592 2.3944511 3684408
0.64369905 0.53785592 2.3944511 3684408
0.65449935 0.53785592 2.3944511 3684408
0.66529971 0.53785592 2.3944511 3684408
0.67393994 0.53785592 2.3944511 3684408
0.68474025 0.53785592 2.3944511 3684408
0.69554114 0.53785634 2.394453 3684408
0.70418197 0.53785676 2.394455 3684408
0.71498233 0.53785676 2.394455 3684408
0.72578263 0.53785676 2.394455 3684408
0.73442292 0.53785676 2.394455 3684408
0.74522322 0.53785676 2.394455 3684408
0.75602359 0.53785676 2.394455 3684408
0.76466388 0.53785676 2.394455 3684408
0.77546424 0.53785676 2.394455 3684408
0.78626454 0.53785676 2.394455 3684408
0.79490483 0.53785676 2.394455 3684408
0.80354506 0.53785676 2.394455 3684408
0.81434542 0.53785676 2.394455 3684408
0.82514572 0.53785676 2.394455 3684408
0.83378601 0.53785676 2.394455 3684408
0.84458637 0.53785676 2.394455 3684408
0.85538667 0.53785676 2.394455 3684408
0.86402696 0.53785676 2.394455 3684408
0.87482733 0.53785676 2.394455 3684408
0.88562763 0.53785676 2.394455 3684408
0.89426792 0.53785676 2.394455 3684408
0.90506822 0.53785676 2.394455 3684408
0.91586858 0.53785676 2.394455 3684408
0.92450881 0.53785676 2.394455 3684408
0.93530917 0.53785676 2.394455 3684408
0.94610953 0.53785676 2.394455 3684408
0.95474976 0.53785676 2.394455 3684408
0.96555012 0.53785676 2.394455 3684408
0.97635043 0.53785676 2.394455 3684408
0.98499072 0.53785676 2.394455 3684408
0.99363101 0.53785676 2.394455 3684408
1.0044314 0.53785676 2.394455 3684408
1.0152316 0.53785676 2.394455 3684408
1.0238719 0.53785676 2.394455 3684408
1.0346723 0.53785676 2.394455 3684408
1.0454726 0.53785676 2.394455 3684408
1.0541129 0.53785676 2.394455 3684408
1.0649133 0.53785676 2.394455 3684408
1.0757135 0.53785676 2.394455 3684408
1.0843538 0.53785676 2.394455 3684408
1.0951542 0.53785676 2.394455 3684408
1.1059545 0.53785676 2.394455 3684408
1.1145948 0.53785676 2.394455 3684408
1.1253951 0.53785676 2.394455 3684408
1.1361954 0.53785676 2.394455 3684408
1.1448357 0.53785676 2.394455 3684408
1.1556361 0.53785676 2.394455 3684408
1.1664364 0.53785676 2.394455 3684408
1.1750766 0.53785676 2.394455 3684408
1.1837169 0.53785676 2.394455 3684408
1.1945173 0.53785676 2.394455 3684408
1.2053176 0.53785676 2.394455 3684408
1.2139579 0.53785676 2.394455 3684408
1.2247581 0.53785676 2.394455 3684408
1.2355585 0.53785676 2.394455 3684408
1.2441988 0.53785676 2.394455 3684408
1.2549992 0.53785676 2.394455 3684408
1.2657995 0.53785676 2.394455 3684408
1.2744398 0.53785676 2.394455 3684408
1.2852401 0.53785676 2.394455 3684408
1.2960404 0.53785676 2.394455 3684408
1.3046807 0.53785676 2.394455 3684408
1.3154811 0.53785676 2.394455 3684408
1.3262813 0.53785676 2.394455 3684408
1.3349216 0.53785676 2.394455 3684408
1.3435619 0.53785676 2.394455 3684408
1.3543621 0.53785676 2.394455 3684408
1.3651626 0.53785676 2.394455 5460819
1.3738029 0.53785676 2.394455 9211020
1.380283 0.53785676 2.394455 10197915
-0.34068415 0.50994128 2.4054241 3488319
-0.33356941 0.50867444 2.4062853 3488319
-0.32558089 0.50790304 2.4060609 3488319
-0.31547475 0.50727499 2.4051402 3488319
-0.30566943 0.50728226 2.4031184 3488319
-0.29449093 0.50432414 2.4062431 3488319
-0.28524899 0.50320047 2.4064069 3488319
-0.27451617 0.50349528 2.4036686 3488319
-0.26528206 0.50237298 2.4038312 3488319
-0.25594249 0.50103939 2.4043589 3488319
-0.24493153 0.5006991 2.4027259 3488319
-0.23393449 0.5003593 2.4010949 3488319
-0.22734345 0.50015563 2.4001176 3488319
0.27504122 0.50027037 2.4006684 3093044
0.28606373 0.50061095 2.402303 3158581
0.29489294 0.50088382 2.4036121 3158838
0.30569199 0.50226241 2.403301 3158838
0.31537148 0.50277102 2.4043529 3158838
0.32547462 0.50339764 2.4052758 3224631
0.33433631 0.50367236 2.4065881 3224631
0.34590226 0.50638348 2.403995 3224888
0.35566452 0.50746948 2.404007 3224888
0.36453801 0.50774634 2.4053183 3290425
0.3746621 0.50837535 2.4062405 3290425
0.38406929 0.5099225 2.4053357 3290681
-0.44335142 0.51941627 2.409112 3422526
-0.43442157 0.51913345 2.4078002 3422526
-0.4255015 0.51885092 2.4064903 3422526
-0.41659114 0.51856881 2.4051814 3488062
-0.40497035 0.51695406 2.4057562 3488062
-0.39483708 0.51632237 2.4048367 3488062
-0.38594949 0.51604176 2.4035299 3488062
-0.37530887 0.51415038 2.4048121 3488318
-0.36465696 0.51225311 2.4061031 3488318
-0.35578108 0.51197457 2.4047947 3488318
-0.34691486 0.51169634 2.4034877 3488318
0.38804269 0.51160675 2.4030669 3290682
0.3947078 0.51181585 2.4040494 3290682
0.40483814 0.51244622 2.4049706 3290682
0.41473249 0.51244456 2.4070008 3290682
0.42575908 0.51539141 2.4038656 3356474
0.43498236 0.51651275 2.4037025 3356475
0.44589955 0.51623446 2.4064484 3356475
0.45513067 0.51735717 2.4062843 3356475
0.46443498 0.51869106 2.4057486 3356475
0.47337425 0.51897418 2.4070616 3356475
0.48456255 0.51932853 2.408705 3356475
-0.52385259 0.52819991 2.4095249 3949387
-0.51487821 0.52791232 2.4082129 4938086
-0.50367248 0.5275532 2.4065747 4872036
-0.49471927 0.52726626 2.4052658 4674399
-0.48412746 0.52537584 2.4065564 3422525
-0.47417745 0.52536786 2.4045327 3422525
-0.46402293 0.52473319 2.403614 3422525
-0.45565447 0.52291739 2.4052234 3422525
-0.4445039 0.52256221 2.4035897 3422525
-0.43336743 0.52220738 2.4019575 3422526
-0.42446953 0.5219239 2.4006538 3422526
0.46776307 0.52190197 2.4005527 3356475
0.47668481 0.52218622 2.4018602 3356475
0.4856163 0.52247077 2.4031692 3356475
0.4945575 0.52275562 2.4044795 3356475
0.50513035 0.52464157 2.4031932 3356475
0.51510501 0.52465022 2.4052205 3356475
0.52528846 0.52528548 2.4061441 3356476
0.53361094 0.52710319 2.4045219 3356476
0.54482847 0.52746266 2.4061615 3356732
0.55606031 0.52782261 2.4078038 3356476
0.56505728 0.52811098 2.4091191 3356476
-1.3842548 0.53273749 2.4038551 10197915
-1.3753011 0.53356123 2.4023571 10197915
-1.3646696 0.53294331 2.4034801 10197915
-1.3548095 0.53325146 2.4029148 10197915
-1.3449593 0.53356063 2.4023547 10197915
-1.3343165 0.53294408 2.4034834 10197915
-1.3244641 0.53325248 2.4029193 10197915
-1.3157904 0.53325129 2.4029143 10197915
-1.3059499 0.53356081 2.4023552 10197915
-1.2952874 0.53294355 2.403481 10197915
-1.285447 0.53325307 2.4029222 10197915
-1.2756077 0.5335601 2.4023521 10197915
-1.2649326 0.53294367 2.4034815 10197915
-1.2550957 0.53325164 2.4029157 10197915
-1.2452641 0.53355885 2.4023464 10197915
-1.2345778 0.53294367 2.4034812 10197915
-1.2247472 0.53325135 2.402914 10197915
-1.2149279 0.53356081 2.4023552 10197915
-1.2042202 0.53294253 2.4034762 10197915
-1.1943996 0.53325146 2.402915 10197915
-1.1845844 0.5335595 2.4023492 10197915
-1.1748955 0.5332526 2.4029202 10197915
-1.1651943 0.53294331 2.4034798 10197915
-1.1553802 0.53325105 2.4029131 10197915
-1.1455768 0.53356045 2.4023538 10197915
-1.1348404 0.53294384 2.4034824 10197915
-1.1250352 0.5332523 2.4029186 10197915
-1.1152337 0.53355926 2.4023483 10197915
-1.1044858 0.53294402 2.4034829 10197915
-1.0946856 0.5332514 2.4029145 10197915
-1.0848966 0.53356093 2.4023559 10197915
-1.0751786 0.53325135 2.4029145 10197915
-1.0654564 0.53294319 2.4034793 10197915
-1.0545536 0.53355986 2.4023509 10197915
-1.0448334 0.53325272 2.4029205 10197915
-1.0351014 0.53294313 2.4034791 10197915
-1.0253186 0.53325117 2.4029136 10197915
-1.0155452 0.5335604 2.4023533 10197915
-1.0047476 0.53294373 2.4034817 10197915
-0.99497271 0.53325212 2.4029179 10197915
-0.98520249 0.53355926 2.4023483 10197915
-0.97439253 0.53294367 2.4034812 10197915
-0.9646247 0.53325206 2.4029174 10197915
-0.95486516 0.53356111 2.4023566 10197915
-0.94511688 0.5332514 2.402915 10197915
-0.93536443 0.53294349 2.403481 10197915
-0.92452276 0.53356016 2.4023523 10197915
-0.91477203 0.53325319 2.4029229 10197915
-0.90500945 0.53294349 2.4034808 10197915
-0.89525712 0.5332514 2.4029145 10197915
-0.88551438 0.53356075 2.4023547 10197915
-0.87465513 0.5329439 2.4034824 10197915
-0.8649106 0.53325224 2.4029183 10197915
-0.85517168 0.53355962 2.4023499 10197915
-0.84540439 0.53325254 2.4029198 10197915
-0.83562678 0.53294343 2.4034805 10197915
-0.82483351 0.53356117 2.4023569 10197915
-0.81505513 0.53325158 2.4029155 10197915
-0.80527133 0.53294319 2.4034793 10197915
-0.79449111 0.53356004 2.4023519 10197915
-0.78470951 0.53325307 2.4029222 10197915
-0.77491683 0.53294343 2.4034805 10197915
-0.76519525 0.5332514 2.402915 10197915
-0.75548267 0.53356075 2.402355 10197915
-0.7445631 0.53294432 2.4034843 10197915
-0.73484904 0.5332526 2.4029198 10197915
-0.72514039 0.53355968 2.4023499 10197915
-0.71534252 0.53325284 2.402921 10197915
-0.70553374 0.53294313 2.4034791 10197915
-0.69480014 0.53355992 2.4023514 10197915
-0.68499303 0.53325152 2.402915 10197915
-0.6751793 0.53294355 2.403481 10197915
-0.66445982 0.53356022 2.4023526 10197915
-0.65464413 0.53325057 2.4029109 10197915
-0.6448245 0.53294361 2.4034812 10197915
-0.63411915 0.53356016 2.4023526 10197915
-0.62429833 0.53325224 2.4029183 10197915
-0.61562616 0.53325105 2.4029131 10197915
-0.60579598 0.53294295 2.4034786 10197915
-0.59510922 0.5335598 2.4023509 10197915
-0.58528012 0.53325266 2.4029205 10197915
-0.57544124 0.53294313 2.4034791 10197915
-0.56476855 0.5335598 2.4023509 10197915
-0.55493128 0.53325176 2.4029164 10197915
-0.54508716 0.53294396 2.4034829 10197915
-0.53556526 0.53267503 2.4035723 7963275
-0.52482045 0.53132617 2.4040003 5069930
-0.51586533 0.53103757 2.4026942 5004137
-0.50468558 0.53067714 2.4010637 4213331
0.54574275 0.53058296 2.4006376 3356732
0.55470729 0.53087193 2.4019449 3356476
0.5636816 0.53116119 2.4032538 3356476
0.57491374 0.53152329 2.4048922 3356475
0.58527899 0.5332517 2.402916 3618872
0.59510958 0.53356016 2.4023521 3684408
0.60579628 0.53294331 2.4034798 3684408
0.61562687 0.5332517 2.402916 3684408
0.62429762 0.5332517 2.402916 3684408
0.63411903 0.53356016 2.4023521 3684408
0.64482409 0.53294331 2.4034798 3684408
0.65464544 0.5332517 2.402916 3684408
0.66445971 0.53356016 2.4023521 3684408
0.67517895 0.53294331 2.4034798 3684408
0.68499327 0.5332517 2.402916 3684408
0.69480038 0.53356016 2.4023521 3684408
0.70553434 0.53294361 2.4034812 3684408
0.71534216 0.53325254 2.4029198 3684408
0.72514224 0.53356093 2.4023559 3684408
0.73484898 0.53325254 2.4029198 3684408
0.74456286 0.53294408 2.4034836 3684408
0.75548291 0.53356093 2.4023559 3684408
0.7651968 0.53325254 2.4029198 3684408
0.77491784 0.53294408 2.4034836 3684408
0.78470868 0.53325254 2.4029198 3684408
0.79449242 0.53356093 2.4023559 3684408
0.80527276 0.53294408 2.4034836 3684408
0.81505656 0.53325254 2.4029198 3684408
0.82483321 0.53356093 2.4023559 3684408
0.83562773 0.53294408 2.4034836 3684408
0.84540439 0.53325254 2.4029198 3684408
0.85517395 0.53356093 2.4023559 3684408
0.86491114 0.53325254 2.4029198 3684408
0.8746556 0.53294408 2.4034836 3684408
0.88551462 0.53356093 2.4023559 3684408
0.89525908 0.53325254 2.4029198 3684408
0.90501052 0.53294408 2.4034836 3684408
0.9147709 0.53325254 2.4029198 3684408
0.92452413 0.53356093 2.4023559 3684408
0.9353655 0.53294408 2.4034836 3684408
0.94511878 0.53325254 2.4029198 3684408
0.95486486 0.53356093 2.4023559 3684408
0.96462554 0.53325254 2.4029198 3684408
0.97439337 0.53294408 2.4034836 3684408
0.98520565 0.53356093 2.4023559 3684408
0.99497336 0.53325254 2.4029198 3684408
1.0047483 0.53294408 2.4034836 3684408
1.0155463 0.53356093 2.4023559 3684408
1.0253212 0.53325254 2.4029198 3684408
1.0351033 0.53294408 2.4034836 3684408
1.0448331 0.53325254 2.4029198 3684408
1.0545559 0.53356093 2.4023559 3684408
1.0654583 0.53294408 2.4034836 3684408
1.075181 0.53325254 2.4029198 3684408
1.0848966 0.53356093 2.4023559 3684408
1.0946878 0.53325254 2.4029198 3684408
1.1044861 0.53294408 2.4034836 3684408
1.1152374 0.53356093 2.4023559 3684408
1.1250356 0.53325254 2.4029198 3684408
1.1348411 0.53294408 2.4034836 3684408
1.145578 0.53356093 2.4023559 3684408
1.1553835 0.53325254 2.4029198 3684408
1.1651962 0.53294408 2.4034836 3684408
1.1748954 0.53325254 2.4029198 3684408
1.1845876 0.53356093 2.4023559 3684408
1.1944021 0.53325254 2.4029198 3684408
1.2042239 0.53294408 2.4034836 3684408
1.2149283 0.53356093 2.4023559 3684408
1.2247499 0.53325254 2.4029198 3684408
1.2345788 0.53294408 2.4034836 3684408
1.2452691 0.53356093 2.4023559 3684408
1.2550979 0.53325254 2.4029198 3684408
1.2649337 0.53294408 2.4034836 3684408
1.2756097 0.53356093 2.4023559 3684408
1.2854457 0.53325254 2.4029198 3684408
1.2952888 0.53294408 2.4034836 3684408
1.3059504 0.53356093 2.4023559 3684408
1.3157935 0.53325254 2.4029198 3684408
1.3244643 0.53325254 2.4029198 3684408
1.3343166 0.53294408 2.4034836 3684408
1.34496 0.53356093 2.4023559 3684408
1.3548123 0.53325254 2.4029198 3684408
1.3646716 0.53294408 2.4034836 6381921
1.3753008 0.53356093 2.4023559 9934743
1.3842573 0.53273851 2.4038594 10197915
-0.39501309 0.50849652 2.419198 3488062
-0.38383821 0.50814903 2.4175448 3488062
-0.37490964 0.50787139 2.416224 3488318
-0.36405599 0.50648296 2.4165421 3488318
-0.35431102 0.5059703 2.4154842 3488318
-0.34415621 0.50534022 2.4145575 3488319
-0.33613658 0.50456697 2.4143298 3488319
-0.32454956 0.50315952 2.4145327 3488319
-0.31344426 0.50281632 2.4128857 3488319
-0.3045713 0.50254214 2.4115701 3488319
-0.29792261 0.50233668 2.410584 3488319
0.34362623 0.50238979 2.4108391 3224888
0.35474336 0.50273335 2.4124877 3224888
0.36587474 0.50307733 2.4141383 3290425
0.3747912 0.50335288 2.4154606 3290425
0.38449192 0.5055421 2.4134402 3290681
0.39539546 0.5052501 2.4162087 3290682
0.40466747 0.50637811 2.4160433 3290682
0.41402084 0.50771987 2.4155035 3290682
0.42520776 0.50806779 2.4171584 3356474
0.43640897 0.50841612 2.4188156 3356475
0.44313705 0.50862527 2.4198108 3356475
-0.47584286 0.51731503 2.4196143 3422525
-0.46461177 0.51696151 2.4179606 3422525
-0.45407477 0.51850545 2.412976 3422525
-0.44443309 0.51632631 2.4149897 3422525
-0.43601313 0.51449251 2.4166217 3422526
-0.42582026 0.51385915 2.4156928 3422526
-0.41488552 0.51414287 2.4129336 3488062
-0.40521127 0.51196015 2.4149473 3488062
-0.39628071 0.51168072 2.4136293 3488062
-0.38513163 0.51133186 2.4119837 3488062
-0.37399673 0.51098347 2.4103403 3488318
0.41970307 0.51103741 2.4105947 3356474
0.42640209 0.51124704 2.4115834 3356474
0.43534219 0.51152676 2.4129028 3356475
0.44429213 0.51180673 2.4142237 3356475
0.45633399 0.51296687 2.414567 3356475
0.46613973 0.51405764 2.4145792 3356475
0.47511277 0.51433933 2.4159021 3356475
0.48314813 0.51511455 2.4161289 3356475
0.49514502 0.51778841 2.413692 3356475
0.50481451 0.51788485 2.4154966 3356475
0.51498079 0.51716256 2.4189012 3356476
0.52174145 0.51737541 2.4198966 3356476
-1.3916945 0.5270555 2.4142513 10197915
-1.3841813 0.52674502 2.414824 10197915
-1.3742713 0.52705646 2.4142561 10197915
-1.3655562 0.52705526 2.4142501 10197915
-1.3556571 0.52736741 2.4136848 10197915
-1.3449676 0.52674443 2.4148214 10197915
-1.3350689 0.52705663 2.4142566 10197915
-1.3251718 0.52736676 2.4136817 10197915
-1.3144696 0.52674431 2.4148211 10197915
-1.3045756 0.52705568 2.414252 10197915
-1.295867 0.52705699 2.414258 10197915
-1.2859796 0.52736729 2.4136841 10197915
-1.2752569 0.52674407 2.4148202 10197915
-1.2653748 0.52705657 2.4142561 10197915
-1.2554933 0.52736616 2.4136791 10197915
-1.2447588 0.52674413 2.4148202 10197915
-1.2348806 0.52705514 2.4142497 10197915
-1.2250124 0.52736741 2.4136851 10197915
-1.2142611 0.52674425 2.4148209 10197915
-1.2043886 0.52705467 2.4142475 10197915
-1.19568 0.52705604 2.4142537 10197915
-1.1858181 0.52736706 2.4136829 10197915
-1.1750504 0.52674478 2.4148235 10197915
-1.165186 0.52705467 2.4142475 10197915
-1.1553349 0.52736729 2.4136844 10197915
-1.1445503 0.52674401 2.4148197 10197915
-1.1346989 0.52705646 2.4142559 10197915
-1.1248493 0.52736652 2.4136808 10197915
-1.1150973 0.52705514 2.4142499 10197915
-1.1053388 0.52674413 2.4148202 10197915
-1.0954961 0.5270564 2.4142556 10197915
-1.085657 0.527367 2.4136829 10197915
-1.0748398 0.52674371 2.4148183 10197915
-1.0650041 0.52705598 2.4142535 10197915
-1.0551729 0.52736688 2.4136825 10197915
-1.0443439 0.5267449 2.4148238 10197915
-1.0345109 0.52705479 2.414248 10197915
-1.0246898 0.52736723 2.4136839 10197915
-1.0149131 0.52705526 2.4142504 10197915
-1.0051332 0.52674544 2.4148262 10197915
-0.99530989 0.52705568 2.414252 10197915
-0.98549497 0.52736652 2.4136806 10197915
-0.97463304 0.52674443 2.4148216 10197915
-0.96482056 0.52705657 2.4142561 10197915
-0.95501292 0.52736741 2.4136848 10197915
-0.94521821 0.52705461 2.414247 10197915
-0.9354223 0.52674514 2.414825 10197915
-0.9245289 0.52736723 2.4136844 10197915
-0.91472977 0.52705604 2.4142537 10197915
-0.90492213 0.52674401 2.4148197 10197915
-0.89512599 0.5270561 2.414254 10197915
-0.88533461 0.52736676 2.413682 10197915
-0.87442666 0.5267455 2.4148266 10197915
-0.86463386 0.52705538 2.4142509 10197915
-0.85485089 0.52736682 2.4136822 10197915
-0.84503597 0.52705598 2.4142535 10197915
-0.83521366 0.52674496 2.414824 10197915
-0.82436788 0.52736729 2.4136844 10197915
-0.81454337 0.52705491 2.4142485 10197915
-0.80471534 0.52674496 2.4148238 10197915
-0.79494095 0.52705586 2.414253 10197915
-0.78517526 0.52736795 2.4136872 10197915
-0.77534121 0.5270552 2.4142501 10197915
-0.76550305 0.52674466 2.4148228 10197915
-0.75468999 0.52736682 2.4136822 10197915
-0.7448529 0.52705711 2.4142585 10197915
-0.73500502 0.52674478 2.4148233 10197915
-0.72420621 0.52736688 2.4136822 10197915
-0.71436042 0.5270561 2.4142537 10197915
-0.70564753 0.52705514 2.4142497 10197915
-0.6957919 0.52674389 2.4148192 10197915
-0.68501252 0.5273667 2.4136815 10197915
-0.67515826 0.5270564 2.4142556 10197915
-0.66529399 0.52674401 2.4148197 10197915
-0.65452844 0.52736646 2.4136803 10197915
-0.64466584 0.52705532 2.4142506 10197915
-0.63479626 0.52674437 2.4148216 10197915
-0.62506247 0.52705574 2.4142523 10197915
-0.61533445 0.52736592 2.4136777 10197915
-0.60546386 0.52705586 2.4142532 10197915
-0.59558421 0.52674419 2.4148209 10197915
-0.58485258 0.52736765 2.4136856 10197915
-0.57497174 0.52705485 2.4142485 10197915
-0.56508589 0.52674419 2.4148202 10197915
-0.5543676 0.52736652 2.4136806 10197915
-0.54448271 0.52705669 2.4142568 10197915
-0.53571814 0.52700448 2.4140177 7305861
-0.5259347 0.5259341 2.4140987 5069930
-0.51451361 0.52323121 2.416707 4872037
-0.50551677 0.5229454 2.4153869 4740192
-0.49530235 0.52230918 2.414459 4608606
-0.4855037 0.5217905 2.4134014 3422525
-0.47468251 0.52040851 2.4137142 3422525
-0.46571857 0.52012461 2.4123974 3422525
0.50698322 0.5200386 2.4119985 3356475
0.51372194 0.52025199 2.4129882 3356475
0.52496547 0.52060813 2.4146397 3356476
0.53556859 0.52250296 2.4133434 3356476
0.54457498 0.52278906 2.4146647 3356732
0.55480778 0.52342641 2.4155946 3356476
0.56464171 0.52394742 2.4166553 3356476
0.57476664 0.5268665 2.4133859 3356476
0.58485109 0.52736628 2.4136796 3618872
0.5955838 0.52674401 2.4148192 3684408
0.60546291 0.52705514 2.4142494 3684408
0.61533487 0.52736628 2.4136796 3684408
0.62506169 0.52705514 2.4142494 3684408
0.63479573 0.52674401 2.4148192 3684408
0.6446656 0.52705514 2.4142494 3684408
0.6545282 0.52736628 2.4136796 3684408
0.66529387 0.52674401 2.4148192 3684408
0.67515647 0.52705514 2.4142494 3684408
0.68501198 0.52736628 2.4136796 3684408
0.69579196 0.52674401 2.4148192 3684408
0.70564747 0.52705514 2.4142494 3684408
0.7143591 0.52705514 2.4142494 3684408
0.72420627 0.52736694 2.4136825 3684408
0.73500502 0.52674472 2.4148231 3684408
0.74485123 0.52705592 2.4142532 3684408
0.75469029 0.52736712 2.4136834 3684408
0.76550323 0.52674472 2.4148231 3684408
0.77534229 0.52705592 2.4142532 3684408
0.78517401 0.52736712 2.4136834 3684408
0.79494101 0.52705592 2.4142532 3684408
0.80471516 0.52674472 2.4148231 3684408
0.81454492 0.52705592 2.4142532 3684408
0.82436752 0.52736712 2.4136834 3684408
0.8352133 0.52674472 2.4148231 3684408
0.84503591 0.52705592 2.4142532 3684408
0.85485137 0.52736712 2.4136834 3684408
0.86463469 0.52705592 2.4142532 3684408
0.87442529 0.52674472 2.4148231 3684408
0.88533509 0.52736706 2.4136834 3684408
0.89512575 0.52705592 2.4142532 3684408
0.90492344 0.52674472 2.4148231 3684408
0.9147296 0.52705592 2.4142532 3684408
0.92452848 0.52736712 2.4136834 3684408
0.93542159 0.52674472 2.4148231 3684408
0.94522059 0.52705592 2.4142532 3684408
0.95501232 0.52736712 2.4136834 3684408
0.96481937 0.52705592 2.4142532 3684408
0.97463357 0.52674472 2.4148231 3684408
0.98549616 0.52736712 2.4136834 3684408
0.99531037 0.52705592 2.4142532 3684408
1.0051318 0.52674472 2.4148231 3684408
1.0149143 0.52705592 2.4142532 3684408
1.0246894 0.52736712 2.4136834 3684408
1.034513 0.52705592 2.4142532 3684408
1.0443437 0.52674472 2.4148231 3684408
1.0551734 0.52736706 2.4136834 3684408
1.0650041 0.52705592 2.4142532 3684408
1.074842 0.52674472 2.4148231 3684408
1.0856571 0.52736706 2.4136834 3684408
1.0954951 0.52705592 2.4142532 3684408
1.1053401 0.52674472 2.4148231 3684408
1.115099 0.52705592 2.4142532 3684408
1.1248506 0.52736706 2.4136834 3684408
1.1346977 0.52705592 2.4142532 3684408
1.144552 0.52674472 2.4148231 3684408
1.1553344 0.52736712 2.4136834 3684408
1.1651888 0.52705592 2.4142532 3684408
1.1750504 0.52674472 2.4148231 3684408
1.1858183 0.52736712 2.4136834 3684408
1.1956798 0.52705592 2.4142532 3684408
1.2043914 0.52705592 2.4142532 3684408
1.2142622 0.52674472 2.4148231 3684408
1.2250116 0.52736706 2.4136834 3684408
1.2348825 0.52705592 2.4142532 3684408
1.2447604 0.52674472 2.4148231 3684408
1.2554954 0.52736706 2.4136834 3684408
1.2653733 0.52705592 2.4142532 3684408
1.2752585 0.52674472 2.4148231 3684408
1.285979 0.52736706 2.4136834 3684408
1.2958645 0.52705592 2.4142532 3684408
1.304576 0.52705592 2.4142532 3684408
1.3144705 0.52674472 2.4148231 3684408
1.3251727 0.52736706 2.4136834 3684408
1.3350672 0.52705592 2.4142532 3684408
1.3449688 0.52674472 2.4148231 3684408
1.3556564 0.52736712 2.4136834 3684408
1.365558 0.52705592 2.4142532 6118749
1.3742697 0.52705592 2.4142532 9868950
1.3841807 0.52674472 2.4148231 10197915
1.3916957 0.52705592 2.4142532 10197915
-0.43536782 0.50975132 2.425168 3422526
-0.42465824 0.50783563 2.4264808 3422526
-0.41567433 0.50755715 2.4251502 3488062
-0.40545329 0.50692427 2.4242148 3488062
-0.39373869 0.5052976 2.4247928 3488062
-0.38525015 0.50344884 2.4264379 3488062
-0.37503543 0.50281721 2.4255016 3488318
-0.36509666 0.50282818 2.4234455 3488318
-0.35435855 0.50091386 2.4247499 3488318
-0.34541959 0.50063932 2.4234209 3488319
-0.33649039 0.50036514 2.4220936 3488319
-0.32757097 0.50009125 2.4207678 3488319
0.3690052 0.50001299 2.4203889 3290425
0.37571055 0.50021887 2.4213858 3290425
0.38465917 0.50049365 2.4227159 3290681
0.39361769 0.50076878 2.4240475 3290682
0.40570134 0.50193208 2.4243937 3290682
0.41554672 0.5030272 2.4244061 3290682
0.42452842 0.50330389 2.4257393 3356474
0.43437594 0.50440085 2.4257488 3356475
0.44685927 0.5066337 2.4242189 3356475
0.45492241 0.50741041 2.424449 3356475
0.4639259 0.50768948 2.4257827 3356475
0.47377372 0.50878656 2.425792 3356475
0.48362413 0.50988424 2.4258003 3356475
-1.3955774 0.5192337 2.4285882 10197915
-1.3846251 0.51923442 2.4285917 10197915
-1.3758593 0.51923347 2.4285874 10197915
-1.364905 0.51923352 2.4285877 10197915
-1.35395 0.51923329 2.4285865 10197915
-1.3451898 0.51923454 2.4285922 10197915
-1.3364244 0.5192337 2.4285884 10197915
-1.325469 0.51923329 2.4285867 10197915
-1.3145152 0.51923352 2.4285874 10197915
-1.3057525 0.51923382 2.4285889 10197915
-1.2947987 0.519234 2.4285896 10197915
-1.2838407 0.51923251 2.4285827 10197915
-1.2750823 0.51923454 2.4285922 10197915
-1.2663155 0.51923323 2.428586 10197915
-1.25536 0.51923263 2.4285834 10197915
-1.2444078 0.51923352 2.4285874 10197915
-1.2356441 0.51923347 2.428587 10197915
-1.2246903 0.51923364 2.4285879 10197915
-1.2137333 0.51923251 2.4285827 10197915
-1.2049727 0.5192337 2.4285884 10197915
-1.1962073 0.51923281 2.4285841 10197915
-1.1852554 0.51923388 2.4285891 10197915
-1.1742985 0.51923275 2.4285839 10197915
-1.1655359 0.51923311 2.4285855 10197915
-1.1545811 0.51923281 2.4285843 10197915
-1.1436306 0.5192346 2.4285924 10197915
-1.1348644 0.51923335 2.4285867 10197915
-1.1260982 0.51923198 2.4285803 10197915
-1.1151475 0.5192337 2.4285884 10197915
-1.1041927 0.51923347 2.4285874 10197915
-1.0954311 0.5192343 2.4285913 10197915
-1.0844735 0.51923269 2.4285839 10197915
-1.0735214 0.51923382 2.4285889 10197915
-1.0647562 0.51923299 2.4285851 10197915
-1.055995 0.51923406 2.4285898 10197915
-1.0450387 0.51923305 2.4285853 10197915
-1.0340846 0.51923311 2.4285855 10197915
-1.0253211 0.51923311 2.4285855 10197915
-1.0165591 0.51923382 2.4285891 10197915
-1.0056044 0.51923364 2.4285882 10197915
-0.99464697 0.51923203 2.4285803 10197915
-0.98588753 0.51923406 2.4285901 10197915
-0.97493201 0.51923347 2.4285872 10197915
-0.96397936 0.51923436 2.4285913 10197915
-0.95521355 0.51923305 2.4285853 10197915
-0.94645071 0.51923341 2.428587 10197915
-0.93549675 0.51923352 2.4285877 10197915
-0.92454338 0.51923406 2.4285901 10197915
-0.91577852 0.51923329 2.4285865 10197915
-0.9048245 0.51923341 2.428587 10197915
-0.89386976 0.51923317 2.4285858 10197915
-0.88510758 0.51923388 2.4285893 10197915
-0.87634403 0.51923382 2.4285889 10197915
-0.86538768 0.51923257 2.4285831 10197915
-0.85443586 0.51923406 2.4285903 10197915
-0.84567046 0.51923287 2.4285846 10197915
-0.83471888 0.51923448 2.4285922 10197915
-0.82376236 0.51923323 2.428586 10197915
-0.8149994 0.51923347 2.4285874 10197915
-0.80623651 0.51923382 2.4285889 10197915
-0.79528242 0.519234 2.4285898 10197915
-0.78432775 0.5192337 2.4285884 10197915
-0.77556312 0.51923293 2.4285846 10197915
-0.76461023 0.51923388 2.4285891 10197915
-0.75365609 0.519234 2.4285898 10197915
-0.7448926 0.51923394 2.4285893 10197915
-0.73612785 0.51923299 2.4285851 10197915
-0.72517395 0.51923341 2.4285867 10197915
-0.71421909 0.51923287 2.4285846 10197915
-0.70545459 0.51923215 2.4285808 10197915
-0.69450217 0.51923347 2.4285872 10197915
-0.68354797 0.51923352 2.4285874 10197915
-0.6747849 0.51923382 2.4285889 10197915
-0.66601998 0.51923263 2.4285836 10197915
-0.65506643 0.51923323 2.4285862 10197915
-0.64411175 0.51923293 2.4285846 10197915
-0.63534963 0.51923406 2.4285898 10197915
-0.62439424 0.51923311 2.4285853 10197915
-0.61343956 0.51923275 2.4285839 10197915
-0.60467649 0.51923311 2.4285855 10197915
-0.59591353 0.51923347 2.4285874 10197915
-0.58495909 0.51923341 2.4285867 10197915
-0.57400346 0.51923215 2.4285812 10197915
-0.56524163 0.51923358 2.4285879 10197915
-0.55647737 0.51923287 2.4285841 10197915
-0.5455246 0.51923424 2.428591 10197915
-0.53449631 0.51916218 2.4282537 7241615
-0.52544487 0.51887643 2.4269176 5135723
-0.51640403 0.51859188 2.4255862 5069930
-0.50470877 0.51696354 2.4261713 4740449
-0.49445111 0.51632649 2.425236 4477019
-0.48543352 0.51604342 2.4239068 3752006
-0.47475615 0.51413602 2.425211 3422525
-0.46406767 0.51222265 2.4265237 3422525
-0.455062 0.51194179 2.4251931 3422525
-0.44606617 0.51166111 2.4238639 3422525
0.48753661 0.51158285 2.4234929 3356475
0.49429944 0.51179373 2.4244924 3356475
0.50455439 0.51242948 2.4254296 3356475
0.51440626 0.51294774 2.4264989 3356475
0.52560705 0.51539975 2.4243052 3356476
0.53490192 0.51653057 2.4241393 3356476
0.54498589 0.51653242 2.4262018 3356476
0.55381769 0.51733488 2.426542 3356476
0.56469095 0.51872742 2.4262204 3356476
0.57376146 0.51901299 2.427556 3356476
0.58495039 0.51922566 2.4285507 3553081
0.59590364 0.51922482 2.4285469 3684408
0.60466695 0.51922482 2.4285469 3684408
0.6134302 0.51922482 2.4285469 3684408
0.62438428 0.51922482 2.4285469 3684408
0.63533843 0.51922482 2.4285469 3684408
0.64410174 0.51922482 2.4285469 3684408
0.65505582 0.51922482 2.4285469 3684408
0.6660099 0.51922482 2.4285469 3684408
0.67477322 0.51922482 2.4285469 3684408
0.68353653 0.51922482 2.4285469 3684408
0.69449061 0.51922482 2.4285469 3684408
0.70544475 0.51922482 2.4285469 3684408
0.71420801 0.51922482 2.4285469 3684408
0.72516209 0.51922482 2.4285469 3684408
0.73611683 0.51922524 2.4285488 3684408
0.74488068 0.51922566 2.4285507 3684408
0.75364399 0.51922566 2.4285507 3684408
0.76459813 0.51922566 2.4285507 3684408
0.77555227 0.51922566 2.4285507 3684408
0.78431559 0.51922566 2.4285507 3684408
0.79526967 0.51922566 2.4285507 3684408
0.80622381 0.51922566 2.4285507 3684408
0.81498712 0.51922566 2.4285507 3684408
0.82375044 0.51922566 2.4285507 3684408
0.83470458 0.51922566 2.4285507 3684408
0.84565866 0.51922566 2.4285507 3684408
0.85442197 0.51922566 2.4285507 3684408
0.86537617 0.51922566 2.4285507 3684408
0.87633026 0.51922566 2.4285507 3684408
0.88509357 0.51922566 2.4285507 3684408
0.89385682 0.51922566 2.4285507 3684408
0.90481097 0.51922566 2.4285507 3684408
0.91576511 0.51922566 2.4285507 3684408
0.92452842 0.51922566 2.4285507 3684408
0.9354825 0.51922566 2.4285507 3684408
0.94643664 0.51922566 2.4285507 3684408
0.95519996 0.51922566 2.4285507 3684408
0.96396327 0.51922566 2.4285507 3684408
0.97491741 0.51922566 2.4285507 3684408
0.98587149 0.51922566 2.4285507 3684408
0.99463481 0.51922566 2.4285507 3684408
1.005589 0.51922566 2.4285507 3684408
1.016543 0.51922566 2.4285507 3684408
1.0253063 0.51922566 2.4285507 3684408
1.0340697 0.51922566 2.4285507 3684408
1.0450238 0.51922566 2.4285507 3684408
1.0559779 0.51922566 2.4285507 3684408
1.0647413 0.51922566 2.4285507 3684408
1.0735046 0.51922566 2.4285507 3684408
1.0844587 0.51922566 2.4285507 3684408
1.0954129 0.51922566 2.4285507 3684408
1.104176 0.51922566 2.4285507 3684408
1.1151302 0.51922566 2.4285507 3684408
1.1260843 0.51922566 2.4285507 3684408
1.1348476 0.51922566 2.4285507 3684408
1.143611 0.51922566 2.4285507 3684408
1.1545651 0.51922566 2.4285507 3684408
1.1655192 0.51922566 2.4285507 3684408
1.1742826 0.51922566 2.4285507 3684408
1.1852367 0.51922566 2.4285507 3684408
1.1961907 0.51922566 2.4285507 3684408
1.204954 0.51922566 2.4285507 3684408
1.2137173 0.51922566 2.4285507 3684408
1.2246715 0.51922566 2.4285507 3684408
1.2356256 0.51922566 2.4285507 3684408
1.2443889 0.51922566 2.4285507 3684408
1.2553431 0.51922566 2.4285507 3684408
1.2662972 0.51922566 2.4285507 3684408
1.2750605 0.51922566 2.4285507 3684408
1.2838238 0.51922566 2.4285507 3684408
1.2947779 0.51922566 2.4285507 3684408
1.305732 0.51922566 2.4285507 3684408
1.3144953 0.51922566 2.4285507 3684408
1.3254495 0.51922566 2.4285507 3684408
1.3364036 0.51922566 2.4285507 3684408
1.3451669 0.51922566 2.4285507 3684408
1.3539302 0.51922566 2.4285507 3684408
1.3648844 0.51922566 2.4285507 4802889
1.3758385 0.51922566 2.4285507 9605778
1.3846018 0.51922566 2.4285507 10197915
1.3955559 0.51922566 2.4285507 10197915
-1.394457 0.52237499 2.4228349 10197915
-1.3857193 0.52237689 2.4228437 10197915
-1.3747864 0.52237517 2.4228358 10197915
-1.3638588 0.52237546 2.422837 10197915
-1.3551177 0.522376 2.4228396 10197915
-1.3463753 0.52237618 2.4228406 10197915
-1.335447 0.52237612 2.4228404 10197915
-1.3245151 0.52237475 2.4228339 10197915
-1.3157761 0.52237624 2.4228408 10197915
-1.3048463 0.52237558 2.422838 10197915
-1.2939188 0.52237606 2.4228399 10197915
-1.2851756 0.52237576 2.4228387 10197915
-1.2764323 0.52237552 2.4228375 10197915
-1.2655045 0.52237582 2.4228389 10197915
-1.2545711 0.52237368 2.4228289 10197915
-1.2458339 0.52237594 2.4228396 10197915
-1.2349042 0.52237535 2.422837 10197915
-1.2239769 0.52237582 2.4228387 10197915
-1.2152315 0.52237475 2.4228339 10197915
-1.2064903 0.52237529 2.4228363 10197915
-1.1955613 0.52237505 2.4228354 10197915
-1.1846368 0.52237678 2.4228432 10197915
-1.17589 0.52237487 2.4228346 10197915
-1.1649623 0.52237517 2.4228358 10197915
-1.1540346 0.52237546 2.4228373 10197915
-1.1452922 0.52237558 2.422838 10197915
-1.1365499 0.52237582 2.4228392 10197915
-1.1256187 0.52237445 2.4228327 10197915
-1.1146929 0.5223757 2.4228384 10197915
-1.1059477 0.52237451 2.422833 10197915
-1.0950226 0.52237606 2.4228399 10197915
-1.0840926 0.52237523 2.4228363 10197915
-1.0753503 0.52237546 2.422837 10197915
-1.0644218 0.52237535 2.422837 10197915
-1.0534956 0.52237642 2.4228418 10197915
-1.0447509 0.52237546 2.4228373 10197915
-1.0360059 0.52237427 2.4228318 10197915
-1.0250801 0.52237558 2.4228375 10197915
-1.0141523 0.52237582 2.4228392 10197915
-1.0054107 0.52237642 2.4228415 10197915
-0.99447918 0.52237481 2.4228342 10197915
-0.98355359 0.52237624 2.4228408 10197915
-0.97480822 0.52237481 2.4228342 10197915
-0.96606874 0.52237654 2.4228423 10197915
-0.95513797 0.52237529 2.4228361 10197915
-0.9442094 0.52237511 2.4228356 10197915
-0.93546784 0.52237576 2.4228387 10197915
-0.92454022 0.52237612 2.4228404 10197915
-0.91361082 0.52237558 2.4228377 10197915
-0.90486574 0.52237415 2.4228313 10197915
-0.89612669 0.5223763 2.4228411 10197915
-0.88519746 0.52237582 2.4228389 10197915
-0.87426966 0.52237612 2.4228401 10197915
-0.86552531 0.52237511 2.4228358 10197915
-0.85459787 0.52237564 2.4228382 10197915
-0.84366834 0.52237499 2.4228349 10197915
-0.83492839 0.52237666 2.4228427 10197915
-0.82618344 0.52237523 2.4228363 10197915
-0.81525522 0.52237535 2.4228365 10197915
-0.80432773 0.52237588 2.4228392 10197915
-0.79558527 0.52237606 2.4228399 10197915
-0.78465676 0.52237594 2.4228394 10197915
-0.77372652 0.52237469 2.4228337 10197915
-0.76498574 0.52237594 2.4228396 10197915
-0.75624168 0.52237499 2.4228351 10197915
-0.7453149 0.52237618 2.4228406 10197915
-0.73438585 0.52237564 2.4228382 10197915
-0.7256428 0.5223754 2.4228368 10197915
-0.71471483 0.52237564 2.4228384 10197915
-0.70378429 0.52237403 2.4228306 10197915
-0.69504392 0.52237582 2.4228387 10197915
-0.68629992 0.52237475 2.4228339 10197915
-0.6753729 0.52237582 2.4228389 10197915
-0.66444302 0.52237463 2.4228332 10197915
-0.65570104 0.52237511 2.4228358 10197915
-0.64477241 0.52237493 2.4228346 10197915
-0.63384604 0.52237654 2.4228423 10197915
-0.62510109 0.52237469 2.4228337 10197915
-0.61635828 0.52237451 2.422833 10197915
-0.60543108 0.52237558 2.422838 10197915
-0.59450281 0.52237558 2.4228377 10197915
-0.58576071 0.52237618 2.4228406 10197915
-0.57483041 0.52237439 2.4228325 10197915
-0.56390321 0.52237546 2.4228373 10197915
-0.55515951 0.52237451 2.4228327 10197915
-0.54641879 0.5223763 2.4228413 10197915
-0.53541213 0.52229953 2.4224849 7239552
-0.52415967 0.5219754 2.4209819 4476762
0.56556702 0.52189392 2.4206038 3356476
0.57461786 0.52218056 2.4219332 3356475
0.58575046 0.52236706 2.4227982 3684408
0.59449303 0.52236706 2.4227982 3684408
0.60542125 0.52236706 2.4227982 3684408
0.6163494 0.52236706 2.4227982 3684408
0.62509191 0.52236706 2.4227982 3684408
0.63383448 0.52236706 2.4227982 3684408
0.64476264 0.52236706 2.4227982 3684408
0.65569085 0.52236706 2.4227982 3684408
0.66443336 0.52236706 2.4227982 3684408
0.67536157 0.52236706 2.4227982 3684408
0.68628973 0.52236706 2.4227982 3684408
0.6950323 0.52236706 2.4227982 3684408
0.70377481 0.52236706 2.4227982 3684408
0.71470302 0.52236706 2.4227982 3684408
0.72563118 0.52236706 2.4227982 3684408
0.73437488 0.52236784 2.422802 3684408
0.74530309 0.52236784 2.422802 3684408
0.75623131 0.52236784 2.422802 3684408
0.76497388 0.52236784 2.422802 3684408
0.77371639 0.52236784 2.422802 3684408
0.7846446 0.52236784 2.422802 3684408
0.79557282 0.52236784 2.422802 3684408
0.80431539 0.52236784 2.422802 3684408
0.81524354 0.52236784 2.422802 3684408
0.82617176 0.52236784 2.422802 3684408
0.83491433 0.52236784 2.422802 3684408
0.8436569 0.52236784 2.422802 3684408
0.85458499 0.52236784 2.422802 3684408
0.86551327 0.52236784 2.422802 3684408
0.87425584 0.52236784 2.422802 3684408
0.88518405 0.52236784 2.422802 3684408
0.8961122 0.52236784 2.422802 3684408
0.90485477 0.52236784 2.422802 3684408
0.91359735 0.52236784 2.422802 3684408
0.92452556 0.52236784 2.422802 3684408
0.93545371 0.52236784 2.422802 3684408
0.94419628 0.52236784 2.422802 3684408
0.95512456 0.52236784 2.422802 3684408
0.96605271 0.52236784 2.422802 3684408
0.97479522 0.52236784 2.422802 3684408
0.98353779 0.52236784 2.422802 3684408
0.99446601 0.52236784 2.422802 3684408
1.0053942 0.52236784 2.422802 3684408
1.0141368 0.52236784 2.422802 3684408
1.0250649 0.52236784 2.422802 3684408
1.0359931 0.52236784 2.422802 3684408
1.0447357 0.52236784 2.422802 3684408
1.0534782 0.52236784 2.422802 3684408
1.0644065 0.52236784 2.422802 3684408
1.0753347 0.52236784 2.422802 3684408
1.0840771 0.52236784 2.422802 3684408
1.0950054 0.52236784 2.422802 3684408
1.1059337 0.52236784 2.422802 3684408
1.1146762 0.52236784 2.422802 3684408
1.1256045 0.52236784 2.422802 3684408
1.1365325 0.52236784 2.422802 3684408
1.1452751 0.52236784 2.422802 3684408
1.1540177 0.52236784 2.422802 3684408
1.164946 0.52236784 2.422802 3684408
1.175874 0.52236784 2.422802 3684408
1.1846166 0.52236784 2.422802 3684408
1.1955448 0.52236784 2.422802 3684408
1.2064731 0.52236784 2.422802 3684408
1.2152157 0.52236784 2.422802 3684408
1.2239583 0.52236784 2.422802 3684408
1.2348865 0.52236784 2.422802 3684408
1.2458146 0.52236784 2.422802 3684408
1.2545571 0.52236784 2.422802 3684408
1.2654853 0.52236784 2.422802 3684408
1.2764134 0.52236784 2.422802 3684408
1.285156 0.52236784 2.422802 3684408
1.2938986 0.52236784 2.422802 3684408
1.3048269 0.52236784 2.422802 3684408
1.3157551 0.52236784 2.422802 3684408
1.3244976 0.52236784 2.422802 3684408
1.3354257 0.52236784 2.422802 3684408
1.346354 0.52236784 2.422802 3684408
1.3550966 0.52236784 2.422802 3684408
1.3638391 0.52236784 2.422802 4408131
1.3747673 0.52236784 2.422802 9342606
1.3856955 0.52236784 2.422802 10197915
1.394438 0.52236784 2.422802 10197915
-0.49295902 0.50836366 2.4395061 4213075
-0.48388928 0.5080834 2.4381611 3488318
-0.47482949 0.50780344 2.4368176 3422525
-0.46577972 0.50752378 2.4354758 3422525
-0.45503908 0.5055989 2.436799 3422525
-0.44498891 0.5056076 2.4347241 3422525
-0.43471822 0.5049727 2.4337823 3422526
-0.42622483 0.50312066 2.4354324 3422526
-0.41495451 0.50277454 2.4337571 3488062
-0.40369868 0.50242895 2.4320838 3488062
-0.39470556 0.5021528 2.430747 3488062
0.43630502 0.50207967 2.430393 3356475
0.4453212 0.50235653 2.4317331 3356475
0.45660383 0.50270295 2.4334102 3356475
0.46564165 0.50298047 2.4347539 3356475
0.47505236 0.5043301 2.434211 3356475
0.48438868 0.50546634 2.4340439 3356475
0.49550098 0.50517172 2.4368596 3356475
0.5051862 0.50738239 2.4347973 3356475
0.514256 0.50766265 2.4361422 3356475
0.52333581 0.50794327 2.4374886 3356476
0.53470021 0.50829452 2.4391739 3356476
-1.4032803 0.51607335 2.4343495 10197915
-1.3944979 0.516074 2.4343529 10197915
-1.3835163 0.51607352 2.4343505 10197915
-1.3747289 0.51607233 2.4343448 10197915
-1.3659505 0.51607454 2.4343553 10197915
-1.3549676 0.51607352 2.4343507 10197915
-1.3439884 0.516074 2.4343526 10197915
-1.3352013 0.51607287 2.4343474 10197915
-1.3264184 0.51607341 2.4343498 10197915
-1.3154377 0.51607317 2.4343488 10197915
-1.3044617 0.5160749 2.4343569 10197915
-1.2956748 0.51607388 2.4343519 10197915
-1.2846928 0.51607317 2.4343488 10197915
-1.2737137 0.51607364 2.434351 10197915
-1.2649257 0.51607215 2.4343438 10197915
-1.2561429 0.51607269 2.4343464 10197915
-1.2451634 0.51607305 2.4343481 10197915
-1.2341869 0.51607466 2.4343555 10197915
-1.2253993 0.51607323 2.4343488 10197915
-1.2144181 0.51607275 2.4343469 10197915
-1.2034383 0.51607299 2.4343476 10197915
-1.1946552 0.51607347 2.4343503 10197915
-1.1858723 0.51607406 2.4343529 10197915
-1.174888 0.51607233 2.4343448 10197915
-1.1639113 0.51607394 2.4343524 10197915
-1.1551244 0.51607275 2.4343467 10197915
-1.1463432 0.51607406 2.4343531 10197915
-1.1353599 0.51607275 2.4343467 10197915
-1.1243807 0.51607323 2.4343488 10197915
-1.1155968 0.51607329 2.4343493 10197915
-1.1046181 0.516074 2.4343529 10197915
-1.093636 0.51607323 2.4343491 10197915
-1.0848502 0.51607245 2.4343452 10197915
-1.0760679 0.51607341 2.43435 10197915
-1.0650877 0.51607341 2.43435 10197915
-1.0541089 0.51607406 2.4343531 10197915
-1.0453223 0.51607299 2.4343479 10197915
-1.0365382 0.51607311 2.4343483 10197915
-1.0255584 0.51607323 2.4343493 10197915
-1.01458 0.51607418 2.4343536 10197915
-1.0057936 0.51607317 2.4343486 10197915
-0.99481291 0.51607293 2.4343474 10197915
-0.98383367 0.51607347 2.43435 10197915
-0.97505033 0.51607394 2.4343524 10197915
-0.96626556 0.51607364 2.434351 10197915
-0.95528358 0.51607275 2.4343467 10197915
-0.9443047 0.51607352 2.4343505 10197915
-0.93551934 0.51607287 2.4343474 10197915
-0.92454171 0.51607436 2.4343543 10197915
-0.91355932 0.51607323 2.4343488 10197915
-0.90477526 0.51607323 2.4343491 10197915
-0.89599192 0.51607376 2.4343514 10197915
-0.88501143 0.5160737 2.434351 10197915
-0.87403035 0.51607323 2.4343491 10197915
-0.86524451 0.51607221 2.4343443 10197915
-0.85646361 0.51607424 2.4343538 10197915
-0.84548259 0.51607382 2.4343517 10197915
-0.83450216 0.5160737 2.4343512 10197915
-0.82571697 0.51607311 2.4343483 10197915
-0.81473738 0.51607352 2.4343503 10197915
-0.80375624 0.51607299 2.4343476 10197915
-0.79497445 0.5160746 2.4343553 10197915
-0.78618932 0.51607394 2.4343524 10197915
-0.7752077 0.51607311 2.4343483 10197915
-0.76422787 0.51607335 2.4343498 10197915
-0.75544393 0.51607358 2.4343507 10197915
-0.7444641 0.51607388 2.4343522 10197915
-0.73348141 0.51607227 2.4343443 10197915
-0.72470009 0.5160743 2.4343538 10197915
-0.71591437 0.51607329 2.4343491 10197915
-0.70493364 0.51607293 2.4343479 10197915
-0.69395363 0.51607311 2.4343486 10197915
-0.68517011 0.51607364 2.434351 10197915
-0.6763854 0.51607335 2.4343495 10197915
-0.66540378 0.51607221 2.4343445 10197915
-0.65442574 0.516074 2.4343529 10197915
-0.64563972 0.51607257 2.4343457 10197915
-0.63466096 0.51607376 2.4343517 10197915
-0.62367904 0.51607245 2.4343452 10197915
-0.61489546 0.51607299 2.4343476 10197915
-0.60611135 0.51607305 2.4343481 10197915
-0.59513181 0.51607376 2.4343514 10197915
-0.58415109 0.51607335 2.4343495 10197915
-0.57536572 0.51607227 2.4343448 10197915
-0.56658286 0.51607352 2.4343505 10197915
-0.55560255 0.51607352 2.4343505 10197915
-0.54462266 0.51607382 2.4343519 10197915
-0.53418404 0.51439917 2.4368334 6451326
-0.52511287 0.5141269 2.4355433 4740193
-0.51500833 0.51412839 2.433471 4477018
-0.50533599 0.51192701 2.4355187 5069673
-0.49627423 0.51164526 2.4341784 4476762
-0.4849616 0.51129347 2.4325049 3488576
-0.47366345 0.51094222 2.4308333 3422525
0.51751709 0.51093817 2.4308145 3356476
0.5265789 0.51121998 2.4321551 3356476
0.53565049 0.51150209 2.4334972 3356476
0.54473233 0.51178449 2.4348407 3356476
0.55541134 0.51370019 2.4335217 3356476
0.56555498 0.51369959 2.4356012 3356476
0.57588673 0.51433861 2.4365478 3356476
0.58414459 0.51606756 2.4343224 3618872
0.59512472 0.51606756 2.4343224 3684408
0.60610491 0.51606756 2.4343224 3684408
0.61488903 0.51606756 2.4343224 3684408
0.6236732 0.51606756 2.4343224 3684408
0.63465333 0.51606756 2.4343224 3684408
0.64563346 0.51606756 2.4343224 3684408
0.65441763 0.51606756 2.4343224 3684408
0.66539782 0.51606756 2.4343224 3684408
0.67637789 0.51606756 2.4343224 3684408
0.68516207 0.51606756 2.4343224 3684408
0.69394618 0.51606756 2.4343224 3684408
0.70492631 0.51606756 2.4343224 3684408
0.7159065 0.51606756 2.4343224 3684408
0.72469068 0.51606756 2.4343224 3684408
0.73347473 0.51606756 2.4343224 3684408
0.74445575 0.51606816 2.434325 3684408
0.7554363 0.5160684 2.4343262 3684408
0.76422042 0.5160684 2.4343262 3684408
0.77520061 0.5160684 2.4343262 3684408
0.78618073 0.5160684 2.4343262 3684408
0.79496491 0.5160684 2.4343262 3684408
0.80374908 0.5160684 2.4343262 3684408
0.81472921 0.5160684 2.4343262 3684408
0.82570946 0.5160684 2.4343262 3684408
0.83449352 0.5160684 2.4343262 3684408
0.84547377 0.5160684 2.4343262 3684408
0.8564539 0.5160684 2.4343262 3684408
0.86523807 0.5160684 2.4343262 3684408
0.87402225 0.5160684 2.4343262 3684408
0.88500237 0.5160684 2.4343262 3684408
0.89598256 0.5160684 2.4343262 3684408
0.90476668 0.5160684 2.4343262 3684408
0.91355085 0.5160684 2.4343262 3684408
0.92453098 0.5160684 2.4343262 3684408
0.93551123 0.5160684 2.4343262 3684408
0.94429535 0.5160684 2.4343262 3684408
0.95527554 0.5160684 2.4343262 3684408
0.96625566 0.5160684 2.4343262 3684408
0.97503984 0.5160684 2.4343262 3684408
0.98382401 0.5160684 2.4343262 3684408
0.99480414 0.5160684 2.4343262 3684408
1.0057843 0.5160684 2.4343262 3684408
1.0145686 0.5160684 2.4343262 3684408
1.0255486 0.5160684 2.4343262 3684408
1.0365288 0.5160684 2.4343262 3684408
1.045313 0.5160684 2.4343262 3684408
1.0540972 0.5160684 2.4343262 3684408
1.0650773 0.5160684 2.4343262 3684408
1.0760574 0.5160684 2.4343262 3684408
1.0848417 0.5160684 2.4343262 3684408
1.0936258 0.5160684 2.4343262 3684408
1.1046059 0.5160684 2.4343262 3684408
1.115586 0.5160684 2.4343262 3684408
1.1243703 0.5160684 2.4343262 3684408
1.1353505 0.5160684 2.4343262 3684408
1.1463306 0.5160684 2.4343262 3684408
1.1551148 0.5160684 2.4343262 3684408
1.1638989 0.5160684 2.4343262 3684408
1.1748791 0.5160684 2.4343262 3684408
1.1858592 0.5160684 2.4343262 3684408
1.1946435 0.5160684 2.4343262 3684408
1.2034276 0.5160684 2.4343262 3684408
1.2144077 0.5160684 2.4343262 3684408
1.2253879 0.5160684 2.4343262 3684408
1.2341721 0.5160684 2.4343262 3684408
1.2451521 0.5160684 2.4343262 3684408
1.2561324 0.5160684 2.4343262 3684408
1.2649165 0.5160684 2.4343262 3684408
1.2737007 0.5160684 2.4343262 3684408
1.2846808 0.5160684 2.4343262 3684408
1.295661 0.5160684 2.4343262 3684408
1.3044453 0.5160684 2.4343262 3684408
1.3154254 0.5160684 2.4343262 3684408
1.3264055 0.5160684 2.4343262 3684408
1.3351897 0.5160684 2.4343262 3684408
1.3439739 0.5160684 2.4343262 3684408
1.3549541 0.5160684 2.4343262 3684408
1.3659341 0.5160684 2.4343262 5263440
1.3747184 0.5160684 2.4343262 9145227
1.3835025 0.5160684 2.4343262 10197915
1.3944826 0.5160684 2.4343262 10197915
1.4032668 0.5160684 2.4343262 10197915
-1.4055839 0.50971723 2.4460013 10197915
-1.3945527 0.50971782 2.4460044 10197915
-1.3857241 0.50971699 2.4460003 10197915
-1.3746916 0.50971717 2.4460011 10197915
-1.3636587 0.50971705 2.4460006 10197915
-1.3548357 0.5097183 2.4460068 10197915
-1.3460073 0.50971758 2.446003 10197915
-1.3349727 0.50971681 2.4459994 10197915
-1.3239419 0.50971764 2.4460034 10197915
-1.3151156 0.50971758 2.4460034 10197915
-1.3062894 0.50971764 2.4460034 10197915
-1.2952543 0.50971681 2.4459994 10197915
-1.2842242 0.50971782 2.4460044 10197915
-1.2753955 0.50971687 2.4459999 10197915
-1.2665675 0.50971615 2.4459963 10197915
-1.2555369 0.50971705 2.4460008 10197915
-1.2445041 0.50971711 2.4460008 10197915
-1.2356789 0.50971758 2.446003 10197915
-1.2246429 0.50971621 2.4459965 10197915
-1.2136126 0.50971735 2.4460018 10197915
-1.2047842 0.50971639 2.4459972 10197915
-1.1959628 0.50971842 2.4460073 10197915
-1.1849259 0.50971675 2.4459989 10197915
-1.1738927 0.50971657 2.4459982 10197915
-1.1650673 0.50971693 2.4460001 10197915
-1.1562419 0.50971735 2.446002 10197915
-1.145209 0.50971729 2.4460015 10197915
-1.1341729 0.50971586 2.4459949 10197915
-1.1253504 0.50971752 2.446003 10197915
-1.1165221 0.50971663 2.4459984 10197915
-1.1054918 0.50971776 2.4460039 10197915
-1.0944561 0.50971645 2.4459977 10197915
-1.0856314 0.50971723 2.4460013 10197915
-1.0745974 0.50971663 2.4459984 10197915
-1.0635678 0.50971818 2.4460058 10197915
-1.05474 0.5097174 2.4460022 10197915
-1.0459101 0.50971568 2.4459939 10197915
-1.0348808 0.50971735 2.4460022 10197915
-1.0238481 0.50971746 2.4460027 10197915
-1.0150226 0.50971788 2.4460044 10197915
-1.0061932 0.50971627 2.4459968 10197915
-0.99516231 0.50971729 2.4460018 10197915
-0.98412794 0.50971651 2.4459977 10197915
-0.97530448 0.50971794 2.4460049 10197915
-0.96647757 0.50971764 2.4460034 10197915
-0.95544261 0.50971651 2.445998 10197915
-0.9444114 0.50971735 2.446002 10197915
-0.93558502 0.50971735 2.446002 10197915
-0.92455244 0.50971746 2.4460025 10197915
-0.91351759 0.50971639 2.4459972 10197915
-0.90469402 0.50971782 2.4460044 10197915
-0.89586574 0.50971675 2.4459989 10197915
-0.884835 0.50971794 2.4460049 10197915
-0.87380028 0.50971687 2.4459996 10197915
-0.86497462 0.50971723 2.4460013 10197915
-0.85614836 0.50971717 2.4460011 10197915
-0.84511632 0.5097177 2.4460037 10197915
-0.83408296 0.50971735 2.446002 10197915
-0.82525539 0.50971657 2.4459982 10197915
-0.81643087 0.50971764 2.4460034 10197915
-0.80539769 0.5097174 2.4460022 10197915
-0.79436481 0.50971746 2.4460025 10197915
-0.78553796 0.50971705 2.4460006 10197915
-0.77450514 0.50971705 2.4460006 10197915
-0.76347196 0.50971681 2.4459994 10197915
-0.75464869 0.50971884 2.4460092 10197915
-0.74581993 0.50971711 2.4460011 10197915
-0.73478693 0.50971705 2.4460003 10197915
-0.72375441 0.50971729 2.4460015 10197915
-0.71492648 0.50971615 2.4459963 10197915
-0.70610076 0.50971651 2.445998 10197915
-0.69506794 0.50971651 2.445998 10197915
-0.68403733 0.50971818 2.4460058 10197915
-0.67520905 0.50971663 2.4459984 10197915
-0.66638178 0.50971586 2.4459949 10197915
-0.65535074 0.50971723 2.4460018 10197915
-0.64431775 0.50971711 2.4460008 10197915
-0.63549191 0.50971746 2.4460025 10197915
-0.62445736 0.50971609 2.445996 10197915
-0.61342645 0.50971764 2.4460034 10197915
-0.60459882 0.50971651 2.445998 10197915
-0.59577447 0.50971818 2.4460058 10197915
-0.58473986 0.50971657 2.4459984 10197915
-0.57370746 0.50971699 2.4460003 10197915
-0.56488121 0.50971699 2.4460001 10197915
-0.55605495 0.50971699 2.4460006 10197915
-0.54502255 0.5097174 2.4460022 10197915
-0.53389704 0.50962877 2.4455767 6516859
-0.52445406 0.50827032 2.4461288 4740192
-0.51507485 0.50712836 2.4462981 4872036
-0.50493115 0.50713575 2.4442062 4674656
-0.49604049 0.5063296 2.4438608 4476761
-0.48472512 0.50384802 2.4460852 3422525
-0.47534332 0.50270569 2.4462543 3422525
-0.46421307 0.50300586 2.4434247 3422525
-0.45445818 0.50078613 2.4454894 3422525
-0.44538751 0.50050938 2.4441381 3422526
-0.4363268 0.50023288 2.4427879 3422526
-0.42953753 0.50002575 2.4417763 3422526
0.47586375 0.50009727 2.4421256 3356475
0.48494461 0.50037432 2.4434786 3356475
0.49403551 0.50065172 2.4448333 3356475
0.50582254 0.50229269 2.4442444 3356475
0.51616758 0.50292951 2.4451978 3356475
0.5252822 0.50320852 2.4465542 3356476
0.53374434 0.50507182 2.4448771 3356476
0.54552197 0.50671166 2.444288 3356476
0.55588275 0.50735033 2.4452417 3356476
0.56501961 0.50763178 2.4465983 3356476
0.57345462 0.50949204 2.444921 3356476
0.58472902 0.50970721 2.4459534 3553081
0.59576356 0.50970882 2.445961 3684408
0.6045897 0.50970882 2.445961 3684408
0.61341584 0.50970882 2.445961 3684408
0.62444848 0.50970882 2.445961 3684408
0.63548112 0.50970882 2.445961 3684408
0.64430726 0.50970882 2.445961 3684408
0.6553399 0.50970882 2.445961 3684408
0.66637254 0.50970882 2.445961 3684408
0.67519867 0.50970882 2.445961 3684408
0.68402481 0.50970882 2.445961 3684408
0.69505745 0.50970882 2.445961 3684408
0.70609009 0.50970882 2.445961 3684408
0.71491623 0.50970882 2.445961 3684408
0.72374237 0.50970882 2.445961 3684408
0.73477501 0.50970882 2.445961 3684408
0.74580765 0.50970882 2.445961 3684408
0.75463438 0.50970924 2.4459629 3684408
0.76346111 0.5097096 2.4459648 3684408
0.77449375 0.5097096 2.4459648 3684408
0.78552651 0.5097096 2.4459648 3684408
0.79435265 0.5097096 2.4459648 3684408
0.80538529 0.5097096 2.4459648 3684408
0.81641793 0.5097096 2.4459648 3684408
0.82524407 0.5097096 2.4459648 3684408
0.83407021 0.5097096 2.4459648 3684408
0.84510285 0.5097096 2.4459648 3684408
0.85613561 0.5097096 2.4459648 3684408
0.86496174 0.5097096 2.4459648 3684408
0.87378788 0.5097096 2.4459648 3684408
0.88482052 0.5097096 2.4459648 3684408
0.89585328 0.5097096 2.4459648 3684408
0.90467942 0.5097096 2.4459648 3684408
0.91350555 0.5097096 2.4459648 3684408
0.9245382 0.5097096 2.4459648 3684408
0.93557084 0.5097096 2.4459648 3684408
0.94439697 0.5097096 2.4459648 3684408
0.95542961 0.5097096 2.4459648 3684408
0.96646237 0.5097096 2.4459648 3684408
0.97528851 0.5097096 2.4459648 3684408
0.98411465 0.5097096 2.4459648 3684408
0.99514729 0.5097096 2.4459648 3684408
1.00618 0.5097096 2.4459648 3684408
1.0150061 0.5097096 2.4459648 3684408
1.0238323 0.5097096 2.4459648 3684408
1.0348649 0.5097096 2.4459648 3684408
1.0458976 0.5097096 2.4459648 3684408
1.0547237 0.5097096 2.4459648 3684408
1.0635499 0.5097096 2.4459648 3684408
1.0745826 0.5097096 2.4459648 3684408
1.0856153 0.5097096 2.4459648 3684408
1.0944414 0.5097096 2.4459648 3684408
1.1054741 0.5097096 2.4459648 3684408
1.1165068 0.5097096 2.4459648 3684408
1.1253328 0.5097096 2.4459648 3684408
1.1341591 0.5097096 2.4459648 3684408
1.1451917 0.5097096 2.4459648 3684408
1.1562244 0.5097096 2.4459648 3684408
1.1650505 0.5097096 2.4459648 3684408
1.1738766 0.5097096 2.4459648 3684408
1.1849093 0.5097096 2.4459648 3684408
1.1959419 0.5097096 2.4459648 3684408
1.2047682 0.5097096 2.4459648 3684408
1.2135942 0.5097096 2.4459648 3684408
1.224627 0.5097096 2.4459648 3684408
1.2356596 0.5097096 2.4459648 3684408
1.2444859 0.5097096 2.4459648 3684408
1.2555184 0.5097096 2.4459648 3684408
1.2665511 0.5097096 2.4459648 3684408
1.2753773 0.5097096 2.4459648 3684408
1.2842034 0.5097096 2.4459648 3684408
1.2952361 0.5097096 2.4459648 3684408
1.3062687 0.5097096 2.4459648 3684408
1.3150949 0.5097096 2.4459648 3684408
1.323921 0.5097096 2.4459648 3684408
1.3349538 0.5097096 2.4459648 3684408
1.3459864 0.5097096 2.4459648 3684408
1.3548125 0.5097096 2.4459648 3684408
1.3636386 0.5097096 2.4459648 5658198
1.3746713 0.5097096 2.4459648 9934743
1.385704 0.5097096 2.4459648 10197915
1.3945302 0.5097096 2.4459648 10197915
1.4055629 0.5097096 2.4459648 10197915
-1.4044247 0.51290119 2.4401536 10197915
-1.3956248 0.51290309 2.4401627 10197915
-1.3846153 0.51290202 2.4401577 10197915
-1.3736084 0.51290178 2.4401565 10197915
-1.3648047 0.51290238 2.4401593 10197915
-1.355999 0.51290226 2.4401586 10197915
-1.3449936 0.51290268 2.4401605 10197915
-1.3339825 0.51290083 2.4401522 10197915
-1.3251824 0.51290286 2.4401612 10197915
-1.3163733 0.51290137 2.4401543 10197915
-1.3053709 0.51290298 2.4401619 10197915
-1.2943604 0.51290131 2.4401541 10197915
-1.2855567 0.5129019 2.4401569 10197915
-1.2745503 0.51290196 2.4401572 10197915
-1.2635404 0.51290053 2.4401505 10197915
-1.25474 0.5129025 2.4401598 10197915
-1.2459313 0.51290107 2.4401529 10197915
-1.2349287 0.51290268 2.4401605 10197915
-1.2239182 0.51290101 2.4401526 10197915
-1.2151135 0.51290119 2.4401536 10197915
-1.206309 0.51290143 2.4401548 10197915
-1.1953036 0.5129019 2.4401569 10197915
-1.1842959 0.51290143 2.4401546 10197915
-1.1754892 0.51290071 2.4401512 10197915
-1.1644856 0.51290202 2.4401577 10197915
-1.1534786 0.51290178 2.4401565 10197915
-1.144675 0.5129025 2.4401598 10197915
-1.1358669 0.51290107 2.4401531 10197915
-1.1248614 0.5129016 2.4401555 10197915
-1.1138535 0.51290083 2.4401522 10197915
-1.1050525 0.5129028 2.4401612 10197915
-1.0962445 0.51290154 2.440155 10197915
-1.0852371 0.51290107 2.4401531 10197915
-1.0742311 0.51290143 2.4401546 10197915
-1.0654273 0.51290202 2.4401574 10197915
-1.0544208 0.51290208 2.4401577 10197915
-1.0434115 0.51290053 2.4401505 10197915
-1.0346102 0.5129025 2.4401598 10197915
-1.0258032 0.5129016 2.4401555 10197915
-1.0147988 0.51290262 2.4401605 10197915
-1.0037906 0.51290178 2.4401565 10197915
-0.99498427 0.51290119 2.4401536 10197915
-0.98618048 0.5129019 2.4401569 10197915
-0.97517508 0.51290244 2.4401598 10197915
-0.96416652 0.51290143 2.4401546 10197915
-0.95536017 0.51290071 2.4401512 10197915
-0.94655776 0.51290226 2.4401584 10197915
-0.93555045 0.51290178 2.4401562 10197915
-0.92454529 0.5129025 2.4401598 10197915
-0.91573846 0.5129016 2.4401555 10197915
-0.90473247 0.5129019 2.4401567 10197915
-0.89372593 0.51290178 2.4401565 10197915
-0.88492239 0.51290274 2.4401612 10197915
-0.87611639 0.51290238 2.4401588 10197915
-0.86510897 0.51290172 2.4401562 10197915
-0.85410321 0.51290214 2.4401584 10197915
-0.84529841 0.51290238 2.4401593 10197915
-0.83649355 0.51290262 2.4401603 10197915
-0.82548493 0.51290131 2.4401541 10197915
-0.8144803 0.5129025 2.4401598 10197915
-0.80567372 0.51290154 2.4401555 10197915
-0.79466891 0.51290268 2.4401605 10197915
-0.78366113 0.51290178 2.4401565 10197915
-0.77485573 0.51290166 2.440156 10197915
-0.76605153 0.51290232 2.4401588 10197915
-0.75504583 0.5129028 2.4401615 10197915
-0.74403834 0.51290214 2.4401581 10197915
-0.73523128 0.51290083 2.4401522 10197915
-0.72642863 0.51290262 2.4401603 10197915
-0.71542025 0.51290131 2.4401541 10197915
-0.70441389 0.51290131 2.4401543 10197915
-0.69560903 0.5129016 2.4401555 10197915
-0.68460292 0.51290184 2.4401567 10197915
-0.67359638 0.51290178 2.4401565 10197915
-0.66478956 0.51290053 2.4401505 10197915
-0.65598661 0.51290226 2.4401588 10197915
-0.64497942 0.51290172 2.440156 10197915
-0.63397348 0.51290214 2.4401579 10197915
-0.62516671 0.51290083 2.4401522 10197915
-0.61636186 0.51290107 2.4401531 10197915
-0.60535556 0.51290125 2.4401541 10197915
-0.5943507 0.51290262 2.4401603 10197915
-0.58554429 0.51290154 2.4401555 10197915
-0.57453734 0.51290113 2.4401534 10197915
-0.56353158 0.51290178 2.4401565 10197915
-0.55472636 0.51290178 2.4401562 10197915
-0.54592186 0.51290238 2.4401593 10197915
-0.53931683 0.51290131 2.4401541 10197915
0.58553874 0.51289666 2.4401321 3684408
0.59434378 0.51289666 2.4401321 3684408
0.6053502 0.51289666 2.4401321 3684408
0.61635649 0.51289666 2.4401321 3684408
0.62516165 0.51289666 2.4401321 3684408
0.63396668 0.51289666 2.4401321 3684408
0.6449731 0.51289666 2.4401321 3684408
0.65597945 0.51289666 2.4401321 3684408
0.66478455 0.51289666 2.4401321 3684408
0.67358965 0.51289666 2.4401321 3684408
0.68459606 0.51289666 2.4401321 3684408
0.69560236 0.51289666 2.4401321 3684408
0.70440745 0.51289666 2.4401321 3684408
0.71541381 0.51289666 2.4401321 3684408
0.72642016 0.51289666 2.4401321 3684408
0.73522532 0.51289666 2.4401321 3684408
0.74403036 0.51289666 2.4401321 3684408
0.75503796 0.51289749 2.440136 3684408
0.76604432 0.51289749 2.440136 3684408
0.77484941 0.51289749 2.440136 3684408
0.78365457 0.51289749 2.440136 3684408
0.79466087 0.51289749 2.440136 3684408
0.80566728 0.51289749 2.440136 3684408
0.81447244 0.51289749 2.440136 3684408
0.82547879 0.51289749 2.440136 3684408
0.83648515 0.51289749 2.440136 3684408
0.8452903 0.51289749 2.440136 3684408
0.8540954 0.51289749 2.440136 3684408
0.86510175 0.51289749 2.440136 3684408
0.87610817 0.51289749 2.440136 3684408
0.88491327 0.51289749 2.440136 3684408
0.89371836 0.51289749 2.440136 3684408
0.90472478 0.51289749 2.440136 3684408
0.91573113 0.51289749 2.440136 3684408
0.92453623 0.51289749 2.440136 3684408
0.93554258 0.51289749 2.440136 3684408
0.94654906 0.51289749 2.440136 3684408
0.95535409 0.51289749 2.440136 3684408
0.96415925 0.51289749 2.440136 3684408
0.97516561 0.51289749 2.440136 3684408
0.98617196 0.51289749 2.440136 3684408
0.99497712 0.51289749 2.440136 3684408
1.0037823 0.51289749 2.440136 3684408
1.0147886 0.51289749 2.440136 3684408
1.025795 0.51289749 2.440136 3684408
1.0346 0.51289749 2.440136 3684408
1.0434052 0.51289749 2.440136 3684408
1.0544115 0.51289749 2.440136 3684408
1.065418 0.51289749 2.440136 3684408
1.074223 0.51289749 2.440136 3684408
1.0852294 0.51289749 2.440136 3684408
1.0962358 0.51289749 2.440136 3684408
1.105041 0.51289749 2.440136 3684408
1.1138461 0.51289749 2.440136 3684408
1.1248523 0.51289749 2.440136 3684408
1.1358588 0.51289749 2.440136 3684408
1.1446639 0.51289749 2.440136 3684408
1.1534691 0.51289749 2.440136 3684408
1.1644754 0.51289749 2.440136 3684408
1.1754818 0.51289749 2.440136 3684408
1.1842868 0.51289749 2.440136 3684408
1.1952933 0.51289749 2.440136 3684408
1.2062997 0.51289749 2.440136 3684408
1.2151048 0.51289749 2.440136 3684408
1.2239099 0.51289749 2.440136 3684408
1.2349162 0.51289749 2.440136 3684408
1.2459226 0.51289749 2.440136 3684408
1.2547278 0.51289749 2.440136 3684408
1.2635329 0.51289749 2.440136 3684408
1.2745394 0.51289749 2.440136 3684408
1.2855456 0.51289749 2.440136 3684408
1.2943507 0.51289749 2.440136 3684408
1.3053571 0.51289749 2.440136 3684408
1.3163636 0.51289749 2.440136 3684408
1.3251686 0.51289749 2.440136 3684408
1.3339736 0.51289749 2.440136 3684408
1.3449802 0.51289749 2.440136 3684408
1.3559865 0.51289749 2.440136 3750201
1.3647916 0.51289749 2.440136 5789784
1.3735967 0.51289749 2.440136 9474192
1.384603 0.51289749 2.440136 10197915
1.3956094 0.51289749 2.440136 10197915
1.4044147 0.51289749 2.440136 10197915
-1.4141588 0.50436908 2.4557855 10197915
-1.4049925 0.50522846 2.4542212 10197915
-1.3941462 0.50458395 2.4553945 10197915
-1.3840654 0.50490534 2.4548039 10197915
-1.3752095 0.50490612 2.4548075 10197915
-1.3651388 0.50522774 2.4542179 10197915
-1.3542776 0.50458491 2.455399 10197915
-1.3442042 0.5049054 2.4548039 10197915
-1.3353481 0.50490618 2.4548075 10197915
-1.325286 0.50522721 2.4542155 10197915
-1.3144076 0.50458509 2.4554 10197915
-1.3043443 0.50490582 2.4548061 10197915
-1.2954854 0.50490546 2.4548044 10197915
-1.2854364 0.50522804 2.4542193 10197915
-1.2745312 0.504583 2.4553897 10197915
-1.2644825 0.50490564 2.4548054 10197915
-1.2556238 0.50490534 2.4548035 10197915
-1.2455846 0.50522804 2.4542191 10197915
-1.2346628 0.50458384 2.455394 10197915
-1.2246199 0.50490499 2.454802 10197915
-1.2157636 0.5049057 2.4548059 10197915
-1.2057313 0.50522727 2.4542155 10197915
-1.1947925 0.50458413 2.4553952 10197915
-1.1847584 0.50490487 2.4548013 10197915
-1.1747363 0.50522757 2.4542172 10197915
-1.1648312 0.50490516 2.4548028 10197915
-1.1549231 0.50458467 2.4553981 10197915
-1.1448982 0.50490522 2.4548035 10197915
-1.1348834 0.50522703 2.4542146 10197915
-1.1249714 0.50490582 2.4548059 10197915
-1.1150515 0.50458425 2.4553959 10197915
-1.1050384 0.50490582 2.4548061 10197915
-1.0950301 0.50522625 2.4542103 10197915
-1.0851111 0.5049063 2.4548082 10197915
-1.0751798 0.50458384 2.455394 10197915
-1.0651784 0.50490642 2.454809 10197915
-1.0551802 0.50522697 2.4542143 10197915
-1.0452479 0.50490522 2.454803 10197915
-1.0353088 0.50458384 2.455394 10197915
-1.0253167 0.50490618 2.4548082 10197915
-1.0153301 0.50522774 2.4542179 10197915
-1.0053854 0.50490463 2.4548001 10197915
-0.99543893 0.50458419 2.4553957 10197915
-0.98545438 0.5049057 2.4548054 10197915
-0.97547895 0.50522792 2.4542191 10197915
-0.96442664 0.50458324 2.4553914 10197915
-0.95445168 0.50490588 2.4548066 10197915
-0.94448173 0.50522721 2.4542153 10197915
-0.93452543 0.50490683 2.4548111 10197915
-0.92455709 0.50458395 2.4553945 10197915
-0.91458917 0.50490516 2.454803 10197915
-0.90463102 0.50522774 2.4542181 10197915
-0.8946622 0.5049057 2.4548054 10197915
-0.88468713 0.50458431 2.4553964 10197915
-0.87472773 0.50490499 2.454802 10197915
-0.86477983 0.50522798 2.4542193 10197915
-0.8548004 0.50490534 2.4548039 10197915
-0.84481728 0.50458491 2.455399 10197915
-0.83486748 0.50490558 2.4548049 10197915
-0.82492667 0.50522709 2.4542146 10197915
-0.81494051 0.50490612 2.4548075 10197915
-0.80494583 0.50458461 2.4553974 10197915
-0.79500687 0.50490588 2.4548063 10197915
-0.78507435 0.50522661 2.4542124 10197915
-0.77507955 0.5049063 2.4548082 10197915
-0.76507437 0.50458413 2.4553955 10197915
-0.75514692 0.50490677 2.4548106 10197915
-0.74522388 0.50522733 2.4542158 10197915
-0.73521745 0.5049057 2.4548054 10197915
-0.72520328 0.5045839 2.4553943 10197915
-0.71422702 0.50522649 2.4542117 10197915
-0.70421463 0.50490594 2.4548068 10197915
-0.69535518 0.50490499 2.454802 10197915
-0.68533373 0.50458473 2.4553986 10197915
-0.67437583 0.50522673 2.4542129 10197915
-0.66435218 0.50490499 2.454802 10197915
-0.65549457 0.50490534 2.4548037 10197915
-0.6454621 0.50458413 2.4553952 10197915
-0.63452512 0.50522745 2.4542165 10197915
-0.62449038 0.50490451 2.4547997 10197915
-0.61563414 0.50490588 2.4548063 10197915
-0.60559058 0.50458354 2.4553924 10197915
-0.59467411 0.50522792 2.4542191 10197915
-0.58463019 0.50490522 2.454803 10197915
-0.57577229 0.50490534 2.4548039 10197915
-0.5657202 0.50458372 2.4553936 10197915
-0.55482221 0.5052278 2.4542181 10197915
-0.54476917 0.50490534 2.4548039 10197915
-0.53586006 0.504857 2.4545689 7240068
-0.52591485 0.50377047 2.4546652 5069930
-0.51366329 0.50259268 2.4543114 4872036
-0.50452703 0.50231385 2.45295 4410968
-0.49540085 0.50203538 2.4515901 4344918
-0.48856261 0.50182676 2.4505713 3422525
0.53506958 0.50190383 2.4509478 3356476
0.54421616 0.50218296 2.4523106 3356476
0.55337292 0.50246233 2.4536748 3356732
0.5648337 0.50281209 2.4553826 3356476
0.57559395 0.50474858 2.4540422 3356476
0.58462524 0.50490093 2.4547825 3618872
0.59466726 0.50522214 2.4541907 3684408
0.60558611 0.50457972 2.4553742 3684408
0.61562812 0.50490093 2.4547825 3684408
0.62448609 0.50490093 2.4547825 3684408
0.63451844 0.50522214 2.4541907 3684408
0.64545649 0.50457972 2.4553742 3684408
0.65548891 0.50490093 2.4547825 3684408
0.66434687 0.50490093 2.4547825 3684408
0.67436969 0.50522214 2.4541907 3684408
0.68532693 0.50457972 2.4553742 3684408
0.69534981 0.50490093 2.4547825 3684408
0.70536506 0.50522214 2.4541907 3684408
0.71527749 0.50490093 2.4547825 3684408
0.72519732 0.50457972 2.4553742 3684408
0.73521054 0.50490093 2.4547825 3684408
0.74521625 0.5052222 2.4541907 3684408
0.75513828 0.50490093 2.4547825 3684408
0.76506847 0.5045802 2.4553764 3684408
0.77507252 0.50490177 2.4547863 3684408
0.78506869 0.50522298 2.4541945 3684408
0.79500031 0.50490177 2.4547863 3684408
0.80493945 0.50458056 2.4553781 3684408
0.81493342 0.50490177 2.4547863 3684408
0.82491988 0.50522292 2.4541945 3684408
0.83486122 0.50490177 2.4547863 3684408
0.84480989 0.5045805 2.4553781 3684408
0.85479426 0.50490171 2.4547863 3684408
0.86477119 0.50522292 2.4541945 3684408
0.87472206 0.50490171 2.4547863 3684408
0.88468045 0.5045805 2.4553781 3684408
0.89465523 0.50490177 2.4547863 3684408
0.90462244 0.50522298 2.4541945 3684408
0.91458297 0.50490177 2.4547863 3684408
0.92455089 0.5045805 2.4553781 3684408
0.93451607 0.50490171 2.4547863 3684408
0.94447374 0.50522292 2.4541945 3684408
0.95444381 0.50490177 2.4547863 3684408
0.96442139 0.50458062 2.4553781 3684408
0.97546923 0.50522298 2.4541945 3684408
0.98544669 0.50490177 2.4547863 3684408
0.99543178 0.50458062 2.4553781 3684408
1.0053799 0.50490177 2.4547863 3684408
1.0153205 0.50522298 2.4541945 3684408
1.0253077 0.50490177 2.4547863 3684408
1.0353022 0.50458062 2.4553781 3684408
1.0452406 0.50490171 2.4547863 3684408
1.0551717 0.50522292 2.4541945 3684408
1.0651685 0.50490177 2.4547863 3684408
1.0751727 0.5045805 2.4553781 3684408
1.0851016 0.50490177 2.4547863 3684408
1.0950229 0.50522298 2.4541945 3684408
1.1050293 0.50490177 2.4547863 3684408
1.1150433 0.5045805 2.4553781 3684408
1.1249626 0.50490177 2.4547863 3684408
1.1348742 0.50522298 2.4541945 3684408
1.1448903 0.50490177 2.4547863 3684408
1.1549137 0.50458062 2.4553781 3684408
1.1648234 0.50490177 2.4547863 3684408
1.1747255 0.50522292 2.4541945 3684408
1.184751 0.50490171 2.4547863 3684408
1.1947842 0.5045805 2.4553781 3684408
1.205721 0.50522292 2.4541945 3684408
1.215754 0.50490171 2.4547863 3684408
1.224612 0.50490171 2.4547863 3684408
1.2346547 0.50458062 2.4553781 3684408
1.2455721 0.50522298 2.4541945 3684408
1.2556149 0.50490177 2.4547863 3684408
1.264473 0.50490177 2.4547863 3684408
1.274525 0.50458056 2.4553781 3684408
1.2854235 0.50522292 2.4541945 3684408
1.2954757 0.50490177 2.4547863 3684408
1.3043337 0.50490171 2.4547863 3684408
1.3143957 0.50458056 2.4553781 3684408
1.3252748 0.50522292 2.4541945 3684408
1.3353366 0.50490171 2.4547863 3684408
1.3441945 0.50490177 2.4547863 3684408
1.354266 0.50458062 2.4553781 3684408
1.365126 0.50522292 2.4541945 6052956
1.3751974 0.50490177 2.4547863 10000536
1.3840554 0.50490177 2.4547863 10197915
1.3941367 0.50458056 2.4553781 10197915
1.4049773 0.50522298 2.4541945 10197915
1.4141513 0.5043664 2.4557724 10197915
-1.4201798 0.50006336 2.4636662 10197915
-1.4135139 0.5000639 2.4636688 10197915
-1.4046247 0.50006413 2.4636703 10197915
-1.3957319 0.50006318 2.4636655 10197915
-1.3846205 0.5000636 2.4636676 10197915
-1.3735068 0.50006312 2.4636652 10197915
-1.3646207 0.50006461 2.4636726 10197915
-1.3557284 0.50006378 2.4636683 10197915
-1.344614 0.500063 2.4636648 10197915
-1.3335031 0.50006366 2.4636679 10197915
-1.3246137 0.5000639 2.4636688 10197915
-1.3157246 0.50006425 2.4636707 10197915
-1.3046083 0.50006282 2.4636633 10197915
-1.2934995 0.50006425 2.4636707 10197915
-1.2846059 0.50006282 2.4636636 10197915
-1.2757146 0.50006235 2.4636614 10197915
-1.2646052 0.5000636 2.4636672 10197915
-1.2534926 0.50006354 2.4636674 10197915
-1.2446034 0.5000639 2.4636688 10197915
-1.235711 0.50006288 2.4636641 10197915
-1.2245988 0.500063 2.4636648 10197915
-1.2134858 0.50006282 2.4636638 10197915
-1.2045994 0.50006431 2.463671 10197915
-1.1957073 0.50006342 2.4636667 10197915
-1.1845931 0.5000627 2.4636631 10197915
-1.1734821 0.50006336 2.4636664 10197915
-1.1645917 0.50006318 2.4636655 10197915
-1.1557032 0.5000639 2.4636688 10197915
-1.1445874 0.50006247 2.4636619 10197915
-1.1334782 0.5000639 2.4636691 10197915
-1.124585 0.50006247 2.4636621 10197915
-1.1156992 0.50006437 2.4636712 10197915
-1.1045836 0.500063 2.4636643 10197915
-1.0934707 0.50006282 2.4636636 10197915
-1.0845814 0.50006312 2.463665 10197915
-1.0756919 0.50006336 2.4636664 10197915
-1.0645796 0.50006348 2.4636672 10197915
-1.0534642 0.50006211 2.4636602 10197915
-1.0445774 0.5000636 2.4636674 10197915
-1.0356863 0.50006312 2.4636652 10197915
-1.0245754 0.50006396 2.4636691 10197915
-1.0134611 0.50006306 2.463665 10197915
-1.0045717 0.5000633 2.463666 10197915
-0.99568212 0.50006354 2.4636674 10197915
-0.98457032 0.50006396 2.4636691 10197915
-0.9734571 0.5000636 2.4636674 10197915
-0.96456444 0.50006223 2.4636607 10197915
-0.95567799 0.50006402 2.4636698 10197915
-0.94456482 0.50006372 2.4636681 10197915
-0.93345296 0.50006402 2.4636698 10197915
-0.92456061 0.50006282 2.4636636 10197915
-0.91567171 0.50006342 2.4636667 10197915
-0.90455872 0.50006318 2.4636655 10197915
-0.89344859 0.50006449 2.4636722 10197915
-0.88455707 0.50006366 2.4636679 10197915
-0.87566489 0.50006247 2.4636617 10197915
-0.86455446 0.50006366 2.4636676 10197915
-0.85344243 0.5000639 2.4636691 10197915
-0.84455216 0.50006378 2.4636683 10197915
-0.8356607 0.50006288 2.4636641 10197915
-0.82454938 0.5000636 2.4636676 10197915
-0.81343567 0.50006294 2.4636641 10197915
-0.80454838 0.50006461 2.4636724 10197915
-0.79565638 0.50006336 2.4636664 10197915
-0.78454304 0.50006288 2.4636641 10197915
-0.77343202 0.50006378 2.4636683 10197915
-0.76454234 0.50006402 2.4636698 10197915
-0.75565267 0.50006425 2.4636707 10197915
-0.74453801 0.50006288 2.4636638 10197915
-0.73342752 0.50006419 2.4636705 10197915
-0.7245357 0.50006294 2.4636645 10197915
-0.71564442 0.50006211 2.4636602 10197915
-0.70453405 0.50006366 2.4636676 10197915
-0.69342095 0.50006318 2.4636655 10197915
-0.68453181 0.50006378 2.4636686 10197915
-0.67564011 0.50006258 2.4636626 10197915
-0.66452789 0.50006282 2.4636636 10197915
-0.65341508 0.50006258 2.4636626 10197915
-0.64452732 0.50006425 2.4636707 10197915
-0.63563567 0.50006306 2.4636648 10197915
-0.62452292 0.50006282 2.4636638 10197915
-0.61341071 0.50006306 2.4636648 10197915
-0.60452104 0.50006336 2.4636664 10197915
-0.59563124 0.50006354 2.4636674 10197915
-0.58451724 0.50006229 2.4636612 10197915
-0.57340616 0.50006354 2.4636669 10197915
-0.56451517 0.5000627 2.4636629 10197915
-0.55562675 0.50006413 2.46367 10197915
-0.54451305 0.500063 2.4636648 10197915
-0.5355863 0.50002867 2.4634955 7307152
0.58450937 0.50005549 2.4636276 3553081
0.59562886 0.50006151 2.4636574 3684408
0.60451883 0.50006151 2.4636574 3684408
0.6134088 0.50006151 2.4636574 3684408
0.62452132 0.50006151 2.4636574 3684408
0.63563383 0.50006151 2.4636574 3684408
0.64452374 0.50006151 2.4636574 3684408
0.65341377 0.50006151 2.4636574 3684408
0.66452622 0.50006151 2.4636574 3684408
0.67563868 0.50006151 2.4636574 3684408
0.68452871 0.50006151 2.4636574 3684408
0.69341868 0.50006151 2.4636574 3684408
0.70453119 0.50006151 2.4636574 3684408
0.71564364 0.50006151 2.4636574 3684408
0.72453362 0.50006151 2.4636574 3684408
0.73342359 0.50006151 2.4636574 3684408
0.7445361 0.50006151 2.4636574 3684408
0.75564855 0.50006151 2.4636574 3684408
0.76453853 0.50006151 2.4636574 3684408
0.77342856 0.50006151 2.4636574 3684408
0.78454214 0.50006229 2.4636612 3684408
0.79565471 0.50006229 2.4636612 3684408
0.80454469 0.50006229 2.4636612 3684408
0.81343472 0.50006229 2.4636612 3684408
0.82454723 0.50006229 2.4636612 3684408
0.83565974 0.50006229 2.4636612 3684408
0.84454966 0.50006229 2.4636612 3684408
0.85343969 0.50006229 2.4636612 3684408
0.8645522 0.50006229 2.4636612 3684408
0.87566471 0.50006229 2.4636612 3684408
0.88455462 0.50006229 2.4636612 3684408
0.89344466 0.50006229 2.4636612 3684408
0.90455717 0.50006229 2.4636612 3684408
0.91566968 0.50006229 2.4636612 3684408
0.92455965 0.50006229 2.4636612 3684408
0.93344963 0.50006229 2.4636612 3684408
0.94456214 0.50006229 2.4636612 3684408
0.95567465 0.50006229 2.4636612 3684408
0.96456468 0.50006229 2.4636612 3684408
0.97345459 0.50006229 2.4636612 3684408
0.98456717 0.50006229 2.4636612 3684408
0.99567962 0.50006229 2.4636612 3684408
1.0045696 0.50006229 2.4636612 3684408
1.0134597 0.50006229 2.4636612 3684408
1.024572 0.50006229 2.4636612 3684408
1.0356846 0.50006229 2.4636612 3684408
1.0445746 0.50006229 2.4636612 3684408
1.0534647 0.50006229 2.4636612 3684408
1.0645771 0.50006229 2.4636612 3684408
1.0756896 0.50006229 2.4636612 3684408
1.0845796 0.50006229 2.4636612 3684408
1.0934696 0.50006229 2.4636612 3684408
1.1045822 0.50006229 2.4636612 3684408
1.1156945 0.50006229 2.4636612 3684408
1.1245847 0.50006229 2.4636612 3684408
1.1334746 0.50006229 2.4636612 3684408
1.144587 0.50006229 2.4636612 3684408
1.1556995 0.50006229 2.4636612 3684408
1.1645896 0.50006229 2.4636612 3684408
1.1734796 0.50006229 2.4636612 3684408
1.184592 0.50006229 2.4636612 3684408
1.1957046 0.50006229 2.4636612 3684408
1.2045946 0.50006229 2.4636612 3684408
1.2134845 0.50006229 2.4636612 3684408
1.2245971 0.50006229 2.4636612 3684408
1.2357095 0.50006229 2.4636612 3684408
1.2445996 0.50006229 2.4636612 3684408
1.2534895 0.50006229 2.4636612 3684408
1.2646021 0.50006229 2.4636612 3684408
1.2757145 0.50006229 2.4636612 3684408
1.2846045 0.50006229 2.4636612 3684408
1.2934945 0.50006229 2.4636612 3684408
1.304607 0.50006229 2.4636612 3684408
1.3157196 0.50006229 2.4636612 3684408
1.3246095 0.50006229 2.4636612 3684408
1.3334994 0.50006229 2.4636612 3684408
1.3446121 0.50006229 2.4636612 3684408
1.3557246 0.50006229 2.4636612 3684408
1.3646145 0.50006229 2.4636612 4934475
1.3735044 0.50006229 2.4636612 9276813
1.384617 0.50006229 2.4636612 10197915
1.3957295 0.50006229 2.4636612 10197915
1.4046195 0.50006229 2.4636612 10197915
1.4135095 0.50006229 2.4636612 10197915
1.420177 0.50006229 2.4636612 10197915
